[2026-02-19 15:44:43] laravel.EMERGENCY: Unable to create configured logger. Using emergency logger. {"exception":"[object] (InvalidArgumentException(code: 0): Log [] is not defined. at /home/user-1/Desktop/My Buuild /gmoproperties/vendor/laravel/framework/src/Illuminate/Log/LogManager.php:212)
[stacktrace]
#0 /home/user-1/Desktop/My Buuild /gmoproperties/vendor/laravel/framework/src/Illuminate/Log/LogManager.php(137): Illuminate\\Log\\LogManager->resolve()
#1 /home/user-1/Desktop/My Buuild /gmoproperties/vendor/laravel/framework/src/Illuminate/Log/LogManager.php(124): Illuminate\\Log\\LogManager->get()
#2 /home/user-1/Desktop/My Buuild /gmoproperties/vendor/laravel/framework/src/Illuminate/Log/LogManager.php(681): Illuminate\\Log\\LogManager->driver()
#3 /home/user-1/Desktop/My Buuild /gmoproperties/vendor/laravel/framework/src/Illuminate/Foundation/Exceptions/Handler.php(317): Illuminate\\Log\\LogManager->error()
#4 /home/user-1/Desktop/My Buuild /gmoproperties/vendor/laravel/framework/src/Illuminate/Foundation/Exceptions/Handler.php(278): Illuminate\\Foundation\\Exceptions\\Handler->reportThrowable()
#5 /home/user-1/Desktop/My Buuild /gmoproperties/vendor/laravel/framework/src/Illuminate/Foundation/Console/Kernel.php(523): Illuminate\\Foundation\\Exceptions\\Handler->report()
#6 /home/user-1/Desktop/My Buuild /gmoproperties/vendor/laravel/framework/src/Illuminate/Foundation/Console/Kernel.php(203): Illuminate\\Foundation\\Console\\Kernel->reportException()
#7 /home/user-1/Desktop/My Buuild /gmoproperties/artisan(26): Illuminate\\Foundation\\Console\\Kernel->handle()
#8 {main}
"} 
[2026-02-19 15:44:43] laravel.ERROR: Unable to load the "app" configuration file. {"exception":"[object] (Exception(code: 0): Unable to load the \"app\" configuration file. at /home/user-1/Desktop/My Buuild /gmoproperties/vendor/laravel/framework/src/Illuminate/Foundation/Bootstrap/LoadConfiguration.php:66)
[stacktrace]
#0 /home/user-1/Desktop/My Buuild /gmoproperties/vendor/laravel/framework/src/Illuminate/Foundation/Bootstrap/LoadConfiguration.php(39): Illuminate\\Foundation\\Bootstrap\\LoadConfiguration->loadConfigurationFiles()
#1 /home/user-1/Desktop/My Buuild /gmoproperties/vendor/laravel/framework/src/Illuminate/Foundation/Application.php(286): Illuminate\\Foundation\\Bootstrap\\LoadConfiguration->bootstrap()
#2 /home/user-1/Desktop/My Buuild /gmoproperties/vendor/laravel/framework/src/Illuminate/Foundation/Console/Kernel.php(447): Illuminate\\Foundation\\Application->bootstrapWith()
#3 /home/user-1/Desktop/My Buuild /gmoproperties/vendor/laravel/framework/src/Illuminate/Foundation/Console/Kernel.php(199): Illuminate\\Foundation\\Console\\Kernel->bootstrap()
#4 /home/user-1/Desktop/My Buuild /gmoproperties/artisan(26): Illuminate\\Foundation\\Console\\Kernel->handle()
#5 {main}
"} 
[2026-02-19 15:46:25] laravel.EMERGENCY: Unable to create configured logger. Using emergency logger. {"exception":"[object] (InvalidArgumentException(code: 0): Log [] is not defined. at /home/user-1/Desktop/My Buuild /gmoproperties/vendor/laravel/framework/src/Illuminate/Log/LogManager.php:212)
[stacktrace]
#0 /home/user-1/Desktop/My Buuild /gmoproperties/vendor/laravel/framework/src/Illuminate/Log/LogManager.php(137): Illuminate\\Log\\LogManager->resolve()
#1 /home/user-1/Desktop/My Buuild /gmoproperties/vendor/laravel/framework/src/Illuminate/Log/LogManager.php(124): Illuminate\\Log\\LogManager->get()
#2 /home/user-1/Desktop/My Buuild /gmoproperties/vendor/laravel/framework/src/Illuminate/Log/LogManager.php(681): Illuminate\\Log\\LogManager->driver()
#3 /home/user-1/Desktop/My Buuild /gmoproperties/vendor/laravel/framework/src/Illuminate/Foundation/Exceptions/Handler.php(317): Illuminate\\Log\\LogManager->error()
#4 /home/user-1/Desktop/My Buuild /gmoproperties/vendor/laravel/framework/src/Illuminate/Foundation/Exceptions/Handler.php(278): Illuminate\\Foundation\\Exceptions\\Handler->reportThrowable()
#5 /home/user-1/Desktop/My Buuild /gmoproperties/vendor/laravel/framework/src/Illuminate/Foundation/Console/Kernel.php(523): Illuminate\\Foundation\\Exceptions\\Handler->report()
#6 /home/user-1/Desktop/My Buuild /gmoproperties/vendor/laravel/framework/src/Illuminate/Foundation/Console/Kernel.php(203): Illuminate\\Foundation\\Console\\Kernel->reportException()
#7 /home/user-1/Desktop/My Buuild /gmoproperties/artisan(26): Illuminate\\Foundation\\Console\\Kernel->handle()
#8 {main}
"} 
[2026-02-19 15:46:25] laravel.ERROR: Unable to load the "app" configuration file. {"exception":"[object] (Exception(code: 0): Unable to load the \"app\" configuration file. at /home/user-1/Desktop/My Buuild /gmoproperties/vendor/laravel/framework/src/Illuminate/Foundation/Bootstrap/LoadConfiguration.php:66)
[stacktrace]
#0 /home/user-1/Desktop/My Buuild /gmoproperties/vendor/laravel/framework/src/Illuminate/Foundation/Bootstrap/LoadConfiguration.php(39): Illuminate\\Foundation\\Bootstrap\\LoadConfiguration->loadConfigurationFiles()
#1 /home/user-1/Desktop/My Buuild /gmoproperties/vendor/laravel/framework/src/Illuminate/Foundation/Application.php(286): Illuminate\\Foundation\\Bootstrap\\LoadConfiguration->bootstrap()
#2 /home/user-1/Desktop/My Buuild /gmoproperties/vendor/laravel/framework/src/Illuminate/Foundation/Console/Kernel.php(447): Illuminate\\Foundation\\Application->bootstrapWith()
#3 /home/user-1/Desktop/My Buuild /gmoproperties/vendor/laravel/framework/src/Illuminate/Foundation/Console/Kernel.php(199): Illuminate\\Foundation\\Console\\Kernel->bootstrap()
#4 /home/user-1/Desktop/My Buuild /gmoproperties/artisan(26): Illuminate\\Foundation\\Console\\Kernel->handle()
#5 {main}
"} 
[2026-02-19 13:48:51] laravel.EMERGENCY: Unable to create configured logger. Using emergency logger. {"exception":"[object] (InvalidArgumentException(code: 0): Log [] is not defined. at /home/user-1/Desktop/My Buuild /gmoproperties/vendor/laravel/framework/src/Illuminate/Log/LogManager.php:212)
[stacktrace]
#0 /home/user-1/Desktop/My Buuild /gmoproperties/vendor/laravel/framework/src/Illuminate/Log/LogManager.php(137): Illuminate\\Log\\LogManager->resolve()
#1 /home/user-1/Desktop/My Buuild /gmoproperties/vendor/laravel/framework/src/Illuminate/Log/LogManager.php(124): Illuminate\\Log\\LogManager->get()
#2 /home/user-1/Desktop/My Buuild /gmoproperties/vendor/laravel/framework/src/Illuminate/Log/LogManager.php(681): Illuminate\\Log\\LogManager->driver()
#3 /home/user-1/Desktop/My Buuild /gmoproperties/vendor/laravel/framework/src/Illuminate/Foundation/Exceptions/Handler.php(317): Illuminate\\Log\\LogManager->error()
#4 /home/user-1/Desktop/My Buuild /gmoproperties/vendor/laravel/framework/src/Illuminate/Foundation/Exceptions/Handler.php(278): Illuminate\\Foundation\\Exceptions\\Handler->reportThrowable()
#5 /home/user-1/Desktop/My Buuild /gmoproperties/vendor/nunomaduro/collision/src/Adapters/Laravel/ExceptionHandler.php(46): Illuminate\\Foundation\\Exceptions\\Handler->report()
#6 /home/user-1/Desktop/My Buuild /gmoproperties/vendor/laravel/framework/src/Illuminate/Foundation/Console/Kernel.php(523): NunoMaduro\\Collision\\Adapters\\Laravel\\ExceptionHandler->report()
#7 /home/user-1/Desktop/My Buuild /gmoproperties/vendor/laravel/framework/src/Illuminate/Foundation/Console/Kernel.php(203): Illuminate\\Foundation\\Console\\Kernel->reportException()
#8 /home/user-1/Desktop/My Buuild /gmoproperties/artisan(26): Illuminate\\Foundation\\Console\\Kernel->handle()
#9 {main}
"} 
[2026-02-19 13:48:51] laravel.ERROR: Method Illuminate\Foundation\Console\ClosureCommand::hourly does not exist. {"exception":"[object] (BadMethodCallException(code: 0): Method Illuminate\\Foundation\\Console\\ClosureCommand::hourly does not exist. at /home/user-1/Desktop/My Buuild /gmoproperties/vendor/laravel/framework/src/Illuminate/Macroable/Traits/Macroable.php:112)
[stacktrace]
#0 /home/user-1/Desktop/My Buuild /gmoproperties/routes/console.php(8): Illuminate\\Console\\Command->__call()
#1 /home/user-1/Desktop/My Buuild /gmoproperties/app/Console/Kernel.php(25): require('...')
#2 /home/user-1/Desktop/My Buuild /gmoproperties/vendor/laravel/framework/src/Illuminate/Foundation/Console/Kernel.php(453): App\\Console\\Kernel->commands()
#3 /home/user-1/Desktop/My Buuild /gmoproperties/vendor/laravel/framework/src/Illuminate/Foundation/Console/Kernel.php(199): Illuminate\\Foundation\\Console\\Kernel->bootstrap()
#4 /home/user-1/Desktop/My Buuild /gmoproperties/artisan(26): Illuminate\\Foundation\\Console\\Kernel->handle()
#5 {main}
"} 
[2026-02-19 13:53:31] laravel.EMERGENCY: Unable to create configured logger. Using emergency logger. {"exception":"[object] (InvalidArgumentException(code: 0): Log [] is not defined. at /home/user-1/Desktop/My Buuild /gmoproperties/vendor/laravel/framework/src/Illuminate/Log/LogManager.php:212)
[stacktrace]
#0 /home/user-1/Desktop/My Buuild /gmoproperties/vendor/laravel/framework/src/Illuminate/Log/LogManager.php(137): Illuminate\\Log\\LogManager->resolve()
#1 /home/user-1/Desktop/My Buuild /gmoproperties/vendor/laravel/framework/src/Illuminate/Log/LogManager.php(124): Illuminate\\Log\\LogManager->get()
#2 /home/user-1/Desktop/My Buuild /gmoproperties/vendor/laravel/framework/src/Illuminate/Log/LogManager.php(681): Illuminate\\Log\\LogManager->driver()
#3 /home/user-1/Desktop/My Buuild /gmoproperties/vendor/laravel/framework/src/Illuminate/Foundation/Exceptions/Handler.php(317): Illuminate\\Log\\LogManager->error()
#4 /home/user-1/Desktop/My Buuild /gmoproperties/vendor/laravel/framework/src/Illuminate/Foundation/Exceptions/Handler.php(278): Illuminate\\Foundation\\Exceptions\\Handler->reportThrowable()
#5 /home/user-1/Desktop/My Buuild /gmoproperties/vendor/nunomaduro/collision/src/Adapters/Laravel/ExceptionHandler.php(46): Illuminate\\Foundation\\Exceptions\\Handler->report()
#6 /home/user-1/Desktop/My Buuild /gmoproperties/vendor/laravel/framework/src/Illuminate/Foundation/Console/Kernel.php(523): NunoMaduro\\Collision\\Adapters\\Laravel\\ExceptionHandler->report()
#7 /home/user-1/Desktop/My Buuild /gmoproperties/vendor/laravel/framework/src/Illuminate/Foundation/Console/Kernel.php(203): Illuminate\\Foundation\\Console\\Kernel->reportException()
#8 /home/user-1/Desktop/My Buuild /gmoproperties/artisan(26): Illuminate\\Foundation\\Console\\Kernel->handle()
#9 {main}
"} 
[2026-02-19 13:53:31] laravel.ERROR: file_get_contents(/home/user-1/Desktop/My Buuild /gmoproperties/.env): Failed to open stream: No such file or directory {"exception":"[object] (ErrorException(code: 0): file_get_contents(/home/user-1/Desktop/My Buuild /gmoproperties/.env): Failed to open stream: No such file or directory at /home/user-1/Desktop/My Buuild /gmoproperties/vendor/laravel/framework/src/Illuminate/Foundation/Console/KeyGenerateCommand.php:100)
[stacktrace]
#0 /home/user-1/Desktop/My Buuild /gmoproperties/vendor/laravel/framework/src/Illuminate/Foundation/Bootstrap/HandleExceptions.php(255): Illuminate\\Foundation\\Bootstrap\\HandleExceptions->handleError()
#1 [internal function]: Illuminate\\Foundation\\Bootstrap\\HandleExceptions->Illuminate\\Foundation\\Bootstrap\\{closure}()
#2 /home/user-1/Desktop/My Buuild /gmoproperties/vendor/laravel/framework/src/Illuminate/Foundation/Console/KeyGenerateCommand.php(100): file_get_contents()
#3 /home/user-1/Desktop/My Buuild /gmoproperties/vendor/laravel/framework/src/Illuminate/Foundation/Console/KeyGenerateCommand.php(82): Illuminate\\Foundation\\Console\\KeyGenerateCommand->writeNewEnvironmentFileWith()
#4 /home/user-1/Desktop/My Buuild /gmoproperties/vendor/laravel/framework/src/Illuminate/Foundation/Console/KeyGenerateCommand.php(47): Illuminate\\Foundation\\Console\\KeyGenerateCommand->setKeyInEnvironmentFile()
#5 /home/user-1/Desktop/My Buuild /gmoproperties/vendor/laravel/framework/src/Illuminate/Container/BoundMethod.php(36): Illuminate\\Foundation\\Console\\KeyGenerateCommand->handle()
#6 /home/user-1/Desktop/My Buuild /gmoproperties/vendor/laravel/framework/src/Illuminate/Container/Util.php(41): Illuminate\\Container\\BoundMethod::Illuminate\\Container\\{closure}()
#7 /home/user-1/Desktop/My Buuild /gmoproperties/vendor/laravel/framework/src/Illuminate/Container/BoundMethod.php(93): Illuminate\\Container\\Util::unwrapIfClosure()
#8 /home/user-1/Desktop/My Buuild /gmoproperties/vendor/laravel/framework/src/Illuminate/Container/BoundMethod.php(37): Illuminate\\Container\\BoundMethod::callBoundMethod()
#9 /home/user-1/Desktop/My Buuild /gmoproperties/vendor/laravel/framework/src/Illuminate/Container/Container.php(662): Illuminate\\Container\\BoundMethod::call()
#10 /home/user-1/Desktop/My Buuild /gmoproperties/vendor/laravel/framework/src/Illuminate/Console/Command.php(211): Illuminate\\Container\\Container->call()
#11 /home/user-1/Desktop/My Buuild /gmoproperties/vendor/symfony/console/Command/Command.php(326): Illuminate\\Console\\Command->execute()
#12 /home/user-1/Desktop/My Buuild /gmoproperties/vendor/laravel/framework/src/Illuminate/Console/Command.php(181): Symfony\\Component\\Console\\Command\\Command->run()
#13 /home/user-1/Desktop/My Buuild /gmoproperties/vendor/symfony/console/Application.php(1106): Illuminate\\Console\\Command->run()
#14 /home/user-1/Desktop/My Buuild /gmoproperties/vendor/symfony/console/Application.php(324): Symfony\\Component\\Console\\Application->doRunCommand()
#15 /home/user-1/Desktop/My Buuild /gmoproperties/vendor/symfony/console/Application.php(175): Symfony\\Component\\Console\\Application->doRun()
#16 /home/user-1/Desktop/My Buuild /gmoproperties/vendor/laravel/framework/src/Illuminate/Foundation/Console/Kernel.php(201): Symfony\\Component\\Console\\Application->run()
#17 /home/user-1/Desktop/My Buuild /gmoproperties/artisan(26): Illuminate\\Foundation\\Console\\Kernel->handle()
#18 {main}
"} 
[2026-02-19 13:59:06] laravel.EMERGENCY: Unable to create configured logger. Using emergency logger. {"exception":"[object] (InvalidArgumentException(code: 0): Log [] is not defined. at /home/user-1/Desktop/My Buuild /gmoproperties/vendor/laravel/framework/src/Illuminate/Log/LogManager.php:212)
[stacktrace]
#0 /home/user-1/Desktop/My Buuild /gmoproperties/vendor/laravel/framework/src/Illuminate/Log/LogManager.php(137): Illuminate\\Log\\LogManager->resolve()
#1 /home/user-1/Desktop/My Buuild /gmoproperties/vendor/laravel/framework/src/Illuminate/Log/LogManager.php(124): Illuminate\\Log\\LogManager->get()
#2 /home/user-1/Desktop/My Buuild /gmoproperties/vendor/laravel/framework/src/Illuminate/Log/LogManager.php(681): Illuminate\\Log\\LogManager->driver()
#3 /home/user-1/Desktop/My Buuild /gmoproperties/vendor/laravel/framework/src/Illuminate/Foundation/Exceptions/Handler.php(317): Illuminate\\Log\\LogManager->error()
#4 /home/user-1/Desktop/My Buuild /gmoproperties/vendor/laravel/framework/src/Illuminate/Foundation/Exceptions/Handler.php(278): Illuminate\\Foundation\\Exceptions\\Handler->reportThrowable()
#5 /home/user-1/Desktop/My Buuild /gmoproperties/vendor/laravel/framework/src/Illuminate/Routing/Pipeline.php(49): Illuminate\\Foundation\\Exceptions\\Handler->report()
#6 /home/user-1/Desktop/My Buuild /gmoproperties/vendor/laravel/framework/src/Illuminate/Pipeline/Pipeline.php(188): Illuminate\\Routing\\Pipeline->handleException()
#7 /home/user-1/Desktop/My Buuild /gmoproperties/vendor/laravel/framework/src/Illuminate/Cookie/Middleware/EncryptCookies.php(67): Illuminate\\Pipeline\\Pipeline->Illuminate\\Pipeline\\{closure}()
#8 /home/user-1/Desktop/My Buuild /gmoproperties/vendor/laravel/framework/src/Illuminate/Pipeline/Pipeline.php(183): Illuminate\\Cookie\\Middleware\\EncryptCookies->handle()
#9 /home/user-1/Desktop/My Buuild /gmoproperties/vendor/laravel/framework/src/Illuminate/Pipeline/Pipeline.php(119): Illuminate\\Pipeline\\Pipeline->Illuminate\\Pipeline\\{closure}()
#10 /home/user-1/Desktop/My Buuild /gmoproperties/vendor/laravel/framework/src/Illuminate/Routing/Router.php(807): Illuminate\\Pipeline\\Pipeline->then()
#11 /home/user-1/Desktop/My Buuild /gmoproperties/vendor/laravel/framework/src/Illuminate/Routing/Router.php(784): Illuminate\\Routing\\Router->runRouteWithinStack()
#12 /home/user-1/Desktop/My Buuild /gmoproperties/vendor/laravel/framework/src/Illuminate/Routing/Router.php(748): Illuminate\\Routing\\Router->runRoute()
#13 /home/user-1/Desktop/My Buuild /gmoproperties/vendor/laravel/framework/src/Illuminate/Routing/Router.php(737): Illuminate\\Routing\\Router->dispatchToRoute()
#14 /home/user-1/Desktop/My Buuild /gmoproperties/vendor/laravel/framework/src/Illuminate/Foundation/Http/Kernel.php(200): Illuminate\\Routing\\Router->dispatch()
#15 /home/user-1/Desktop/My Buuild /gmoproperties/vendor/laravel/framework/src/Illuminate/Pipeline/Pipeline.php(144): Illuminate\\Foundation\\Http\\Kernel->Illuminate\\Foundation\\Http\\{closure}()
#16 /home/user-1/Desktop/My Buuild /gmoproperties/vendor/laravel/framework/src/Illuminate/Foundation/Http/Middleware/TransformsRequest.php(21): Illuminate\\Pipeline\\Pipeline->Illuminate\\Pipeline\\{closure}()
#17 /home/user-1/Desktop/My Buuild /gmoproperties/vendor/laravel/framework/src/Illuminate/Foundation/Http/Middleware/ConvertEmptyStringsToNull.php(31): Illuminate\\Foundation\\Http\\Middleware\\TransformsRequest->handle()
#18 /home/user-1/Desktop/My Buuild /gmoproperties/vendor/laravel/framework/src/Illuminate/Pipeline/Pipeline.php(183): Illuminate\\Foundation\\Http\\Middleware\\ConvertEmptyStringsToNull->handle()
#19 /home/user-1/Desktop/My Buuild /gmoproperties/vendor/laravel/framework/src/Illuminate/Foundation/Http/Middleware/TransformsRequest.php(21): Illuminate\\Pipeline\\Pipeline->Illuminate\\Pipeline\\{closure}()
#20 /home/user-1/Desktop/My Buuild /gmoproperties/vendor/laravel/framework/src/Illuminate/Foundation/Http/Middleware/TrimStrings.php(40): Illuminate\\Foundation\\Http\\Middleware\\TransformsRequest->handle()
#21 /home/user-1/Desktop/My Buuild /gmoproperties/vendor/laravel/framework/src/Illuminate/Pipeline/Pipeline.php(183): Illuminate\\Foundation\\Http\\Middleware\\TrimStrings->handle()
#22 /home/user-1/Desktop/My Buuild /gmoproperties/vendor/laravel/framework/src/Illuminate/Foundation/Http/Middleware/ValidatePostSize.php(27): Illuminate\\Pipeline\\Pipeline->Illuminate\\Pipeline\\{closure}()
#23 /home/user-1/Desktop/My Buuild /gmoproperties/vendor/laravel/framework/src/Illuminate/Pipeline/Pipeline.php(183): Illuminate\\Foundation\\Http\\Middleware\\ValidatePostSize->handle()
#24 /home/user-1/Desktop/My Buuild /gmoproperties/vendor/laravel/framework/src/Illuminate/Foundation/Http/Middleware/PreventRequestsDuringMaintenance.php(99): Illuminate\\Pipeline\\Pipeline->Illuminate\\Pipeline\\{closure}()
#25 /home/user-1/Desktop/My Buuild /gmoproperties/vendor/laravel/framework/src/Illuminate/Pipeline/Pipeline.php(183): Illuminate\\Foundation\\Http\\Middleware\\PreventRequestsDuringMaintenance->handle()
#26 /home/user-1/Desktop/My Buuild /gmoproperties/vendor/laravel/framework/src/Illuminate/Http/Middleware/HandleCors.php(49): Illuminate\\Pipeline\\Pipeline->Illuminate\\Pipeline\\{closure}()
#27 /home/user-1/Desktop/My Buuild /gmoproperties/vendor/laravel/framework/src/Illuminate/Pipeline/Pipeline.php(183): Illuminate\\Http\\Middleware\\HandleCors->handle()
#28 /home/user-1/Desktop/My Buuild /gmoproperties/vendor/laravel/framework/src/Illuminate/Http/Middleware/TrustProxies.php(39): Illuminate\\Pipeline\\Pipeline->Illuminate\\Pipeline\\{closure}()
#29 /home/user-1/Desktop/My Buuild /gmoproperties/vendor/laravel/framework/src/Illuminate/Pipeline/Pipeline.php(183): Illuminate\\Http\\Middleware\\TrustProxies->handle()
#30 /home/user-1/Desktop/My Buuild /gmoproperties/vendor/laravel/framework/src/Illuminate/Pipeline/Pipeline.php(119): Illuminate\\Pipeline\\Pipeline->Illuminate\\Pipeline\\{closure}()
#31 /home/user-1/Desktop/My Buuild /gmoproperties/vendor/laravel/framework/src/Illuminate/Foundation/Http/Kernel.php(175): Illuminate\\Pipeline\\Pipeline->then()
#32 /home/user-1/Desktop/My Buuild /gmoproperties/vendor/laravel/framework/src/Illuminate/Foundation/Http/Kernel.php(144): Illuminate\\Foundation\\Http\\Kernel->sendRequestThroughRouter()
#33 /home/user-1/Desktop/My Buuild /gmoproperties/public/index.php(37): Illuminate\\Foundation\\Http\\Kernel->handle()
#34 /home/user-1/Desktop/My Buuild /gmoproperties/vendor/laravel/framework/src/Illuminate/Foundation/resources/server.php(16): require_once('...')
#35 {main}
"} 
[2026-02-19 13:59:06] laravel.ERROR: Trying to access array offset on value of type null {"exception":"[object] (ErrorException(code: 0): Trying to access array offset on value of type null at /home/user-1/Desktop/My Buuild /gmoproperties/vendor/laravel/framework/src/Illuminate/Cookie/CookieServiceProvider.php:20)
[stacktrace]
#0 /home/user-1/Desktop/My Buuild /gmoproperties/vendor/laravel/framework/src/Illuminate/Foundation/Bootstrap/HandleExceptions.php(255): Illuminate\\Foundation\\Bootstrap\\HandleExceptions->handleError()
#1 /home/user-1/Desktop/My Buuild /gmoproperties/vendor/laravel/framework/src/Illuminate/Cookie/CookieServiceProvider.php(20): Illuminate\\Foundation\\Bootstrap\\HandleExceptions->Illuminate\\Foundation\\Bootstrap\\{closure}()
#2 /home/user-1/Desktop/My Buuild /gmoproperties/vendor/laravel/framework/src/Illuminate/Container/Container.php(908): Illuminate\\Cookie\\CookieServiceProvider->Illuminate\\Cookie\\{closure}()
#3 /home/user-1/Desktop/My Buuild /gmoproperties/vendor/laravel/framework/src/Illuminate/Container/Container.php(795): Illuminate\\Container\\Container->build()
#4 /home/user-1/Desktop/My Buuild /gmoproperties/vendor/laravel/framework/src/Illuminate/Foundation/Application.php(986): Illuminate\\Container\\Container->resolve()
#5 /home/user-1/Desktop/My Buuild /gmoproperties/vendor/laravel/framework/src/Illuminate/Container/Container.php(731): Illuminate\\Foundation\\Application->resolve()
#6 /home/user-1/Desktop/My Buuild /gmoproperties/vendor/laravel/framework/src/Illuminate/Foundation/Application.php(971): Illuminate\\Container\\Container->make()
#7 /home/user-1/Desktop/My Buuild /gmoproperties/vendor/laravel/framework/src/Illuminate/Container/Container.php(1066): Illuminate\\Foundation\\Application->make()
#8 /home/user-1/Desktop/My Buuild /gmoproperties/vendor/laravel/framework/src/Illuminate/Container/Container.php(982): Illuminate\\Container\\Container->resolveClass()
#9 /home/user-1/Desktop/My Buuild /gmoproperties/vendor/laravel/framework/src/Illuminate/Container/Container.php(943): Illuminate\\Container\\Container->resolveDependencies()
#10 /home/user-1/Desktop/My Buuild /gmoproperties/vendor/laravel/framework/src/Illuminate/Container/Container.php(795): Illuminate\\Container\\Container->build()
#11 /home/user-1/Desktop/My Buuild /gmoproperties/vendor/laravel/framework/src/Illuminate/Foundation/Application.php(986): Illuminate\\Container\\Container->resolve()
#12 /home/user-1/Desktop/My Buuild /gmoproperties/vendor/laravel/framework/src/Illuminate/Container/Container.php(731): Illuminate\\Foundation\\Application->resolve()
#13 /home/user-1/Desktop/My Buuild /gmoproperties/vendor/laravel/framework/src/Illuminate/Foundation/Application.php(971): Illuminate\\Container\\Container->make()
#14 /home/user-1/Desktop/My Buuild /gmoproperties/vendor/laravel/framework/src/Illuminate/Pipeline/Pipeline.php(172): Illuminate\\Foundation\\Application->make()
#15 /home/user-1/Desktop/My Buuild /gmoproperties/vendor/laravel/framework/src/Illuminate/Cookie/Middleware/EncryptCookies.php(67): Illuminate\\Pipeline\\Pipeline->Illuminate\\Pipeline\\{closure}()
#16 /home/user-1/Desktop/My Buuild /gmoproperties/vendor/laravel/framework/src/Illuminate/Pipeline/Pipeline.php(183): Illuminate\\Cookie\\Middleware\\EncryptCookies->handle()
#17 /home/user-1/Desktop/My Buuild /gmoproperties/vendor/laravel/framework/src/Illuminate/Pipeline/Pipeline.php(119): Illuminate\\Pipeline\\Pipeline->Illuminate\\Pipeline\\{closure}()
#18 /home/user-1/Desktop/My Buuild /gmoproperties/vendor/laravel/framework/src/Illuminate/Routing/Router.php(807): Illuminate\\Pipeline\\Pipeline->then()
#19 /home/user-1/Desktop/My Buuild /gmoproperties/vendor/laravel/framework/src/Illuminate/Routing/Router.php(784): Illuminate\\Routing\\Router->runRouteWithinStack()
#20 /home/user-1/Desktop/My Buuild /gmoproperties/vendor/laravel/framework/src/Illuminate/Routing/Router.php(748): Illuminate\\Routing\\Router->runRoute()
#21 /home/user-1/Desktop/My Buuild /gmoproperties/vendor/laravel/framework/src/Illuminate/Routing/Router.php(737): Illuminate\\Routing\\Router->dispatchToRoute()
#22 /home/user-1/Desktop/My Buuild /gmoproperties/vendor/laravel/framework/src/Illuminate/Foundation/Http/Kernel.php(200): Illuminate\\Routing\\Router->dispatch()
#23 /home/user-1/Desktop/My Buuild /gmoproperties/vendor/laravel/framework/src/Illuminate/Pipeline/Pipeline.php(144): Illuminate\\Foundation\\Http\\Kernel->Illuminate\\Foundation\\Http\\{closure}()
#24 /home/user-1/Desktop/My Buuild /gmoproperties/vendor/laravel/framework/src/Illuminate/Foundation/Http/Middleware/TransformsRequest.php(21): Illuminate\\Pipeline\\Pipeline->Illuminate\\Pipeline\\{closure}()
#25 /home/user-1/Desktop/My Buuild /gmoproperties/vendor/laravel/framework/src/Illuminate/Foundation/Http/Middleware/ConvertEmptyStringsToNull.php(31): Illuminate\\Foundation\\Http\\Middleware\\TransformsRequest->handle()
#26 /home/user-1/Desktop/My Buuild /gmoproperties/vendor/laravel/framework/src/Illuminate/Pipeline/Pipeline.php(183): Illuminate\\Foundation\\Http\\Middleware\\ConvertEmptyStringsToNull->handle()
#27 /home/user-1/Desktop/My Buuild /gmoproperties/vendor/laravel/framework/src/Illuminate/Foundation/Http/Middleware/TransformsRequest.php(21): Illuminate\\Pipeline\\Pipeline->Illuminate\\Pipeline\\{closure}()
#28 /home/user-1/Desktop/My Buuild /gmoproperties/vendor/laravel/framework/src/Illuminate/Foundation/Http/Middleware/TrimStrings.php(40): Illuminate\\Foundation\\Http\\Middleware\\TransformsRequest->handle()
#29 /home/user-1/Desktop/My Buuild /gmoproperties/vendor/laravel/framework/src/Illuminate/Pipeline/Pipeline.php(183): Illuminate\\Foundation\\Http\\Middleware\\TrimStrings->handle()
#30 /home/user-1/Desktop/My Buuild /gmoproperties/vendor/laravel/framework/src/Illuminate/Foundation/Http/Middleware/ValidatePostSize.php(27): Illuminate\\Pipeline\\Pipeline->Illuminate\\Pipeline\\{closure}()
#31 /home/user-1/Desktop/My Buuild /gmoproperties/vendor/laravel/framework/src/Illuminate/Pipeline/Pipeline.php(183): Illuminate\\Foundation\\Http\\Middleware\\ValidatePostSize->handle()
#32 /home/user-1/Desktop/My Buuild /gmoproperties/vendor/laravel/framework/src/Illuminate/Foundation/Http/Middleware/PreventRequestsDuringMaintenance.php(99): Illuminate\\Pipeline\\Pipeline->Illuminate\\Pipeline\\{closure}()
#33 /home/user-1/Desktop/My Buuild /gmoproperties/vendor/laravel/framework/src/Illuminate/Pipeline/Pipeline.php(183): Illuminate\\Foundation\\Http\\Middleware\\PreventRequestsDuringMaintenance->handle()
#34 /home/user-1/Desktop/My Buuild /gmoproperties/vendor/laravel/framework/src/Illuminate/Http/Middleware/HandleCors.php(49): Illuminate\\Pipeline\\Pipeline->Illuminate\\Pipeline\\{closure}()
#35 /home/user-1/Desktop/My Buuild /gmoproperties/vendor/laravel/framework/src/Illuminate/Pipeline/Pipeline.php(183): Illuminate\\Http\\Middleware\\HandleCors->handle()
#36 /home/user-1/Desktop/My Buuild /gmoproperties/vendor/laravel/framework/src/Illuminate/Http/Middleware/TrustProxies.php(39): Illuminate\\Pipeline\\Pipeline->Illuminate\\Pipeline\\{closure}()
#37 /home/user-1/Desktop/My Buuild /gmoproperties/vendor/laravel/framework/src/Illuminate/Pipeline/Pipeline.php(183): Illuminate\\Http\\Middleware\\TrustProxies->handle()
#38 /home/user-1/Desktop/My Buuild /gmoproperties/vendor/laravel/framework/src/Illuminate/Pipeline/Pipeline.php(119): Illuminate\\Pipeline\\Pipeline->Illuminate\\Pipeline\\{closure}()
#39 /home/user-1/Desktop/My Buuild /gmoproperties/vendor/laravel/framework/src/Illuminate/Foundation/Http/Kernel.php(175): Illuminate\\Pipeline\\Pipeline->then()
#40 /home/user-1/Desktop/My Buuild /gmoproperties/vendor/laravel/framework/src/Illuminate/Foundation/Http/Kernel.php(144): Illuminate\\Foundation\\Http\\Kernel->sendRequestThroughRouter()
#41 /home/user-1/Desktop/My Buuild /gmoproperties/public/index.php(37): Illuminate\\Foundation\\Http\\Kernel->handle()
#42 /home/user-1/Desktop/My Buuild /gmoproperties/vendor/laravel/framework/src/Illuminate/Foundation/resources/server.php(16): require_once('...')
#43 {main}
"} 
[2026-02-19 13:59:06] laravel.EMERGENCY: Unable to create configured logger. Using emergency logger. {"exception":"[object] (InvalidArgumentException(code: 0): Log [] is not defined. at /home/user-1/Desktop/My Buuild /gmoproperties/vendor/laravel/framework/src/Illuminate/Log/LogManager.php:212)
[stacktrace]
#0 /home/user-1/Desktop/My Buuild /gmoproperties/vendor/laravel/framework/src/Illuminate/Log/LogManager.php(137): Illuminate\\Log\\LogManager->resolve()
#1 /home/user-1/Desktop/My Buuild /gmoproperties/vendor/laravel/framework/src/Illuminate/Log/LogManager.php(124): Illuminate\\Log\\LogManager->get()
#2 /home/user-1/Desktop/My Buuild /gmoproperties/vendor/laravel/framework/src/Illuminate/Log/LogManager.php(681): Illuminate\\Log\\LogManager->driver()
#3 /home/user-1/Desktop/My Buuild /gmoproperties/vendor/laravel/framework/src/Illuminate/Foundation/Exceptions/Handler.php(317): Illuminate\\Log\\LogManager->error()
#4 /home/user-1/Desktop/My Buuild /gmoproperties/vendor/laravel/framework/src/Illuminate/Foundation/Exceptions/Handler.php(278): Illuminate\\Foundation\\Exceptions\\Handler->reportThrowable()
#5 /home/user-1/Desktop/My Buuild /gmoproperties/vendor/laravel/framework/src/Illuminate/Foundation/Bootstrap/HandleExceptions.php(183): Illuminate\\Foundation\\Exceptions\\Handler->report()
#6 /home/user-1/Desktop/My Buuild /gmoproperties/vendor/laravel/framework/src/Illuminate/Foundation/Bootstrap/HandleExceptions.php(255): Illuminate\\Foundation\\Bootstrap\\HandleExceptions->handleException()
#7 [internal function]: Illuminate\\Foundation\\Bootstrap\\HandleExceptions->Illuminate\\Foundation\\Bootstrap\\{closure}()
#8 {main}
"} 
[2026-02-19 13:59:06] laravel.ERROR: Trying to access array offset on value of type null {"exception":"[object] (ErrorException(code: 0): Trying to access array offset on value of type null at /home/user-1/Desktop/My Buuild /gmoproperties/vendor/laravel/framework/src/Illuminate/Cookie/CookieServiceProvider.php:20)
[stacktrace]
#0 /home/user-1/Desktop/My Buuild /gmoproperties/vendor/laravel/framework/src/Illuminate/Foundation/Bootstrap/HandleExceptions.php(255): Illuminate\\Foundation\\Bootstrap\\HandleExceptions->handleError()
#1 /home/user-1/Desktop/My Buuild /gmoproperties/vendor/laravel/framework/src/Illuminate/Cookie/CookieServiceProvider.php(20): Illuminate\\Foundation\\Bootstrap\\HandleExceptions->Illuminate\\Foundation\\Bootstrap\\{closure}()
#2 /home/user-1/Desktop/My Buuild /gmoproperties/vendor/laravel/framework/src/Illuminate/Container/Container.php(908): Illuminate\\Cookie\\CookieServiceProvider->Illuminate\\Cookie\\{closure}()
#3 /home/user-1/Desktop/My Buuild /gmoproperties/vendor/laravel/framework/src/Illuminate/Container/Container.php(795): Illuminate\\Container\\Container->build()
#4 /home/user-1/Desktop/My Buuild /gmoproperties/vendor/laravel/framework/src/Illuminate/Foundation/Application.php(986): Illuminate\\Container\\Container->resolve()
#5 /home/user-1/Desktop/My Buuild /gmoproperties/vendor/laravel/framework/src/Illuminate/Container/Container.php(731): Illuminate\\Foundation\\Application->resolve()
#6 /home/user-1/Desktop/My Buuild /gmoproperties/vendor/laravel/framework/src/Illuminate/Foundation/Application.php(971): Illuminate\\Container\\Container->make()
#7 /home/user-1/Desktop/My Buuild /gmoproperties/vendor/laravel/framework/src/Illuminate/Container/Container.php(1066): Illuminate\\Foundation\\Application->make()
#8 /home/user-1/Desktop/My Buuild /gmoproperties/vendor/laravel/framework/src/Illuminate/Container/Container.php(982): Illuminate\\Container\\Container->resolveClass()
#9 /home/user-1/Desktop/My Buuild /gmoproperties/vendor/laravel/framework/src/Illuminate/Container/Container.php(943): Illuminate\\Container\\Container->resolveDependencies()
#10 /home/user-1/Desktop/My Buuild /gmoproperties/vendor/laravel/framework/src/Illuminate/Container/Container.php(795): Illuminate\\Container\\Container->build()
#11 /home/user-1/Desktop/My Buuild /gmoproperties/vendor/laravel/framework/src/Illuminate/Foundation/Application.php(986): Illuminate\\Container\\Container->resolve()
#12 /home/user-1/Desktop/My Buuild /gmoproperties/vendor/laravel/framework/src/Illuminate/Container/Container.php(731): Illuminate\\Foundation\\Application->resolve()
#13 /home/user-1/Desktop/My Buuild /gmoproperties/vendor/laravel/framework/src/Illuminate/Foundation/Application.php(971): Illuminate\\Container\\Container->make()
#14 /home/user-1/Desktop/My Buuild /gmoproperties/vendor/laravel/framework/src/Illuminate/Foundation/Http/Kernel.php(255): Illuminate\\Foundation\\Application->make()
#15 /home/user-1/Desktop/My Buuild /gmoproperties/vendor/laravel/framework/src/Illuminate/Foundation/Http/Kernel.php(213): Illuminate\\Foundation\\Http\\Kernel->terminateMiddleware()
#16 /home/user-1/Desktop/My Buuild /gmoproperties/public/index.php(40): Illuminate\\Foundation\\Http\\Kernel->terminate()
#17 /home/user-1/Desktop/My Buuild /gmoproperties/vendor/laravel/framework/src/Illuminate/Foundation/resources/server.php(16): require_once('...')
#18 {main}
"} 
[2026-02-19 13:59:12] laravel.EMERGENCY: Unable to create configured logger. Using emergency logger. {"exception":"[object] (InvalidArgumentException(code: 0): Log [] is not defined. at /home/user-1/Desktop/My Buuild /gmoproperties/vendor/laravel/framework/src/Illuminate/Log/LogManager.php:212)
[stacktrace]
#0 /home/user-1/Desktop/My Buuild /gmoproperties/vendor/laravel/framework/src/Illuminate/Log/LogManager.php(137): Illuminate\\Log\\LogManager->resolve()
#1 /home/user-1/Desktop/My Buuild /gmoproperties/vendor/laravel/framework/src/Illuminate/Log/LogManager.php(124): Illuminate\\Log\\LogManager->get()
#2 /home/user-1/Desktop/My Buuild /gmoproperties/vendor/laravel/framework/src/Illuminate/Log/LogManager.php(681): Illuminate\\Log\\LogManager->driver()
#3 /home/user-1/Desktop/My Buuild /gmoproperties/vendor/laravel/framework/src/Illuminate/Foundation/Exceptions/Handler.php(317): Illuminate\\Log\\LogManager->error()
#4 /home/user-1/Desktop/My Buuild /gmoproperties/vendor/laravel/framework/src/Illuminate/Foundation/Exceptions/Handler.php(278): Illuminate\\Foundation\\Exceptions\\Handler->reportThrowable()
#5 /home/user-1/Desktop/My Buuild /gmoproperties/vendor/laravel/framework/src/Illuminate/Routing/Pipeline.php(49): Illuminate\\Foundation\\Exceptions\\Handler->report()
#6 /home/user-1/Desktop/My Buuild /gmoproperties/vendor/laravel/framework/src/Illuminate/Pipeline/Pipeline.php(188): Illuminate\\Routing\\Pipeline->handleException()
#7 /home/user-1/Desktop/My Buuild /gmoproperties/vendor/laravel/framework/src/Illuminate/Cookie/Middleware/EncryptCookies.php(67): Illuminate\\Pipeline\\Pipeline->Illuminate\\Pipeline\\{closure}()
#8 /home/user-1/Desktop/My Buuild /gmoproperties/vendor/laravel/framework/src/Illuminate/Pipeline/Pipeline.php(183): Illuminate\\Cookie\\Middleware\\EncryptCookies->handle()
#9 /home/user-1/Desktop/My Buuild /gmoproperties/vendor/laravel/framework/src/Illuminate/Pipeline/Pipeline.php(119): Illuminate\\Pipeline\\Pipeline->Illuminate\\Pipeline\\{closure}()
#10 /home/user-1/Desktop/My Buuild /gmoproperties/vendor/laravel/framework/src/Illuminate/Routing/Router.php(807): Illuminate\\Pipeline\\Pipeline->then()
#11 /home/user-1/Desktop/My Buuild /gmoproperties/vendor/laravel/framework/src/Illuminate/Routing/Router.php(784): Illuminate\\Routing\\Router->runRouteWithinStack()
#12 /home/user-1/Desktop/My Buuild /gmoproperties/vendor/laravel/framework/src/Illuminate/Routing/Router.php(748): Illuminate\\Routing\\Router->runRoute()
#13 /home/user-1/Desktop/My Buuild /gmoproperties/vendor/laravel/framework/src/Illuminate/Routing/Router.php(737): Illuminate\\Routing\\Router->dispatchToRoute()
#14 /home/user-1/Desktop/My Buuild /gmoproperties/vendor/laravel/framework/src/Illuminate/Foundation/Http/Kernel.php(200): Illuminate\\Routing\\Router->dispatch()
#15 /home/user-1/Desktop/My Buuild /gmoproperties/vendor/laravel/framework/src/Illuminate/Pipeline/Pipeline.php(144): Illuminate\\Foundation\\Http\\Kernel->Illuminate\\Foundation\\Http\\{closure}()
#16 /home/user-1/Desktop/My Buuild /gmoproperties/vendor/laravel/framework/src/Illuminate/Foundation/Http/Middleware/TransformsRequest.php(21): Illuminate\\Pipeline\\Pipeline->Illuminate\\Pipeline\\{closure}()
#17 /home/user-1/Desktop/My Buuild /gmoproperties/vendor/laravel/framework/src/Illuminate/Foundation/Http/Middleware/ConvertEmptyStringsToNull.php(31): Illuminate\\Foundation\\Http\\Middleware\\TransformsRequest->handle()
#18 /home/user-1/Desktop/My Buuild /gmoproperties/vendor/laravel/framework/src/Illuminate/Pipeline/Pipeline.php(183): Illuminate\\Foundation\\Http\\Middleware\\ConvertEmptyStringsToNull->handle()
#19 /home/user-1/Desktop/My Buuild /gmoproperties/vendor/laravel/framework/src/Illuminate/Foundation/Http/Middleware/TransformsRequest.php(21): Illuminate\\Pipeline\\Pipeline->Illuminate\\Pipeline\\{closure}()
#20 /home/user-1/Desktop/My Buuild /gmoproperties/vendor/laravel/framework/src/Illuminate/Foundation/Http/Middleware/TrimStrings.php(40): Illuminate\\Foundation\\Http\\Middleware\\TransformsRequest->handle()
#21 /home/user-1/Desktop/My Buuild /gmoproperties/vendor/laravel/framework/src/Illuminate/Pipeline/Pipeline.php(183): Illuminate\\Foundation\\Http\\Middleware\\TrimStrings->handle()
#22 /home/user-1/Desktop/My Buuild /gmoproperties/vendor/laravel/framework/src/Illuminate/Foundation/Http/Middleware/ValidatePostSize.php(27): Illuminate\\Pipeline\\Pipeline->Illuminate\\Pipeline\\{closure}()
#23 /home/user-1/Desktop/My Buuild /gmoproperties/vendor/laravel/framework/src/Illuminate/Pipeline/Pipeline.php(183): Illuminate\\Foundation\\Http\\Middleware\\ValidatePostSize->handle()
#24 /home/user-1/Desktop/My Buuild /gmoproperties/vendor/laravel/framework/src/Illuminate/Foundation/Http/Middleware/PreventRequestsDuringMaintenance.php(99): Illuminate\\Pipeline\\Pipeline->Illuminate\\Pipeline\\{closure}()
#25 /home/user-1/Desktop/My Buuild /gmoproperties/vendor/laravel/framework/src/Illuminate/Pipeline/Pipeline.php(183): Illuminate\\Foundation\\Http\\Middleware\\PreventRequestsDuringMaintenance->handle()
#26 /home/user-1/Desktop/My Buuild /gmoproperties/vendor/laravel/framework/src/Illuminate/Http/Middleware/HandleCors.php(49): Illuminate\\Pipeline\\Pipeline->Illuminate\\Pipeline\\{closure}()
#27 /home/user-1/Desktop/My Buuild /gmoproperties/vendor/laravel/framework/src/Illuminate/Pipeline/Pipeline.php(183): Illuminate\\Http\\Middleware\\HandleCors->handle()
#28 /home/user-1/Desktop/My Buuild /gmoproperties/vendor/laravel/framework/src/Illuminate/Http/Middleware/TrustProxies.php(39): Illuminate\\Pipeline\\Pipeline->Illuminate\\Pipeline\\{closure}()
#29 /home/user-1/Desktop/My Buuild /gmoproperties/vendor/laravel/framework/src/Illuminate/Pipeline/Pipeline.php(183): Illuminate\\Http\\Middleware\\TrustProxies->handle()
#30 /home/user-1/Desktop/My Buuild /gmoproperties/vendor/laravel/framework/src/Illuminate/Pipeline/Pipeline.php(119): Illuminate\\Pipeline\\Pipeline->Illuminate\\Pipeline\\{closure}()
#31 /home/user-1/Desktop/My Buuild /gmoproperties/vendor/laravel/framework/src/Illuminate/Foundation/Http/Kernel.php(175): Illuminate\\Pipeline\\Pipeline->then()
#32 /home/user-1/Desktop/My Buuild /gmoproperties/vendor/laravel/framework/src/Illuminate/Foundation/Http/Kernel.php(144): Illuminate\\Foundation\\Http\\Kernel->sendRequestThroughRouter()
#33 /home/user-1/Desktop/My Buuild /gmoproperties/public/index.php(37): Illuminate\\Foundation\\Http\\Kernel->handle()
#34 /home/user-1/Desktop/My Buuild /gmoproperties/vendor/laravel/framework/src/Illuminate/Foundation/resources/server.php(16): require_once('...')
#35 {main}
"} 
[2026-02-19 13:59:12] laravel.ERROR: Trying to access array offset on value of type null {"exception":"[object] (ErrorException(code: 0): Trying to access array offset on value of type null at /home/user-1/Desktop/My Buuild /gmoproperties/vendor/laravel/framework/src/Illuminate/Cookie/CookieServiceProvider.php:20)
[stacktrace]
#0 /home/user-1/Desktop/My Buuild /gmoproperties/vendor/laravel/framework/src/Illuminate/Foundation/Bootstrap/HandleExceptions.php(255): Illuminate\\Foundation\\Bootstrap\\HandleExceptions->handleError()
#1 /home/user-1/Desktop/My Buuild /gmoproperties/vendor/laravel/framework/src/Illuminate/Cookie/CookieServiceProvider.php(20): Illuminate\\Foundation\\Bootstrap\\HandleExceptions->Illuminate\\Foundation\\Bootstrap\\{closure}()
#2 /home/user-1/Desktop/My Buuild /gmoproperties/vendor/laravel/framework/src/Illuminate/Container/Container.php(908): Illuminate\\Cookie\\CookieServiceProvider->Illuminate\\Cookie\\{closure}()
#3 /home/user-1/Desktop/My Buuild /gmoproperties/vendor/laravel/framework/src/Illuminate/Container/Container.php(795): Illuminate\\Container\\Container->build()
#4 /home/user-1/Desktop/My Buuild /gmoproperties/vendor/laravel/framework/src/Illuminate/Foundation/Application.php(986): Illuminate\\Container\\Container->resolve()
#5 /home/user-1/Desktop/My Buuild /gmoproperties/vendor/laravel/framework/src/Illuminate/Container/Container.php(731): Illuminate\\Foundation\\Application->resolve()
#6 /home/user-1/Desktop/My Buuild /gmoproperties/vendor/laravel/framework/src/Illuminate/Foundation/Application.php(971): Illuminate\\Container\\Container->make()
#7 /home/user-1/Desktop/My Buuild /gmoproperties/vendor/laravel/framework/src/Illuminate/Container/Container.php(1066): Illuminate\\Foundation\\Application->make()
#8 /home/user-1/Desktop/My Buuild /gmoproperties/vendor/laravel/framework/src/Illuminate/Container/Container.php(982): Illuminate\\Container\\Container->resolveClass()
#9 /home/user-1/Desktop/My Buuild /gmoproperties/vendor/laravel/framework/src/Illuminate/Container/Container.php(943): Illuminate\\Container\\Container->resolveDependencies()
#10 /home/user-1/Desktop/My Buuild /gmoproperties/vendor/laravel/framework/src/Illuminate/Container/Container.php(795): Illuminate\\Container\\Container->build()
#11 /home/user-1/Desktop/My Buuild /gmoproperties/vendor/laravel/framework/src/Illuminate/Foundation/Application.php(986): Illuminate\\Container\\Container->resolve()
#12 /home/user-1/Desktop/My Buuild /gmoproperties/vendor/laravel/framework/src/Illuminate/Container/Container.php(731): Illuminate\\Foundation\\Application->resolve()
#13 /home/user-1/Desktop/My Buuild /gmoproperties/vendor/laravel/framework/src/Illuminate/Foundation/Application.php(971): Illuminate\\Container\\Container->make()
#14 /home/user-1/Desktop/My Buuild /gmoproperties/vendor/laravel/framework/src/Illuminate/Pipeline/Pipeline.php(172): Illuminate\\Foundation\\Application->make()
#15 /home/user-1/Desktop/My Buuild /gmoproperties/vendor/laravel/framework/src/Illuminate/Cookie/Middleware/EncryptCookies.php(67): Illuminate\\Pipeline\\Pipeline->Illuminate\\Pipeline\\{closure}()
#16 /home/user-1/Desktop/My Buuild /gmoproperties/vendor/laravel/framework/src/Illuminate/Pipeline/Pipeline.php(183): Illuminate\\Cookie\\Middleware\\EncryptCookies->handle()
#17 /home/user-1/Desktop/My Buuild /gmoproperties/vendor/laravel/framework/src/Illuminate/Pipeline/Pipeline.php(119): Illuminate\\Pipeline\\Pipeline->Illuminate\\Pipeline\\{closure}()
#18 /home/user-1/Desktop/My Buuild /gmoproperties/vendor/laravel/framework/src/Illuminate/Routing/Router.php(807): Illuminate\\Pipeline\\Pipeline->then()
#19 /home/user-1/Desktop/My Buuild /gmoproperties/vendor/laravel/framework/src/Illuminate/Routing/Router.php(784): Illuminate\\Routing\\Router->runRouteWithinStack()
#20 /home/user-1/Desktop/My Buuild /gmoproperties/vendor/laravel/framework/src/Illuminate/Routing/Router.php(748): Illuminate\\Routing\\Router->runRoute()
#21 /home/user-1/Desktop/My Buuild /gmoproperties/vendor/laravel/framework/src/Illuminate/Routing/Router.php(737): Illuminate\\Routing\\Router->dispatchToRoute()
#22 /home/user-1/Desktop/My Buuild /gmoproperties/vendor/laravel/framework/src/Illuminate/Foundation/Http/Kernel.php(200): Illuminate\\Routing\\Router->dispatch()
#23 /home/user-1/Desktop/My Buuild /gmoproperties/vendor/laravel/framework/src/Illuminate/Pipeline/Pipeline.php(144): Illuminate\\Foundation\\Http\\Kernel->Illuminate\\Foundation\\Http\\{closure}()
#24 /home/user-1/Desktop/My Buuild /gmoproperties/vendor/laravel/framework/src/Illuminate/Foundation/Http/Middleware/TransformsRequest.php(21): Illuminate\\Pipeline\\Pipeline->Illuminate\\Pipeline\\{closure}()
#25 /home/user-1/Desktop/My Buuild /gmoproperties/vendor/laravel/framework/src/Illuminate/Foundation/Http/Middleware/ConvertEmptyStringsToNull.php(31): Illuminate\\Foundation\\Http\\Middleware\\TransformsRequest->handle()
#26 /home/user-1/Desktop/My Buuild /gmoproperties/vendor/laravel/framework/src/Illuminate/Pipeline/Pipeline.php(183): Illuminate\\Foundation\\Http\\Middleware\\ConvertEmptyStringsToNull->handle()
#27 /home/user-1/Desktop/My Buuild /gmoproperties/vendor/laravel/framework/src/Illuminate/Foundation/Http/Middleware/TransformsRequest.php(21): Illuminate\\Pipeline\\Pipeline->Illuminate\\Pipeline\\{closure}()
#28 /home/user-1/Desktop/My Buuild /gmoproperties/vendor/laravel/framework/src/Illuminate/Foundation/Http/Middleware/TrimStrings.php(40): Illuminate\\Foundation\\Http\\Middleware\\TransformsRequest->handle()
#29 /home/user-1/Desktop/My Buuild /gmoproperties/vendor/laravel/framework/src/Illuminate/Pipeline/Pipeline.php(183): Illuminate\\Foundation\\Http\\Middleware\\TrimStrings->handle()
#30 /home/user-1/Desktop/My Buuild /gmoproperties/vendor/laravel/framework/src/Illuminate/Foundation/Http/Middleware/ValidatePostSize.php(27): Illuminate\\Pipeline\\Pipeline->Illuminate\\Pipeline\\{closure}()
#31 /home/user-1/Desktop/My Buuild /gmoproperties/vendor/laravel/framework/src/Illuminate/Pipeline/Pipeline.php(183): Illuminate\\Foundation\\Http\\Middleware\\ValidatePostSize->handle()
#32 /home/user-1/Desktop/My Buuild /gmoproperties/vendor/laravel/framework/src/Illuminate/Foundation/Http/Middleware/PreventRequestsDuringMaintenance.php(99): Illuminate\\Pipeline\\Pipeline->Illuminate\\Pipeline\\{closure}()
#33 /home/user-1/Desktop/My Buuild /gmoproperties/vendor/laravel/framework/src/Illuminate/Pipeline/Pipeline.php(183): Illuminate\\Foundation\\Http\\Middleware\\PreventRequestsDuringMaintenance->handle()
#34 /home/user-1/Desktop/My Buuild /gmoproperties/vendor/laravel/framework/src/Illuminate/Http/Middleware/HandleCors.php(49): Illuminate\\Pipeline\\Pipeline->Illuminate\\Pipeline\\{closure}()
#35 /home/user-1/Desktop/My Buuild /gmoproperties/vendor/laravel/framework/src/Illuminate/Pipeline/Pipeline.php(183): Illuminate\\Http\\Middleware\\HandleCors->handle()
#36 /home/user-1/Desktop/My Buuild /gmoproperties/vendor/laravel/framework/src/Illuminate/Http/Middleware/TrustProxies.php(39): Illuminate\\Pipeline\\Pipeline->Illuminate\\Pipeline\\{closure}()
#37 /home/user-1/Desktop/My Buuild /gmoproperties/vendor/laravel/framework/src/Illuminate/Pipeline/Pipeline.php(183): Illuminate\\Http\\Middleware\\TrustProxies->handle()
#38 /home/user-1/Desktop/My Buuild /gmoproperties/vendor/laravel/framework/src/Illuminate/Pipeline/Pipeline.php(119): Illuminate\\Pipeline\\Pipeline->Illuminate\\Pipeline\\{closure}()
#39 /home/user-1/Desktop/My Buuild /gmoproperties/vendor/laravel/framework/src/Illuminate/Foundation/Http/Kernel.php(175): Illuminate\\Pipeline\\Pipeline->then()
#40 /home/user-1/Desktop/My Buuild /gmoproperties/vendor/laravel/framework/src/Illuminate/Foundation/Http/Kernel.php(144): Illuminate\\Foundation\\Http\\Kernel->sendRequestThroughRouter()
#41 /home/user-1/Desktop/My Buuild /gmoproperties/public/index.php(37): Illuminate\\Foundation\\Http\\Kernel->handle()
#42 /home/user-1/Desktop/My Buuild /gmoproperties/vendor/laravel/framework/src/Illuminate/Foundation/resources/server.php(16): require_once('...')
#43 {main}
"} 
[2026-02-19 13:59:12] laravel.EMERGENCY: Unable to create configured logger. Using emergency logger. {"exception":"[object] (InvalidArgumentException(code: 0): Log [] is not defined. at /home/user-1/Desktop/My Buuild /gmoproperties/vendor/laravel/framework/src/Illuminate/Log/LogManager.php:212)
[stacktrace]
#0 /home/user-1/Desktop/My Buuild /gmoproperties/vendor/laravel/framework/src/Illuminate/Log/LogManager.php(137): Illuminate\\Log\\LogManager->resolve()
#1 /home/user-1/Desktop/My Buuild /gmoproperties/vendor/laravel/framework/src/Illuminate/Log/LogManager.php(124): Illuminate\\Log\\LogManager->get()
#2 /home/user-1/Desktop/My Buuild /gmoproperties/vendor/laravel/framework/src/Illuminate/Log/LogManager.php(681): Illuminate\\Log\\LogManager->driver()
#3 /home/user-1/Desktop/My Buuild /gmoproperties/vendor/laravel/framework/src/Illuminate/Foundation/Exceptions/Handler.php(317): Illuminate\\Log\\LogManager->error()
#4 /home/user-1/Desktop/My Buuild /gmoproperties/vendor/laravel/framework/src/Illuminate/Foundation/Exceptions/Handler.php(278): Illuminate\\Foundation\\Exceptions\\Handler->reportThrowable()
#5 /home/user-1/Desktop/My Buuild /gmoproperties/vendor/laravel/framework/src/Illuminate/Foundation/Bootstrap/HandleExceptions.php(183): Illuminate\\Foundation\\Exceptions\\Handler->report()
#6 /home/user-1/Desktop/My Buuild /gmoproperties/vendor/laravel/framework/src/Illuminate/Foundation/Bootstrap/HandleExceptions.php(255): Illuminate\\Foundation\\Bootstrap\\HandleExceptions->handleException()
#7 [internal function]: Illuminate\\Foundation\\Bootstrap\\HandleExceptions->Illuminate\\Foundation\\Bootstrap\\{closure}()
#8 {main}
"} 
[2026-02-19 13:59:12] laravel.ERROR: Trying to access array offset on value of type null {"exception":"[object] (ErrorException(code: 0): Trying to access array offset on value of type null at /home/user-1/Desktop/My Buuild /gmoproperties/vendor/laravel/framework/src/Illuminate/Cookie/CookieServiceProvider.php:20)
[stacktrace]
#0 /home/user-1/Desktop/My Buuild /gmoproperties/vendor/laravel/framework/src/Illuminate/Foundation/Bootstrap/HandleExceptions.php(255): Illuminate\\Foundation\\Bootstrap\\HandleExceptions->handleError()
#1 /home/user-1/Desktop/My Buuild /gmoproperties/vendor/laravel/framework/src/Illuminate/Cookie/CookieServiceProvider.php(20): Illuminate\\Foundation\\Bootstrap\\HandleExceptions->Illuminate\\Foundation\\Bootstrap\\{closure}()
#2 /home/user-1/Desktop/My Buuild /gmoproperties/vendor/laravel/framework/src/Illuminate/Container/Container.php(908): Illuminate\\Cookie\\CookieServiceProvider->Illuminate\\Cookie\\{closure}()
#3 /home/user-1/Desktop/My Buuild /gmoproperties/vendor/laravel/framework/src/Illuminate/Container/Container.php(795): Illuminate\\Container\\Container->build()
#4 /home/user-1/Desktop/My Buuild /gmoproperties/vendor/laravel/framework/src/Illuminate/Foundation/Application.php(986): Illuminate\\Container\\Container->resolve()
#5 /home/user-1/Desktop/My Buuild /gmoproperties/vendor/laravel/framework/src/Illuminate/Container/Container.php(731): Illuminate\\Foundation\\Application->resolve()
#6 /home/user-1/Desktop/My Buuild /gmoproperties/vendor/laravel/framework/src/Illuminate/Foundation/Application.php(971): Illuminate\\Container\\Container->make()
#7 /home/user-1/Desktop/My Buuild /gmoproperties/vendor/laravel/framework/src/Illuminate/Container/Container.php(1066): Illuminate\\Foundation\\Application->make()
#8 /home/user-1/Desktop/My Buuild /gmoproperties/vendor/laravel/framework/src/Illuminate/Container/Container.php(982): Illuminate\\Container\\Container->resolveClass()
#9 /home/user-1/Desktop/My Buuild /gmoproperties/vendor/laravel/framework/src/Illuminate/Container/Container.php(943): Illuminate\\Container\\Container->resolveDependencies()
#10 /home/user-1/Desktop/My Buuild /gmoproperties/vendor/laravel/framework/src/Illuminate/Container/Container.php(795): Illuminate\\Container\\Container->build()
#11 /home/user-1/Desktop/My Buuild /gmoproperties/vendor/laravel/framework/src/Illuminate/Foundation/Application.php(986): Illuminate\\Container\\Container->resolve()
#12 /home/user-1/Desktop/My Buuild /gmoproperties/vendor/laravel/framework/src/Illuminate/Container/Container.php(731): Illuminate\\Foundation\\Application->resolve()
#13 /home/user-1/Desktop/My Buuild /gmoproperties/vendor/laravel/framework/src/Illuminate/Foundation/Application.php(971): Illuminate\\Container\\Container->make()
#14 /home/user-1/Desktop/My Buuild /gmoproperties/vendor/laravel/framework/src/Illuminate/Foundation/Http/Kernel.php(255): Illuminate\\Foundation\\Application->make()
#15 /home/user-1/Desktop/My Buuild /gmoproperties/vendor/laravel/framework/src/Illuminate/Foundation/Http/Kernel.php(213): Illuminate\\Foundation\\Http\\Kernel->terminateMiddleware()
#16 /home/user-1/Desktop/My Buuild /gmoproperties/public/index.php(40): Illuminate\\Foundation\\Http\\Kernel->terminate()
#17 /home/user-1/Desktop/My Buuild /gmoproperties/vendor/laravel/framework/src/Illuminate/Foundation/resources/server.php(16): require_once('...')
#18 {main}
"} 
[2026-02-19 13:59:12] laravel.EMERGENCY: Unable to create configured logger. Using emergency logger. {"exception":"[object] (InvalidArgumentException(code: 0): Log [] is not defined. at /home/user-1/Desktop/My Buuild /gmoproperties/vendor/laravel/framework/src/Illuminate/Log/LogManager.php:212)
[stacktrace]
#0 /home/user-1/Desktop/My Buuild /gmoproperties/vendor/laravel/framework/src/Illuminate/Log/LogManager.php(137): Illuminate\\Log\\LogManager->resolve()
#1 /home/user-1/Desktop/My Buuild /gmoproperties/vendor/laravel/framework/src/Illuminate/Log/LogManager.php(124): Illuminate\\Log\\LogManager->get()
#2 /home/user-1/Desktop/My Buuild /gmoproperties/vendor/laravel/framework/src/Illuminate/Log/LogManager.php(681): Illuminate\\Log\\LogManager->driver()
#3 /home/user-1/Desktop/My Buuild /gmoproperties/vendor/laravel/framework/src/Illuminate/Foundation/Exceptions/Handler.php(317): Illuminate\\Log\\LogManager->error()
#4 /home/user-1/Desktop/My Buuild /gmoproperties/vendor/laravel/framework/src/Illuminate/Foundation/Exceptions/Handler.php(278): Illuminate\\Foundation\\Exceptions\\Handler->reportThrowable()
#5 /home/user-1/Desktop/My Buuild /gmoproperties/vendor/laravel/framework/src/Illuminate/Routing/Pipeline.php(49): Illuminate\\Foundation\\Exceptions\\Handler->report()
#6 /home/user-1/Desktop/My Buuild /gmoproperties/vendor/laravel/framework/src/Illuminate/Pipeline/Pipeline.php(188): Illuminate\\Routing\\Pipeline->handleException()
#7 /home/user-1/Desktop/My Buuild /gmoproperties/vendor/laravel/framework/src/Illuminate/Foundation/Http/Middleware/TransformsRequest.php(21): Illuminate\\Pipeline\\Pipeline->Illuminate\\Pipeline\\{closure}()
#8 /home/user-1/Desktop/My Buuild /gmoproperties/vendor/laravel/framework/src/Illuminate/Foundation/Http/Middleware/TrimStrings.php(40): Illuminate\\Foundation\\Http\\Middleware\\TransformsRequest->handle()
#9 /home/user-1/Desktop/My Buuild /gmoproperties/vendor/laravel/framework/src/Illuminate/Pipeline/Pipeline.php(183): Illuminate\\Foundation\\Http\\Middleware\\TrimStrings->handle()
#10 /home/user-1/Desktop/My Buuild /gmoproperties/vendor/laravel/framework/src/Illuminate/Foundation/Http/Middleware/ValidatePostSize.php(27): Illuminate\\Pipeline\\Pipeline->Illuminate\\Pipeline\\{closure}()
#11 /home/user-1/Desktop/My Buuild /gmoproperties/vendor/laravel/framework/src/Illuminate/Pipeline/Pipeline.php(183): Illuminate\\Foundation\\Http\\Middleware\\ValidatePostSize->handle()
#12 /home/user-1/Desktop/My Buuild /gmoproperties/vendor/laravel/framework/src/Illuminate/Foundation/Http/Middleware/PreventRequestsDuringMaintenance.php(99): Illuminate\\Pipeline\\Pipeline->Illuminate\\Pipeline\\{closure}()
#13 /home/user-1/Desktop/My Buuild /gmoproperties/vendor/laravel/framework/src/Illuminate/Pipeline/Pipeline.php(183): Illuminate\\Foundation\\Http\\Middleware\\PreventRequestsDuringMaintenance->handle()
#14 /home/user-1/Desktop/My Buuild /gmoproperties/vendor/laravel/framework/src/Illuminate/Http/Middleware/HandleCors.php(49): Illuminate\\Pipeline\\Pipeline->Illuminate\\Pipeline\\{closure}()
#15 /home/user-1/Desktop/My Buuild /gmoproperties/vendor/laravel/framework/src/Illuminate/Pipeline/Pipeline.php(183): Illuminate\\Http\\Middleware\\HandleCors->handle()
#16 /home/user-1/Desktop/My Buuild /gmoproperties/vendor/laravel/framework/src/Illuminate/Http/Middleware/TrustProxies.php(39): Illuminate\\Pipeline\\Pipeline->Illuminate\\Pipeline\\{closure}()
#17 /home/user-1/Desktop/My Buuild /gmoproperties/vendor/laravel/framework/src/Illuminate/Pipeline/Pipeline.php(183): Illuminate\\Http\\Middleware\\TrustProxies->handle()
#18 /home/user-1/Desktop/My Buuild /gmoproperties/vendor/laravel/framework/src/Illuminate/Pipeline/Pipeline.php(119): Illuminate\\Pipeline\\Pipeline->Illuminate\\Pipeline\\{closure}()
#19 /home/user-1/Desktop/My Buuild /gmoproperties/vendor/laravel/framework/src/Illuminate/Foundation/Http/Kernel.php(175): Illuminate\\Pipeline\\Pipeline->then()
#20 /home/user-1/Desktop/My Buuild /gmoproperties/vendor/laravel/framework/src/Illuminate/Foundation/Http/Kernel.php(144): Illuminate\\Foundation\\Http\\Kernel->sendRequestThroughRouter()
#21 /home/user-1/Desktop/My Buuild /gmoproperties/public/index.php(37): Illuminate\\Foundation\\Http\\Kernel->handle()
#22 /home/user-1/Desktop/My Buuild /gmoproperties/vendor/laravel/framework/src/Illuminate/Foundation/resources/server.php(16): require_once('...')
#23 {main}
"} 
[2026-02-19 13:59:12] laravel.ERROR: Illuminate\View\FileViewFinder::__construct(): Argument #2 ($paths) must be of type array, null given, called in /home/user-1/Desktop/My Buuild /gmoproperties/vendor/laravel/framework/src/Illuminate/View/ViewServiceProvider.php on line 85 {"exception":"[object] (TypeError(code: 0): Illuminate\\View\\FileViewFinder::__construct(): Argument #2 ($paths) must be of type array, null given, called in /home/user-1/Desktop/My Buuild /gmoproperties/vendor/laravel/framework/src/Illuminate/View/ViewServiceProvider.php on line 85 at /home/user-1/Desktop/My Buuild /gmoproperties/vendor/laravel/framework/src/Illuminate/View/FileViewFinder.php:53)
[stacktrace]
#0 /home/user-1/Desktop/My Buuild /gmoproperties/vendor/laravel/framework/src/Illuminate/View/ViewServiceProvider.php(85): Illuminate\\View\\FileViewFinder->__construct()
#1 /home/user-1/Desktop/My Buuild /gmoproperties/vendor/laravel/framework/src/Illuminate/Container/Container.php(908): Illuminate\\View\\ViewServiceProvider->Illuminate\\View\\{closure}()
#2 /home/user-1/Desktop/My Buuild /gmoproperties/vendor/laravel/framework/src/Illuminate/Container/Container.php(795): Illuminate\\Container\\Container->build()
#3 /home/user-1/Desktop/My Buuild /gmoproperties/vendor/laravel/framework/src/Illuminate/Foundation/Application.php(986): Illuminate\\Container\\Container->resolve()
#4 /home/user-1/Desktop/My Buuild /gmoproperties/vendor/laravel/framework/src/Illuminate/Container/Container.php(731): Illuminate\\Foundation\\Application->resolve()
#5 /home/user-1/Desktop/My Buuild /gmoproperties/vendor/laravel/framework/src/Illuminate/Foundation/Application.php(971): Illuminate\\Container\\Container->make()
#6 /home/user-1/Desktop/My Buuild /gmoproperties/vendor/laravel/framework/src/Illuminate/Container/Container.php(1454): Illuminate\\Foundation\\Application->make()
#7 /home/user-1/Desktop/My Buuild /gmoproperties/vendor/laravel/framework/src/Illuminate/View/ViewServiceProvider.php(45): Illuminate\\Container\\Container->offsetGet()
#8 /home/user-1/Desktop/My Buuild /gmoproperties/vendor/laravel/framework/src/Illuminate/Container/Container.php(908): Illuminate\\View\\ViewServiceProvider->Illuminate\\View\\{closure}()
#9 /home/user-1/Desktop/My Buuild /gmoproperties/vendor/laravel/framework/src/Illuminate/Container/Container.php(795): Illuminate\\Container\\Container->build()
#10 /home/user-1/Desktop/My Buuild /gmoproperties/vendor/laravel/framework/src/Illuminate/Foundation/Application.php(986): Illuminate\\Container\\Container->resolve()
#11 /home/user-1/Desktop/My Buuild /gmoproperties/vendor/laravel/framework/src/Illuminate/Container/Container.php(731): Illuminate\\Foundation\\Application->resolve()
#12 /home/user-1/Desktop/My Buuild /gmoproperties/vendor/laravel/framework/src/Illuminate/Foundation/Application.php(971): Illuminate\\Container\\Container->make()
#13 /home/user-1/Desktop/My Buuild /gmoproperties/vendor/laravel/framework/src/Illuminate/Container/Container.php(1454): Illuminate\\Foundation\\Application->make()
#14 /home/user-1/Desktop/My Buuild /gmoproperties/vendor/laravel/framework/src/Illuminate/Support/Facades/Facade.php(237): Illuminate\\Container\\Container->offsetGet()
#15 /home/user-1/Desktop/My Buuild /gmoproperties/vendor/laravel/framework/src/Illuminate/Support/Facades/Facade.php(208): Illuminate\\Support\\Facades\\Facade::resolveFacadeInstance()
#16 /home/user-1/Desktop/My Buuild /gmoproperties/vendor/laravel/framework/src/Illuminate/Support/Facades/Facade.php(349): Illuminate\\Support\\Facades\\Facade::getFacadeRoot()
#17 /home/user-1/Desktop/My Buuild /gmoproperties/vendor/laravel/framework/src/Illuminate/Foundation/Exceptions/RegisterErrorViewPaths.php(18): Illuminate\\Support\\Facades\\Facade::__callStatic()
#18 /home/user-1/Desktop/My Buuild /gmoproperties/vendor/laravel/framework/src/Illuminate/Foundation/Exceptions/Handler.php(744): Illuminate\\Foundation\\Exceptions\\RegisterErrorViewPaths->__invoke()
#19 /home/user-1/Desktop/My Buuild /gmoproperties/vendor/laravel/framework/src/Illuminate/Foundation/Exceptions/Handler.php(719): Illuminate\\Foundation\\Exceptions\\Handler->registerErrorViewPaths()
#20 /home/user-1/Desktop/My Buuild /gmoproperties/vendor/laravel/framework/src/Illuminate/Foundation/Exceptions/Handler.php(650): Illuminate\\Foundation\\Exceptions\\Handler->renderHttpException()
#21 /home/user-1/Desktop/My Buuild /gmoproperties/vendor/laravel/framework/src/Illuminate/Foundation/Exceptions/Handler.php(556): Illuminate\\Foundation\\Exceptions\\Handler->prepareResponse()
#22 /home/user-1/Desktop/My Buuild /gmoproperties/vendor/laravel/framework/src/Illuminate/Foundation/Exceptions/Handler.php(473): Illuminate\\Foundation\\Exceptions\\Handler->renderExceptionResponse()
#23 /home/user-1/Desktop/My Buuild /gmoproperties/vendor/laravel/framework/src/Illuminate/Routing/Pipeline.php(51): Illuminate\\Foundation\\Exceptions\\Handler->render()
#24 /home/user-1/Desktop/My Buuild /gmoproperties/vendor/laravel/framework/src/Illuminate/Pipeline/Pipeline.php(146): Illuminate\\Routing\\Pipeline->handleException()
#25 /home/user-1/Desktop/My Buuild /gmoproperties/vendor/laravel/framework/src/Illuminate/Foundation/Http/Middleware/TransformsRequest.php(21): Illuminate\\Pipeline\\Pipeline->Illuminate\\Pipeline\\{closure}()
#26 /home/user-1/Desktop/My Buuild /gmoproperties/vendor/laravel/framework/src/Illuminate/Foundation/Http/Middleware/ConvertEmptyStringsToNull.php(31): Illuminate\\Foundation\\Http\\Middleware\\TransformsRequest->handle()
#27 /home/user-1/Desktop/My Buuild /gmoproperties/vendor/laravel/framework/src/Illuminate/Pipeline/Pipeline.php(183): Illuminate\\Foundation\\Http\\Middleware\\ConvertEmptyStringsToNull->handle()
#28 /home/user-1/Desktop/My Buuild /gmoproperties/vendor/laravel/framework/src/Illuminate/Foundation/Http/Middleware/TransformsRequest.php(21): Illuminate\\Pipeline\\Pipeline->Illuminate\\Pipeline\\{closure}()
#29 /home/user-1/Desktop/My Buuild /gmoproperties/vendor/laravel/framework/src/Illuminate/Foundation/Http/Middleware/TrimStrings.php(40): Illuminate\\Foundation\\Http\\Middleware\\TransformsRequest->handle()
#30 /home/user-1/Desktop/My Buuild /gmoproperties/vendor/laravel/framework/src/Illuminate/Pipeline/Pipeline.php(183): Illuminate\\Foundation\\Http\\Middleware\\TrimStrings->handle()
#31 /home/user-1/Desktop/My Buuild /gmoproperties/vendor/laravel/framework/src/Illuminate/Foundation/Http/Middleware/ValidatePostSize.php(27): Illuminate\\Pipeline\\Pipeline->Illuminate\\Pipeline\\{closure}()
#32 /home/user-1/Desktop/My Buuild /gmoproperties/vendor/laravel/framework/src/Illuminate/Pipeline/Pipeline.php(183): Illuminate\\Foundation\\Http\\Middleware\\ValidatePostSize->handle()
#33 /home/user-1/Desktop/My Buuild /gmoproperties/vendor/laravel/framework/src/Illuminate/Foundation/Http/Middleware/PreventRequestsDuringMaintenance.php(99): Illuminate\\Pipeline\\Pipeline->Illuminate\\Pipeline\\{closure}()
#34 /home/user-1/Desktop/My Buuild /gmoproperties/vendor/laravel/framework/src/Illuminate/Pipeline/Pipeline.php(183): Illuminate\\Foundation\\Http\\Middleware\\PreventRequestsDuringMaintenance->handle()
#35 /home/user-1/Desktop/My Buuild /gmoproperties/vendor/laravel/framework/src/Illuminate/Http/Middleware/HandleCors.php(49): Illuminate\\Pipeline\\Pipeline->Illuminate\\Pipeline\\{closure}()
#36 /home/user-1/Desktop/My Buuild /gmoproperties/vendor/laravel/framework/src/Illuminate/Pipeline/Pipeline.php(183): Illuminate\\Http\\Middleware\\HandleCors->handle()
#37 /home/user-1/Desktop/My Buuild /gmoproperties/vendor/laravel/framework/src/Illuminate/Http/Middleware/TrustProxies.php(39): Illuminate\\Pipeline\\Pipeline->Illuminate\\Pipeline\\{closure}()
#38 /home/user-1/Desktop/My Buuild /gmoproperties/vendor/laravel/framework/src/Illuminate/Pipeline/Pipeline.php(183): Illuminate\\Http\\Middleware\\TrustProxies->handle()
#39 /home/user-1/Desktop/My Buuild /gmoproperties/vendor/laravel/framework/src/Illuminate/Pipeline/Pipeline.php(119): Illuminate\\Pipeline\\Pipeline->Illuminate\\Pipeline\\{closure}()
#40 /home/user-1/Desktop/My Buuild /gmoproperties/vendor/laravel/framework/src/Illuminate/Foundation/Http/Kernel.php(175): Illuminate\\Pipeline\\Pipeline->then()
#41 /home/user-1/Desktop/My Buuild /gmoproperties/vendor/laravel/framework/src/Illuminate/Foundation/Http/Kernel.php(144): Illuminate\\Foundation\\Http\\Kernel->sendRequestThroughRouter()
#42 /home/user-1/Desktop/My Buuild /gmoproperties/public/index.php(37): Illuminate\\Foundation\\Http\\Kernel->handle()
#43 /home/user-1/Desktop/My Buuild /gmoproperties/vendor/laravel/framework/src/Illuminate/Foundation/resources/server.php(16): require_once('...')
#44 {main}
"} 
[2026-02-19 14:02:04] laravel.EMERGENCY: Unable to create configured logger. Using emergency logger. {"exception":"[object] (InvalidArgumentException(code: 0): Log [] is not defined. at /home/user-1/Desktop/My Buuild /gmoproperties/vendor/laravel/framework/src/Illuminate/Log/LogManager.php:212)
[stacktrace]
#0 /home/user-1/Desktop/My Buuild /gmoproperties/vendor/laravel/framework/src/Illuminate/Log/LogManager.php(137): Illuminate\\Log\\LogManager->resolve()
#1 /home/user-1/Desktop/My Buuild /gmoproperties/vendor/laravel/framework/src/Illuminate/Log/LogManager.php(124): Illuminate\\Log\\LogManager->get()
#2 /home/user-1/Desktop/My Buuild /gmoproperties/vendor/laravel/framework/src/Illuminate/Log/LogManager.php(681): Illuminate\\Log\\LogManager->driver()
#3 /home/user-1/Desktop/My Buuild /gmoproperties/vendor/laravel/framework/src/Illuminate/Foundation/Exceptions/Handler.php(317): Illuminate\\Log\\LogManager->error()
#4 /home/user-1/Desktop/My Buuild /gmoproperties/vendor/laravel/framework/src/Illuminate/Foundation/Exceptions/Handler.php(278): Illuminate\\Foundation\\Exceptions\\Handler->reportThrowable()
#5 /home/user-1/Desktop/My Buuild /gmoproperties/vendor/nunomaduro/collision/src/Adapters/Laravel/ExceptionHandler.php(46): Illuminate\\Foundation\\Exceptions\\Handler->report()
#6 /home/user-1/Desktop/My Buuild /gmoproperties/vendor/laravel/framework/src/Illuminate/Foundation/Console/Kernel.php(523): NunoMaduro\\Collision\\Adapters\\Laravel\\ExceptionHandler->report()
#7 /home/user-1/Desktop/My Buuild /gmoproperties/vendor/laravel/framework/src/Illuminate/Foundation/Console/Kernel.php(203): Illuminate\\Foundation\\Console\\Kernel->reportException()
#8 /home/user-1/Desktop/My Buuild /gmoproperties/artisan(26): Illuminate\\Foundation\\Console\\Kernel->handle()
#9 {main}
"} 
[2026-02-19 14:02:04] laravel.ERROR: View path not found. {"exception":"[object] (RuntimeException(code: 0): View path not found. at /home/user-1/Desktop/My Buuild /gmoproperties/vendor/laravel/framework/src/Illuminate/Foundation/Console/ViewClearCommand.php:59)
[stacktrace]
#0 /home/user-1/Desktop/My Buuild /gmoproperties/vendor/laravel/framework/src/Illuminate/Container/BoundMethod.php(36): Illuminate\\Foundation\\Console\\ViewClearCommand->handle()
#1 /home/user-1/Desktop/My Buuild /gmoproperties/vendor/laravel/framework/src/Illuminate/Container/Util.php(41): Illuminate\\Container\\BoundMethod::Illuminate\\Container\\{closure}()
#2 /home/user-1/Desktop/My Buuild /gmoproperties/vendor/laravel/framework/src/Illuminate/Container/BoundMethod.php(93): Illuminate\\Container\\Util::unwrapIfClosure()
#3 /home/user-1/Desktop/My Buuild /gmoproperties/vendor/laravel/framework/src/Illuminate/Container/BoundMethod.php(37): Illuminate\\Container\\BoundMethod::callBoundMethod()
#4 /home/user-1/Desktop/My Buuild /gmoproperties/vendor/laravel/framework/src/Illuminate/Container/Container.php(662): Illuminate\\Container\\BoundMethod::call()
#5 /home/user-1/Desktop/My Buuild /gmoproperties/vendor/laravel/framework/src/Illuminate/Console/Command.php(211): Illuminate\\Container\\Container->call()
#6 /home/user-1/Desktop/My Buuild /gmoproperties/vendor/symfony/console/Command/Command.php(326): Illuminate\\Console\\Command->execute()
#7 /home/user-1/Desktop/My Buuild /gmoproperties/vendor/laravel/framework/src/Illuminate/Console/Command.php(181): Symfony\\Component\\Console\\Command\\Command->run()
#8 /home/user-1/Desktop/My Buuild /gmoproperties/vendor/symfony/console/Application.php(1106): Illuminate\\Console\\Command->run()
#9 /home/user-1/Desktop/My Buuild /gmoproperties/vendor/symfony/console/Application.php(324): Symfony\\Component\\Console\\Application->doRunCommand()
#10 /home/user-1/Desktop/My Buuild /gmoproperties/vendor/symfony/console/Application.php(175): Symfony\\Component\\Console\\Application->doRun()
#11 /home/user-1/Desktop/My Buuild /gmoproperties/vendor/laravel/framework/src/Illuminate/Foundation/Console/Kernel.php(201): Symfony\\Component\\Console\\Application->run()
#12 /home/user-1/Desktop/My Buuild /gmoproperties/artisan(26): Illuminate\\Foundation\\Console\\Kernel->handle()
#13 {main}
"} 
[2026-02-19 14:12:28] laravel.EMERGENCY: Unable to create configured logger. Using emergency logger. {"exception":"[object] (InvalidArgumentException(code: 0): Log [] is not defined. at /home/user-1/Desktop/My Buuild /gmoproperties/vendor/laravel/framework/src/Illuminate/Log/LogManager.php:212)
[stacktrace]
#0 /home/user-1/Desktop/My Buuild /gmoproperties/vendor/laravel/framework/src/Illuminate/Log/LogManager.php(137): Illuminate\\Log\\LogManager->resolve()
#1 /home/user-1/Desktop/My Buuild /gmoproperties/vendor/laravel/framework/src/Illuminate/Log/LogManager.php(124): Illuminate\\Log\\LogManager->get()
#2 /home/user-1/Desktop/My Buuild /gmoproperties/vendor/laravel/framework/src/Illuminate/Log/LogManager.php(681): Illuminate\\Log\\LogManager->driver()
#3 /home/user-1/Desktop/My Buuild /gmoproperties/vendor/laravel/framework/src/Illuminate/Foundation/Exceptions/Handler.php(317): Illuminate\\Log\\LogManager->error()
#4 /home/user-1/Desktop/My Buuild /gmoproperties/vendor/laravel/framework/src/Illuminate/Foundation/Exceptions/Handler.php(278): Illuminate\\Foundation\\Exceptions\\Handler->reportThrowable()
#5 /home/user-1/Desktop/My Buuild /gmoproperties/vendor/nunomaduro/collision/src/Adapters/Laravel/ExceptionHandler.php(46): Illuminate\\Foundation\\Exceptions\\Handler->report()
#6 /home/user-1/Desktop/My Buuild /gmoproperties/vendor/laravel/framework/src/Illuminate/Foundation/Console/Kernel.php(523): NunoMaduro\\Collision\\Adapters\\Laravel\\ExceptionHandler->report()
#7 /home/user-1/Desktop/My Buuild /gmoproperties/vendor/laravel/framework/src/Illuminate/Foundation/Console/Kernel.php(203): Illuminate\\Foundation\\Console\\Kernel->reportException()
#8 /home/user-1/Desktop/My Buuild /gmoproperties/artisan(26): Illuminate\\Foundation\\Console\\Kernel->handle()
#9 {main}
"} 
[2026-02-19 14:12:28] laravel.ERROR: Command "config:publish" is not defined.

Did you mean one of these?
    config:cache
    config:clear
    config:show
    lang:publish
    sail:publish
    stub:publish
    vendor:publish {"exception":"[object] (Symfony\\Component\\Console\\Exception\\CommandNotFoundException(code: 0): Command \"config:publish\" is not defined.

Did you mean one of these?
    config:cache
    config:clear
    config:show
    lang:publish
    sail:publish
    stub:publish
    vendor:publish at /home/user-1/Desktop/My Buuild /gmoproperties/vendor/symfony/console/Application.php:745)
[stacktrace]
#0 /home/user-1/Desktop/My Buuild /gmoproperties/vendor/symfony/console/Application.php(266): Symfony\\Component\\Console\\Application->find()
#1 /home/user-1/Desktop/My Buuild /gmoproperties/vendor/symfony/console/Application.php(175): Symfony\\Component\\Console\\Application->doRun()
#2 /home/user-1/Desktop/My Buuild /gmoproperties/vendor/laravel/framework/src/Illuminate/Foundation/Console/Kernel.php(201): Symfony\\Component\\Console\\Application->run()
#3 /home/user-1/Desktop/My Buuild /gmoproperties/artisan(26): Illuminate\\Foundation\\Console\\Kernel->handle()
#4 {main}
"} 
[2026-02-19 14:12:40] laravel.EMERGENCY: Unable to create configured logger. Using emergency logger. {"exception":"[object] (InvalidArgumentException(code: 0): Log [] is not defined. at /home/user-1/Desktop/My Buuild /gmoproperties/vendor/laravel/framework/src/Illuminate/Log/LogManager.php:212)
[stacktrace]
#0 /home/user-1/Desktop/My Buuild /gmoproperties/vendor/laravel/framework/src/Illuminate/Log/LogManager.php(137): Illuminate\\Log\\LogManager->resolve()
#1 /home/user-1/Desktop/My Buuild /gmoproperties/vendor/laravel/framework/src/Illuminate/Log/LogManager.php(124): Illuminate\\Log\\LogManager->get()
#2 /home/user-1/Desktop/My Buuild /gmoproperties/vendor/laravel/framework/src/Illuminate/Log/LogManager.php(681): Illuminate\\Log\\LogManager->driver()
#3 /home/user-1/Desktop/My Buuild /gmoproperties/vendor/laravel/framework/src/Illuminate/Foundation/Exceptions/Handler.php(317): Illuminate\\Log\\LogManager->error()
#4 /home/user-1/Desktop/My Buuild /gmoproperties/vendor/laravel/framework/src/Illuminate/Foundation/Exceptions/Handler.php(278): Illuminate\\Foundation\\Exceptions\\Handler->reportThrowable()
#5 /home/user-1/Desktop/My Buuild /gmoproperties/vendor/laravel/framework/src/Illuminate/Routing/Pipeline.php(49): Illuminate\\Foundation\\Exceptions\\Handler->report()
#6 /home/user-1/Desktop/My Buuild /gmoproperties/vendor/laravel/framework/src/Illuminate/Pipeline/Pipeline.php(188): Illuminate\\Routing\\Pipeline->handleException()
#7 /home/user-1/Desktop/My Buuild /gmoproperties/vendor/laravel/framework/src/Illuminate/Cookie/Middleware/EncryptCookies.php(67): Illuminate\\Pipeline\\Pipeline->Illuminate\\Pipeline\\{closure}()
#8 /home/user-1/Desktop/My Buuild /gmoproperties/vendor/laravel/framework/src/Illuminate/Pipeline/Pipeline.php(183): Illuminate\\Cookie\\Middleware\\EncryptCookies->handle()
#9 /home/user-1/Desktop/My Buuild /gmoproperties/vendor/laravel/framework/src/Illuminate/Pipeline/Pipeline.php(119): Illuminate\\Pipeline\\Pipeline->Illuminate\\Pipeline\\{closure}()
#10 /home/user-1/Desktop/My Buuild /gmoproperties/vendor/laravel/framework/src/Illuminate/Routing/Router.php(807): Illuminate\\Pipeline\\Pipeline->then()
#11 /home/user-1/Desktop/My Buuild /gmoproperties/vendor/laravel/framework/src/Illuminate/Routing/Router.php(784): Illuminate\\Routing\\Router->runRouteWithinStack()
#12 /home/user-1/Desktop/My Buuild /gmoproperties/vendor/laravel/framework/src/Illuminate/Routing/Router.php(748): Illuminate\\Routing\\Router->runRoute()
#13 /home/user-1/Desktop/My Buuild /gmoproperties/vendor/laravel/framework/src/Illuminate/Routing/Router.php(737): Illuminate\\Routing\\Router->dispatchToRoute()
#14 /home/user-1/Desktop/My Buuild /gmoproperties/vendor/laravel/framework/src/Illuminate/Foundation/Http/Kernel.php(200): Illuminate\\Routing\\Router->dispatch()
#15 /home/user-1/Desktop/My Buuild /gmoproperties/vendor/laravel/framework/src/Illuminate/Pipeline/Pipeline.php(144): Illuminate\\Foundation\\Http\\Kernel->Illuminate\\Foundation\\Http\\{closure}()
#16 /home/user-1/Desktop/My Buuild /gmoproperties/vendor/laravel/framework/src/Illuminate/Foundation/Http/Middleware/TransformsRequest.php(21): Illuminate\\Pipeline\\Pipeline->Illuminate\\Pipeline\\{closure}()
#17 /home/user-1/Desktop/My Buuild /gmoproperties/vendor/laravel/framework/src/Illuminate/Foundation/Http/Middleware/ConvertEmptyStringsToNull.php(31): Illuminate\\Foundation\\Http\\Middleware\\TransformsRequest->handle()
#18 /home/user-1/Desktop/My Buuild /gmoproperties/vendor/laravel/framework/src/Illuminate/Pipeline/Pipeline.php(183): Illuminate\\Foundation\\Http\\Middleware\\ConvertEmptyStringsToNull->handle()
#19 /home/user-1/Desktop/My Buuild /gmoproperties/vendor/laravel/framework/src/Illuminate/Foundation/Http/Middleware/TransformsRequest.php(21): Illuminate\\Pipeline\\Pipeline->Illuminate\\Pipeline\\{closure}()
#20 /home/user-1/Desktop/My Buuild /gmoproperties/vendor/laravel/framework/src/Illuminate/Foundation/Http/Middleware/TrimStrings.php(40): Illuminate\\Foundation\\Http\\Middleware\\TransformsRequest->handle()
#21 /home/user-1/Desktop/My Buuild /gmoproperties/vendor/laravel/framework/src/Illuminate/Pipeline/Pipeline.php(183): Illuminate\\Foundation\\Http\\Middleware\\TrimStrings->handle()
#22 /home/user-1/Desktop/My Buuild /gmoproperties/vendor/laravel/framework/src/Illuminate/Foundation/Http/Middleware/ValidatePostSize.php(27): Illuminate\\Pipeline\\Pipeline->Illuminate\\Pipeline\\{closure}()
#23 /home/user-1/Desktop/My Buuild /gmoproperties/vendor/laravel/framework/src/Illuminate/Pipeline/Pipeline.php(183): Illuminate\\Foundation\\Http\\Middleware\\ValidatePostSize->handle()
#24 /home/user-1/Desktop/My Buuild /gmoproperties/vendor/laravel/framework/src/Illuminate/Foundation/Http/Middleware/PreventRequestsDuringMaintenance.php(99): Illuminate\\Pipeline\\Pipeline->Illuminate\\Pipeline\\{closure}()
#25 /home/user-1/Desktop/My Buuild /gmoproperties/vendor/laravel/framework/src/Illuminate/Pipeline/Pipeline.php(183): Illuminate\\Foundation\\Http\\Middleware\\PreventRequestsDuringMaintenance->handle()
#26 /home/user-1/Desktop/My Buuild /gmoproperties/vendor/laravel/framework/src/Illuminate/Http/Middleware/HandleCors.php(49): Illuminate\\Pipeline\\Pipeline->Illuminate\\Pipeline\\{closure}()
#27 /home/user-1/Desktop/My Buuild /gmoproperties/vendor/laravel/framework/src/Illuminate/Pipeline/Pipeline.php(183): Illuminate\\Http\\Middleware\\HandleCors->handle()
#28 /home/user-1/Desktop/My Buuild /gmoproperties/vendor/laravel/framework/src/Illuminate/Http/Middleware/TrustProxies.php(39): Illuminate\\Pipeline\\Pipeline->Illuminate\\Pipeline\\{closure}()
#29 /home/user-1/Desktop/My Buuild /gmoproperties/vendor/laravel/framework/src/Illuminate/Pipeline/Pipeline.php(183): Illuminate\\Http\\Middleware\\TrustProxies->handle()
#30 /home/user-1/Desktop/My Buuild /gmoproperties/vendor/laravel/framework/src/Illuminate/Pipeline/Pipeline.php(119): Illuminate\\Pipeline\\Pipeline->Illuminate\\Pipeline\\{closure}()
#31 /home/user-1/Desktop/My Buuild /gmoproperties/vendor/laravel/framework/src/Illuminate/Foundation/Http/Kernel.php(175): Illuminate\\Pipeline\\Pipeline->then()
#32 /home/user-1/Desktop/My Buuild /gmoproperties/vendor/laravel/framework/src/Illuminate/Foundation/Http/Kernel.php(144): Illuminate\\Foundation\\Http\\Kernel->sendRequestThroughRouter()
#33 /home/user-1/Desktop/My Buuild /gmoproperties/public/index.php(48): Illuminate\\Foundation\\Http\\Kernel->handle()
#34 /home/user-1/Desktop/My Buuild /gmoproperties/vendor/laravel/framework/src/Illuminate/Foundation/resources/server.php(16): require_once('...')
#35 {main}
"} 
[2026-02-19 14:12:40] laravel.ERROR: Trying to access array offset on value of type null {"exception":"[object] (ErrorException(code: 0): Trying to access array offset on value of type null at /home/user-1/Desktop/My Buuild /gmoproperties/vendor/laravel/framework/src/Illuminate/Cookie/CookieServiceProvider.php:20)
[stacktrace]
#0 /home/user-1/Desktop/My Buuild /gmoproperties/vendor/laravel/framework/src/Illuminate/Foundation/Bootstrap/HandleExceptions.php(255): Illuminate\\Foundation\\Bootstrap\\HandleExceptions->handleError()
#1 /home/user-1/Desktop/My Buuild /gmoproperties/vendor/laravel/framework/src/Illuminate/Cookie/CookieServiceProvider.php(20): Illuminate\\Foundation\\Bootstrap\\HandleExceptions->Illuminate\\Foundation\\Bootstrap\\{closure}()
#2 /home/user-1/Desktop/My Buuild /gmoproperties/vendor/laravel/framework/src/Illuminate/Container/Container.php(908): Illuminate\\Cookie\\CookieServiceProvider->Illuminate\\Cookie\\{closure}()
#3 /home/user-1/Desktop/My Buuild /gmoproperties/vendor/laravel/framework/src/Illuminate/Container/Container.php(795): Illuminate\\Container\\Container->build()
#4 /home/user-1/Desktop/My Buuild /gmoproperties/vendor/laravel/framework/src/Illuminate/Foundation/Application.php(986): Illuminate\\Container\\Container->resolve()
#5 /home/user-1/Desktop/My Buuild /gmoproperties/vendor/laravel/framework/src/Illuminate/Container/Container.php(731): Illuminate\\Foundation\\Application->resolve()
#6 /home/user-1/Desktop/My Buuild /gmoproperties/vendor/laravel/framework/src/Illuminate/Foundation/Application.php(971): Illuminate\\Container\\Container->make()
#7 /home/user-1/Desktop/My Buuild /gmoproperties/vendor/laravel/framework/src/Illuminate/Container/Container.php(1066): Illuminate\\Foundation\\Application->make()
#8 /home/user-1/Desktop/My Buuild /gmoproperties/vendor/laravel/framework/src/Illuminate/Container/Container.php(982): Illuminate\\Container\\Container->resolveClass()
#9 /home/user-1/Desktop/My Buuild /gmoproperties/vendor/laravel/framework/src/Illuminate/Container/Container.php(943): Illuminate\\Container\\Container->resolveDependencies()
#10 /home/user-1/Desktop/My Buuild /gmoproperties/vendor/laravel/framework/src/Illuminate/Container/Container.php(795): Illuminate\\Container\\Container->build()
#11 /home/user-1/Desktop/My Buuild /gmoproperties/vendor/laravel/framework/src/Illuminate/Foundation/Application.php(986): Illuminate\\Container\\Container->resolve()
#12 /home/user-1/Desktop/My Buuild /gmoproperties/vendor/laravel/framework/src/Illuminate/Container/Container.php(731): Illuminate\\Foundation\\Application->resolve()
#13 /home/user-1/Desktop/My Buuild /gmoproperties/vendor/laravel/framework/src/Illuminate/Foundation/Application.php(971): Illuminate\\Container\\Container->make()
#14 /home/user-1/Desktop/My Buuild /gmoproperties/vendor/laravel/framework/src/Illuminate/Pipeline/Pipeline.php(172): Illuminate\\Foundation\\Application->make()
#15 /home/user-1/Desktop/My Buuild /gmoproperties/vendor/laravel/framework/src/Illuminate/Cookie/Middleware/EncryptCookies.php(67): Illuminate\\Pipeline\\Pipeline->Illuminate\\Pipeline\\{closure}()
#16 /home/user-1/Desktop/My Buuild /gmoproperties/vendor/laravel/framework/src/Illuminate/Pipeline/Pipeline.php(183): Illuminate\\Cookie\\Middleware\\EncryptCookies->handle()
#17 /home/user-1/Desktop/My Buuild /gmoproperties/vendor/laravel/framework/src/Illuminate/Pipeline/Pipeline.php(119): Illuminate\\Pipeline\\Pipeline->Illuminate\\Pipeline\\{closure}()
#18 /home/user-1/Desktop/My Buuild /gmoproperties/vendor/laravel/framework/src/Illuminate/Routing/Router.php(807): Illuminate\\Pipeline\\Pipeline->then()
#19 /home/user-1/Desktop/My Buuild /gmoproperties/vendor/laravel/framework/src/Illuminate/Routing/Router.php(784): Illuminate\\Routing\\Router->runRouteWithinStack()
#20 /home/user-1/Desktop/My Buuild /gmoproperties/vendor/laravel/framework/src/Illuminate/Routing/Router.php(748): Illuminate\\Routing\\Router->runRoute()
#21 /home/user-1/Desktop/My Buuild /gmoproperties/vendor/laravel/framework/src/Illuminate/Routing/Router.php(737): Illuminate\\Routing\\Router->dispatchToRoute()
#22 /home/user-1/Desktop/My Buuild /gmoproperties/vendor/laravel/framework/src/Illuminate/Foundation/Http/Kernel.php(200): Illuminate\\Routing\\Router->dispatch()
#23 /home/user-1/Desktop/My Buuild /gmoproperties/vendor/laravel/framework/src/Illuminate/Pipeline/Pipeline.php(144): Illuminate\\Foundation\\Http\\Kernel->Illuminate\\Foundation\\Http\\{closure}()
#24 /home/user-1/Desktop/My Buuild /gmoproperties/vendor/laravel/framework/src/Illuminate/Foundation/Http/Middleware/TransformsRequest.php(21): Illuminate\\Pipeline\\Pipeline->Illuminate\\Pipeline\\{closure}()
#25 /home/user-1/Desktop/My Buuild /gmoproperties/vendor/laravel/framework/src/Illuminate/Foundation/Http/Middleware/ConvertEmptyStringsToNull.php(31): Illuminate\\Foundation\\Http\\Middleware\\TransformsRequest->handle()
#26 /home/user-1/Desktop/My Buuild /gmoproperties/vendor/laravel/framework/src/Illuminate/Pipeline/Pipeline.php(183): Illuminate\\Foundation\\Http\\Middleware\\ConvertEmptyStringsToNull->handle()
#27 /home/user-1/Desktop/My Buuild /gmoproperties/vendor/laravel/framework/src/Illuminate/Foundation/Http/Middleware/TransformsRequest.php(21): Illuminate\\Pipeline\\Pipeline->Illuminate\\Pipeline\\{closure}()
#28 /home/user-1/Desktop/My Buuild /gmoproperties/vendor/laravel/framework/src/Illuminate/Foundation/Http/Middleware/TrimStrings.php(40): Illuminate\\Foundation\\Http\\Middleware\\TransformsRequest->handle()
#29 /home/user-1/Desktop/My Buuild /gmoproperties/vendor/laravel/framework/src/Illuminate/Pipeline/Pipeline.php(183): Illuminate\\Foundation\\Http\\Middleware\\TrimStrings->handle()
#30 /home/user-1/Desktop/My Buuild /gmoproperties/vendor/laravel/framework/src/Illuminate/Foundation/Http/Middleware/ValidatePostSize.php(27): Illuminate\\Pipeline\\Pipeline->Illuminate\\Pipeline\\{closure}()
#31 /home/user-1/Desktop/My Buuild /gmoproperties/vendor/laravel/framework/src/Illuminate/Pipeline/Pipeline.php(183): Illuminate\\Foundation\\Http\\Middleware\\ValidatePostSize->handle()
#32 /home/user-1/Desktop/My Buuild /gmoproperties/vendor/laravel/framework/src/Illuminate/Foundation/Http/Middleware/PreventRequestsDuringMaintenance.php(99): Illuminate\\Pipeline\\Pipeline->Illuminate\\Pipeline\\{closure}()
#33 /home/user-1/Desktop/My Buuild /gmoproperties/vendor/laravel/framework/src/Illuminate/Pipeline/Pipeline.php(183): Illuminate\\Foundation\\Http\\Middleware\\PreventRequestsDuringMaintenance->handle()
#34 /home/user-1/Desktop/My Buuild /gmoproperties/vendor/laravel/framework/src/Illuminate/Http/Middleware/HandleCors.php(49): Illuminate\\Pipeline\\Pipeline->Illuminate\\Pipeline\\{closure}()
#35 /home/user-1/Desktop/My Buuild /gmoproperties/vendor/laravel/framework/src/Illuminate/Pipeline/Pipeline.php(183): Illuminate\\Http\\Middleware\\HandleCors->handle()
#36 /home/user-1/Desktop/My Buuild /gmoproperties/vendor/laravel/framework/src/Illuminate/Http/Middleware/TrustProxies.php(39): Illuminate\\Pipeline\\Pipeline->Illuminate\\Pipeline\\{closure}()
#37 /home/user-1/Desktop/My Buuild /gmoproperties/vendor/laravel/framework/src/Illuminate/Pipeline/Pipeline.php(183): Illuminate\\Http\\Middleware\\TrustProxies->handle()
#38 /home/user-1/Desktop/My Buuild /gmoproperties/vendor/laravel/framework/src/Illuminate/Pipeline/Pipeline.php(119): Illuminate\\Pipeline\\Pipeline->Illuminate\\Pipeline\\{closure}()
#39 /home/user-1/Desktop/My Buuild /gmoproperties/vendor/laravel/framework/src/Illuminate/Foundation/Http/Kernel.php(175): Illuminate\\Pipeline\\Pipeline->then()
#40 /home/user-1/Desktop/My Buuild /gmoproperties/vendor/laravel/framework/src/Illuminate/Foundation/Http/Kernel.php(144): Illuminate\\Foundation\\Http\\Kernel->sendRequestThroughRouter()
#41 /home/user-1/Desktop/My Buuild /gmoproperties/public/index.php(48): Illuminate\\Foundation\\Http\\Kernel->handle()
#42 /home/user-1/Desktop/My Buuild /gmoproperties/vendor/laravel/framework/src/Illuminate/Foundation/resources/server.php(16): require_once('...')
#43 {main}
"} 
[2026-02-19 14:12:40] laravel.EMERGENCY: Unable to create configured logger. Using emergency logger. {"exception":"[object] (InvalidArgumentException(code: 0): Log [] is not defined. at /home/user-1/Desktop/My Buuild /gmoproperties/vendor/laravel/framework/src/Illuminate/Log/LogManager.php:212)
[stacktrace]
#0 /home/user-1/Desktop/My Buuild /gmoproperties/vendor/laravel/framework/src/Illuminate/Log/LogManager.php(137): Illuminate\\Log\\LogManager->resolve()
#1 /home/user-1/Desktop/My Buuild /gmoproperties/vendor/laravel/framework/src/Illuminate/Log/LogManager.php(124): Illuminate\\Log\\LogManager->get()
#2 /home/user-1/Desktop/My Buuild /gmoproperties/vendor/laravel/framework/src/Illuminate/Log/LogManager.php(681): Illuminate\\Log\\LogManager->driver()
#3 /home/user-1/Desktop/My Buuild /gmoproperties/vendor/laravel/framework/src/Illuminate/Foundation/Exceptions/Handler.php(317): Illuminate\\Log\\LogManager->error()
#4 /home/user-1/Desktop/My Buuild /gmoproperties/vendor/laravel/framework/src/Illuminate/Foundation/Exceptions/Handler.php(278): Illuminate\\Foundation\\Exceptions\\Handler->reportThrowable()
#5 /home/user-1/Desktop/My Buuild /gmoproperties/vendor/laravel/framework/src/Illuminate/Foundation/Bootstrap/HandleExceptions.php(183): Illuminate\\Foundation\\Exceptions\\Handler->report()
#6 /home/user-1/Desktop/My Buuild /gmoproperties/vendor/laravel/framework/src/Illuminate/Foundation/Bootstrap/HandleExceptions.php(255): Illuminate\\Foundation\\Bootstrap\\HandleExceptions->handleException()
#7 [internal function]: Illuminate\\Foundation\\Bootstrap\\HandleExceptions->Illuminate\\Foundation\\Bootstrap\\{closure}()
#8 {main}
"} 
[2026-02-19 14:12:40] laravel.ERROR: Trying to access array offset on value of type null {"exception":"[object] (ErrorException(code: 0): Trying to access array offset on value of type null at /home/user-1/Desktop/My Buuild /gmoproperties/vendor/laravel/framework/src/Illuminate/Cookie/CookieServiceProvider.php:20)
[stacktrace]
#0 /home/user-1/Desktop/My Buuild /gmoproperties/vendor/laravel/framework/src/Illuminate/Foundation/Bootstrap/HandleExceptions.php(255): Illuminate\\Foundation\\Bootstrap\\HandleExceptions->handleError()
#1 /home/user-1/Desktop/My Buuild /gmoproperties/vendor/laravel/framework/src/Illuminate/Cookie/CookieServiceProvider.php(20): Illuminate\\Foundation\\Bootstrap\\HandleExceptions->Illuminate\\Foundation\\Bootstrap\\{closure}()
#2 /home/user-1/Desktop/My Buuild /gmoproperties/vendor/laravel/framework/src/Illuminate/Container/Container.php(908): Illuminate\\Cookie\\CookieServiceProvider->Illuminate\\Cookie\\{closure}()
#3 /home/user-1/Desktop/My Buuild /gmoproperties/vendor/laravel/framework/src/Illuminate/Container/Container.php(795): Illuminate\\Container\\Container->build()
#4 /home/user-1/Desktop/My Buuild /gmoproperties/vendor/laravel/framework/src/Illuminate/Foundation/Application.php(986): Illuminate\\Container\\Container->resolve()
#5 /home/user-1/Desktop/My Buuild /gmoproperties/vendor/laravel/framework/src/Illuminate/Container/Container.php(731): Illuminate\\Foundation\\Application->resolve()
#6 /home/user-1/Desktop/My Buuild /gmoproperties/vendor/laravel/framework/src/Illuminate/Foundation/Application.php(971): Illuminate\\Container\\Container->make()
#7 /home/user-1/Desktop/My Buuild /gmoproperties/vendor/laravel/framework/src/Illuminate/Container/Container.php(1066): Illuminate\\Foundation\\Application->make()
#8 /home/user-1/Desktop/My Buuild /gmoproperties/vendor/laravel/framework/src/Illuminate/Container/Container.php(982): Illuminate\\Container\\Container->resolveClass()
#9 /home/user-1/Desktop/My Buuild /gmoproperties/vendor/laravel/framework/src/Illuminate/Container/Container.php(943): Illuminate\\Container\\Container->resolveDependencies()
#10 /home/user-1/Desktop/My Buuild /gmoproperties/vendor/laravel/framework/src/Illuminate/Container/Container.php(795): Illuminate\\Container\\Container->build()
#11 /home/user-1/Desktop/My Buuild /gmoproperties/vendor/laravel/framework/src/Illuminate/Foundation/Application.php(986): Illuminate\\Container\\Container->resolve()
#12 /home/user-1/Desktop/My Buuild /gmoproperties/vendor/laravel/framework/src/Illuminate/Container/Container.php(731): Illuminate\\Foundation\\Application->resolve()
#13 /home/user-1/Desktop/My Buuild /gmoproperties/vendor/laravel/framework/src/Illuminate/Foundation/Application.php(971): Illuminate\\Container\\Container->make()
#14 /home/user-1/Desktop/My Buuild /gmoproperties/vendor/laravel/framework/src/Illuminate/Foundation/Http/Kernel.php(255): Illuminate\\Foundation\\Application->make()
#15 /home/user-1/Desktop/My Buuild /gmoproperties/vendor/laravel/framework/src/Illuminate/Foundation/Http/Kernel.php(213): Illuminate\\Foundation\\Http\\Kernel->terminateMiddleware()
#16 /home/user-1/Desktop/My Buuild /gmoproperties/public/index.php(51): Illuminate\\Foundation\\Http\\Kernel->terminate()
#17 /home/user-1/Desktop/My Buuild /gmoproperties/vendor/laravel/framework/src/Illuminate/Foundation/resources/server.php(16): require_once('...')
#18 {main}
"} 
[2026-02-19 14:12:42] laravel.EMERGENCY: Unable to create configured logger. Using emergency logger. {"exception":"[object] (InvalidArgumentException(code: 0): Log [] is not defined. at /home/user-1/Desktop/My Buuild /gmoproperties/vendor/laravel/framework/src/Illuminate/Log/LogManager.php:212)
[stacktrace]
#0 /home/user-1/Desktop/My Buuild /gmoproperties/vendor/laravel/framework/src/Illuminate/Log/LogManager.php(137): Illuminate\\Log\\LogManager->resolve()
#1 /home/user-1/Desktop/My Buuild /gmoproperties/vendor/laravel/framework/src/Illuminate/Log/LogManager.php(124): Illuminate\\Log\\LogManager->get()
#2 /home/user-1/Desktop/My Buuild /gmoproperties/vendor/laravel/framework/src/Illuminate/Log/LogManager.php(681): Illuminate\\Log\\LogManager->driver()
#3 /home/user-1/Desktop/My Buuild /gmoproperties/vendor/laravel/framework/src/Illuminate/Foundation/Exceptions/Handler.php(317): Illuminate\\Log\\LogManager->error()
#4 /home/user-1/Desktop/My Buuild /gmoproperties/vendor/laravel/framework/src/Illuminate/Foundation/Exceptions/Handler.php(278): Illuminate\\Foundation\\Exceptions\\Handler->reportThrowable()
#5 /home/user-1/Desktop/My Buuild /gmoproperties/vendor/laravel/framework/src/Illuminate/Routing/Pipeline.php(49): Illuminate\\Foundation\\Exceptions\\Handler->report()
#6 /home/user-1/Desktop/My Buuild /gmoproperties/vendor/laravel/framework/src/Illuminate/Pipeline/Pipeline.php(188): Illuminate\\Routing\\Pipeline->handleException()
#7 /home/user-1/Desktop/My Buuild /gmoproperties/vendor/laravel/framework/src/Illuminate/Cookie/Middleware/EncryptCookies.php(67): Illuminate\\Pipeline\\Pipeline->Illuminate\\Pipeline\\{closure}()
#8 /home/user-1/Desktop/My Buuild /gmoproperties/vendor/laravel/framework/src/Illuminate/Pipeline/Pipeline.php(183): Illuminate\\Cookie\\Middleware\\EncryptCookies->handle()
#9 /home/user-1/Desktop/My Buuild /gmoproperties/vendor/laravel/framework/src/Illuminate/Pipeline/Pipeline.php(119): Illuminate\\Pipeline\\Pipeline->Illuminate\\Pipeline\\{closure}()
#10 /home/user-1/Desktop/My Buuild /gmoproperties/vendor/laravel/framework/src/Illuminate/Routing/Router.php(807): Illuminate\\Pipeline\\Pipeline->then()
#11 /home/user-1/Desktop/My Buuild /gmoproperties/vendor/laravel/framework/src/Illuminate/Routing/Router.php(784): Illuminate\\Routing\\Router->runRouteWithinStack()
#12 /home/user-1/Desktop/My Buuild /gmoproperties/vendor/laravel/framework/src/Illuminate/Routing/Router.php(748): Illuminate\\Routing\\Router->runRoute()
#13 /home/user-1/Desktop/My Buuild /gmoproperties/vendor/laravel/framework/src/Illuminate/Routing/Router.php(737): Illuminate\\Routing\\Router->dispatchToRoute()
#14 /home/user-1/Desktop/My Buuild /gmoproperties/vendor/laravel/framework/src/Illuminate/Foundation/Http/Kernel.php(200): Illuminate\\Routing\\Router->dispatch()
#15 /home/user-1/Desktop/My Buuild /gmoproperties/vendor/laravel/framework/src/Illuminate/Pipeline/Pipeline.php(144): Illuminate\\Foundation\\Http\\Kernel->Illuminate\\Foundation\\Http\\{closure}()
#16 /home/user-1/Desktop/My Buuild /gmoproperties/vendor/laravel/framework/src/Illuminate/Foundation/Http/Middleware/TransformsRequest.php(21): Illuminate\\Pipeline\\Pipeline->Illuminate\\Pipeline\\{closure}()
#17 /home/user-1/Desktop/My Buuild /gmoproperties/vendor/laravel/framework/src/Illuminate/Foundation/Http/Middleware/ConvertEmptyStringsToNull.php(31): Illuminate\\Foundation\\Http\\Middleware\\TransformsRequest->handle()
#18 /home/user-1/Desktop/My Buuild /gmoproperties/vendor/laravel/framework/src/Illuminate/Pipeline/Pipeline.php(183): Illuminate\\Foundation\\Http\\Middleware\\ConvertEmptyStringsToNull->handle()
#19 /home/user-1/Desktop/My Buuild /gmoproperties/vendor/laravel/framework/src/Illuminate/Foundation/Http/Middleware/TransformsRequest.php(21): Illuminate\\Pipeline\\Pipeline->Illuminate\\Pipeline\\{closure}()
#20 /home/user-1/Desktop/My Buuild /gmoproperties/vendor/laravel/framework/src/Illuminate/Foundation/Http/Middleware/TrimStrings.php(40): Illuminate\\Foundation\\Http\\Middleware\\TransformsRequest->handle()
#21 /home/user-1/Desktop/My Buuild /gmoproperties/vendor/laravel/framework/src/Illuminate/Pipeline/Pipeline.php(183): Illuminate\\Foundation\\Http\\Middleware\\TrimStrings->handle()
#22 /home/user-1/Desktop/My Buuild /gmoproperties/vendor/laravel/framework/src/Illuminate/Foundation/Http/Middleware/ValidatePostSize.php(27): Illuminate\\Pipeline\\Pipeline->Illuminate\\Pipeline\\{closure}()
#23 /home/user-1/Desktop/My Buuild /gmoproperties/vendor/laravel/framework/src/Illuminate/Pipeline/Pipeline.php(183): Illuminate\\Foundation\\Http\\Middleware\\ValidatePostSize->handle()
#24 /home/user-1/Desktop/My Buuild /gmoproperties/vendor/laravel/framework/src/Illuminate/Foundation/Http/Middleware/PreventRequestsDuringMaintenance.php(99): Illuminate\\Pipeline\\Pipeline->Illuminate\\Pipeline\\{closure}()
#25 /home/user-1/Desktop/My Buuild /gmoproperties/vendor/laravel/framework/src/Illuminate/Pipeline/Pipeline.php(183): Illuminate\\Foundation\\Http\\Middleware\\PreventRequestsDuringMaintenance->handle()
#26 /home/user-1/Desktop/My Buuild /gmoproperties/vendor/laravel/framework/src/Illuminate/Http/Middleware/HandleCors.php(49): Illuminate\\Pipeline\\Pipeline->Illuminate\\Pipeline\\{closure}()
#27 /home/user-1/Desktop/My Buuild /gmoproperties/vendor/laravel/framework/src/Illuminate/Pipeline/Pipeline.php(183): Illuminate\\Http\\Middleware\\HandleCors->handle()
#28 /home/user-1/Desktop/My Buuild /gmoproperties/vendor/laravel/framework/src/Illuminate/Http/Middleware/TrustProxies.php(39): Illuminate\\Pipeline\\Pipeline->Illuminate\\Pipeline\\{closure}()
#29 /home/user-1/Desktop/My Buuild /gmoproperties/vendor/laravel/framework/src/Illuminate/Pipeline/Pipeline.php(183): Illuminate\\Http\\Middleware\\TrustProxies->handle()
#30 /home/user-1/Desktop/My Buuild /gmoproperties/vendor/laravel/framework/src/Illuminate/Pipeline/Pipeline.php(119): Illuminate\\Pipeline\\Pipeline->Illuminate\\Pipeline\\{closure}()
#31 /home/user-1/Desktop/My Buuild /gmoproperties/vendor/laravel/framework/src/Illuminate/Foundation/Http/Kernel.php(175): Illuminate\\Pipeline\\Pipeline->then()
#32 /home/user-1/Desktop/My Buuild /gmoproperties/vendor/laravel/framework/src/Illuminate/Foundation/Http/Kernel.php(144): Illuminate\\Foundation\\Http\\Kernel->sendRequestThroughRouter()
#33 /home/user-1/Desktop/My Buuild /gmoproperties/public/index.php(48): Illuminate\\Foundation\\Http\\Kernel->handle()
#34 /home/user-1/Desktop/My Buuild /gmoproperties/vendor/laravel/framework/src/Illuminate/Foundation/resources/server.php(16): require_once('...')
#35 {main}
"} 
[2026-02-19 14:12:42] laravel.ERROR: Trying to access array offset on value of type null {"exception":"[object] (ErrorException(code: 0): Trying to access array offset on value of type null at /home/user-1/Desktop/My Buuild /gmoproperties/vendor/laravel/framework/src/Illuminate/Cookie/CookieServiceProvider.php:20)
[stacktrace]
#0 /home/user-1/Desktop/My Buuild /gmoproperties/vendor/laravel/framework/src/Illuminate/Foundation/Bootstrap/HandleExceptions.php(255): Illuminate\\Foundation\\Bootstrap\\HandleExceptions->handleError()
#1 /home/user-1/Desktop/My Buuild /gmoproperties/vendor/laravel/framework/src/Illuminate/Cookie/CookieServiceProvider.php(20): Illuminate\\Foundation\\Bootstrap\\HandleExceptions->Illuminate\\Foundation\\Bootstrap\\{closure}()
#2 /home/user-1/Desktop/My Buuild /gmoproperties/vendor/laravel/framework/src/Illuminate/Container/Container.php(908): Illuminate\\Cookie\\CookieServiceProvider->Illuminate\\Cookie\\{closure}()
#3 /home/user-1/Desktop/My Buuild /gmoproperties/vendor/laravel/framework/src/Illuminate/Container/Container.php(795): Illuminate\\Container\\Container->build()
#4 /home/user-1/Desktop/My Buuild /gmoproperties/vendor/laravel/framework/src/Illuminate/Foundation/Application.php(986): Illuminate\\Container\\Container->resolve()
#5 /home/user-1/Desktop/My Buuild /gmoproperties/vendor/laravel/framework/src/Illuminate/Container/Container.php(731): Illuminate\\Foundation\\Application->resolve()
#6 /home/user-1/Desktop/My Buuild /gmoproperties/vendor/laravel/framework/src/Illuminate/Foundation/Application.php(971): Illuminate\\Container\\Container->make()
#7 /home/user-1/Desktop/My Buuild /gmoproperties/vendor/laravel/framework/src/Illuminate/Container/Container.php(1066): Illuminate\\Foundation\\Application->make()
#8 /home/user-1/Desktop/My Buuild /gmoproperties/vendor/laravel/framework/src/Illuminate/Container/Container.php(982): Illuminate\\Container\\Container->resolveClass()
#9 /home/user-1/Desktop/My Buuild /gmoproperties/vendor/laravel/framework/src/Illuminate/Container/Container.php(943): Illuminate\\Container\\Container->resolveDependencies()
#10 /home/user-1/Desktop/My Buuild /gmoproperties/vendor/laravel/framework/src/Illuminate/Container/Container.php(795): Illuminate\\Container\\Container->build()
#11 /home/user-1/Desktop/My Buuild /gmoproperties/vendor/laravel/framework/src/Illuminate/Foundation/Application.php(986): Illuminate\\Container\\Container->resolve()
#12 /home/user-1/Desktop/My Buuild /gmoproperties/vendor/laravel/framework/src/Illuminate/Container/Container.php(731): Illuminate\\Foundation\\Application->resolve()
#13 /home/user-1/Desktop/My Buuild /gmoproperties/vendor/laravel/framework/src/Illuminate/Foundation/Application.php(971): Illuminate\\Container\\Container->make()
#14 /home/user-1/Desktop/My Buuild /gmoproperties/vendor/laravel/framework/src/Illuminate/Pipeline/Pipeline.php(172): Illuminate\\Foundation\\Application->make()
#15 /home/user-1/Desktop/My Buuild /gmoproperties/vendor/laravel/framework/src/Illuminate/Cookie/Middleware/EncryptCookies.php(67): Illuminate\\Pipeline\\Pipeline->Illuminate\\Pipeline\\{closure}()
#16 /home/user-1/Desktop/My Buuild /gmoproperties/vendor/laravel/framework/src/Illuminate/Pipeline/Pipeline.php(183): Illuminate\\Cookie\\Middleware\\EncryptCookies->handle()
#17 /home/user-1/Desktop/My Buuild /gmoproperties/vendor/laravel/framework/src/Illuminate/Pipeline/Pipeline.php(119): Illuminate\\Pipeline\\Pipeline->Illuminate\\Pipeline\\{closure}()
#18 /home/user-1/Desktop/My Buuild /gmoproperties/vendor/laravel/framework/src/Illuminate/Routing/Router.php(807): Illuminate\\Pipeline\\Pipeline->then()
#19 /home/user-1/Desktop/My Buuild /gmoproperties/vendor/laravel/framework/src/Illuminate/Routing/Router.php(784): Illuminate\\Routing\\Router->runRouteWithinStack()
#20 /home/user-1/Desktop/My Buuild /gmoproperties/vendor/laravel/framework/src/Illuminate/Routing/Router.php(748): Illuminate\\Routing\\Router->runRoute()
#21 /home/user-1/Desktop/My Buuild /gmoproperties/vendor/laravel/framework/src/Illuminate/Routing/Router.php(737): Illuminate\\Routing\\Router->dispatchToRoute()
#22 /home/user-1/Desktop/My Buuild /gmoproperties/vendor/laravel/framework/src/Illuminate/Foundation/Http/Kernel.php(200): Illuminate\\Routing\\Router->dispatch()
#23 /home/user-1/Desktop/My Buuild /gmoproperties/vendor/laravel/framework/src/Illuminate/Pipeline/Pipeline.php(144): Illuminate\\Foundation\\Http\\Kernel->Illuminate\\Foundation\\Http\\{closure}()
#24 /home/user-1/Desktop/My Buuild /gmoproperties/vendor/laravel/framework/src/Illuminate/Foundation/Http/Middleware/TransformsRequest.php(21): Illuminate\\Pipeline\\Pipeline->Illuminate\\Pipeline\\{closure}()
#25 /home/user-1/Desktop/My Buuild /gmoproperties/vendor/laravel/framework/src/Illuminate/Foundation/Http/Middleware/ConvertEmptyStringsToNull.php(31): Illuminate\\Foundation\\Http\\Middleware\\TransformsRequest->handle()
#26 /home/user-1/Desktop/My Buuild /gmoproperties/vendor/laravel/framework/src/Illuminate/Pipeline/Pipeline.php(183): Illuminate\\Foundation\\Http\\Middleware\\ConvertEmptyStringsToNull->handle()
#27 /home/user-1/Desktop/My Buuild /gmoproperties/vendor/laravel/framework/src/Illuminate/Foundation/Http/Middleware/TransformsRequest.php(21): Illuminate\\Pipeline\\Pipeline->Illuminate\\Pipeline\\{closure}()
#28 /home/user-1/Desktop/My Buuild /gmoproperties/vendor/laravel/framework/src/Illuminate/Foundation/Http/Middleware/TrimStrings.php(40): Illuminate\\Foundation\\Http\\Middleware\\TransformsRequest->handle()
#29 /home/user-1/Desktop/My Buuild /gmoproperties/vendor/laravel/framework/src/Illuminate/Pipeline/Pipeline.php(183): Illuminate\\Foundation\\Http\\Middleware\\TrimStrings->handle()
#30 /home/user-1/Desktop/My Buuild /gmoproperties/vendor/laravel/framework/src/Illuminate/Foundation/Http/Middleware/ValidatePostSize.php(27): Illuminate\\Pipeline\\Pipeline->Illuminate\\Pipeline\\{closure}()
#31 /home/user-1/Desktop/My Buuild /gmoproperties/vendor/laravel/framework/src/Illuminate/Pipeline/Pipeline.php(183): Illuminate\\Foundation\\Http\\Middleware\\ValidatePostSize->handle()
#32 /home/user-1/Desktop/My Buuild /gmoproperties/vendor/laravel/framework/src/Illuminate/Foundation/Http/Middleware/PreventRequestsDuringMaintenance.php(99): Illuminate\\Pipeline\\Pipeline->Illuminate\\Pipeline\\{closure}()
#33 /home/user-1/Desktop/My Buuild /gmoproperties/vendor/laravel/framework/src/Illuminate/Pipeline/Pipeline.php(183): Illuminate\\Foundation\\Http\\Middleware\\PreventRequestsDuringMaintenance->handle()
#34 /home/user-1/Desktop/My Buuild /gmoproperties/vendor/laravel/framework/src/Illuminate/Http/Middleware/HandleCors.php(49): Illuminate\\Pipeline\\Pipeline->Illuminate\\Pipeline\\{closure}()
#35 /home/user-1/Desktop/My Buuild /gmoproperties/vendor/laravel/framework/src/Illuminate/Pipeline/Pipeline.php(183): Illuminate\\Http\\Middleware\\HandleCors->handle()
#36 /home/user-1/Desktop/My Buuild /gmoproperties/vendor/laravel/framework/src/Illuminate/Http/Middleware/TrustProxies.php(39): Illuminate\\Pipeline\\Pipeline->Illuminate\\Pipeline\\{closure}()
#37 /home/user-1/Desktop/My Buuild /gmoproperties/vendor/laravel/framework/src/Illuminate/Pipeline/Pipeline.php(183): Illuminate\\Http\\Middleware\\TrustProxies->handle()
#38 /home/user-1/Desktop/My Buuild /gmoproperties/vendor/laravel/framework/src/Illuminate/Pipeline/Pipeline.php(119): Illuminate\\Pipeline\\Pipeline->Illuminate\\Pipeline\\{closure}()
#39 /home/user-1/Desktop/My Buuild /gmoproperties/vendor/laravel/framework/src/Illuminate/Foundation/Http/Kernel.php(175): Illuminate\\Pipeline\\Pipeline->then()
#40 /home/user-1/Desktop/My Buuild /gmoproperties/vendor/laravel/framework/src/Illuminate/Foundation/Http/Kernel.php(144): Illuminate\\Foundation\\Http\\Kernel->sendRequestThroughRouter()
#41 /home/user-1/Desktop/My Buuild /gmoproperties/public/index.php(48): Illuminate\\Foundation\\Http\\Kernel->handle()
#42 /home/user-1/Desktop/My Buuild /gmoproperties/vendor/laravel/framework/src/Illuminate/Foundation/resources/server.php(16): require_once('...')
#43 {main}
"} 
[2026-02-19 14:12:42] laravel.EMERGENCY: Unable to create configured logger. Using emergency logger. {"exception":"[object] (InvalidArgumentException(code: 0): Log [] is not defined. at /home/user-1/Desktop/My Buuild /gmoproperties/vendor/laravel/framework/src/Illuminate/Log/LogManager.php:212)
[stacktrace]
#0 /home/user-1/Desktop/My Buuild /gmoproperties/vendor/laravel/framework/src/Illuminate/Log/LogManager.php(137): Illuminate\\Log\\LogManager->resolve()
#1 /home/user-1/Desktop/My Buuild /gmoproperties/vendor/laravel/framework/src/Illuminate/Log/LogManager.php(124): Illuminate\\Log\\LogManager->get()
#2 /home/user-1/Desktop/My Buuild /gmoproperties/vendor/laravel/framework/src/Illuminate/Log/LogManager.php(681): Illuminate\\Log\\LogManager->driver()
#3 /home/user-1/Desktop/My Buuild /gmoproperties/vendor/laravel/framework/src/Illuminate/Foundation/Exceptions/Handler.php(317): Illuminate\\Log\\LogManager->error()
#4 /home/user-1/Desktop/My Buuild /gmoproperties/vendor/laravel/framework/src/Illuminate/Foundation/Exceptions/Handler.php(278): Illuminate\\Foundation\\Exceptions\\Handler->reportThrowable()
#5 /home/user-1/Desktop/My Buuild /gmoproperties/vendor/laravel/framework/src/Illuminate/Foundation/Bootstrap/HandleExceptions.php(183): Illuminate\\Foundation\\Exceptions\\Handler->report()
#6 /home/user-1/Desktop/My Buuild /gmoproperties/vendor/laravel/framework/src/Illuminate/Foundation/Bootstrap/HandleExceptions.php(255): Illuminate\\Foundation\\Bootstrap\\HandleExceptions->handleException()
#7 [internal function]: Illuminate\\Foundation\\Bootstrap\\HandleExceptions->Illuminate\\Foundation\\Bootstrap\\{closure}()
#8 {main}
"} 
[2026-02-19 14:12:42] laravel.ERROR: Trying to access array offset on value of type null {"exception":"[object] (ErrorException(code: 0): Trying to access array offset on value of type null at /home/user-1/Desktop/My Buuild /gmoproperties/vendor/laravel/framework/src/Illuminate/Cookie/CookieServiceProvider.php:20)
[stacktrace]
#0 /home/user-1/Desktop/My Buuild /gmoproperties/vendor/laravel/framework/src/Illuminate/Foundation/Bootstrap/HandleExceptions.php(255): Illuminate\\Foundation\\Bootstrap\\HandleExceptions->handleError()
#1 /home/user-1/Desktop/My Buuild /gmoproperties/vendor/laravel/framework/src/Illuminate/Cookie/CookieServiceProvider.php(20): Illuminate\\Foundation\\Bootstrap\\HandleExceptions->Illuminate\\Foundation\\Bootstrap\\{closure}()
#2 /home/user-1/Desktop/My Buuild /gmoproperties/vendor/laravel/framework/src/Illuminate/Container/Container.php(908): Illuminate\\Cookie\\CookieServiceProvider->Illuminate\\Cookie\\{closure}()
#3 /home/user-1/Desktop/My Buuild /gmoproperties/vendor/laravel/framework/src/Illuminate/Container/Container.php(795): Illuminate\\Container\\Container->build()
#4 /home/user-1/Desktop/My Buuild /gmoproperties/vendor/laravel/framework/src/Illuminate/Foundation/Application.php(986): Illuminate\\Container\\Container->resolve()
#5 /home/user-1/Desktop/My Buuild /gmoproperties/vendor/laravel/framework/src/Illuminate/Container/Container.php(731): Illuminate\\Foundation\\Application->resolve()
#6 /home/user-1/Desktop/My Buuild /gmoproperties/vendor/laravel/framework/src/Illuminate/Foundation/Application.php(971): Illuminate\\Container\\Container->make()
#7 /home/user-1/Desktop/My Buuild /gmoproperties/vendor/laravel/framework/src/Illuminate/Container/Container.php(1066): Illuminate\\Foundation\\Application->make()
#8 /home/user-1/Desktop/My Buuild /gmoproperties/vendor/laravel/framework/src/Illuminate/Container/Container.php(982): Illuminate\\Container\\Container->resolveClass()
#9 /home/user-1/Desktop/My Buuild /gmoproperties/vendor/laravel/framework/src/Illuminate/Container/Container.php(943): Illuminate\\Container\\Container->resolveDependencies()
#10 /home/user-1/Desktop/My Buuild /gmoproperties/vendor/laravel/framework/src/Illuminate/Container/Container.php(795): Illuminate\\Container\\Container->build()
#11 /home/user-1/Desktop/My Buuild /gmoproperties/vendor/laravel/framework/src/Illuminate/Foundation/Application.php(986): Illuminate\\Container\\Container->resolve()
#12 /home/user-1/Desktop/My Buuild /gmoproperties/vendor/laravel/framework/src/Illuminate/Container/Container.php(731): Illuminate\\Foundation\\Application->resolve()
#13 /home/user-1/Desktop/My Buuild /gmoproperties/vendor/laravel/framework/src/Illuminate/Foundation/Application.php(971): Illuminate\\Container\\Container->make()
#14 /home/user-1/Desktop/My Buuild /gmoproperties/vendor/laravel/framework/src/Illuminate/Foundation/Http/Kernel.php(255): Illuminate\\Foundation\\Application->make()
#15 /home/user-1/Desktop/My Buuild /gmoproperties/vendor/laravel/framework/src/Illuminate/Foundation/Http/Kernel.php(213): Illuminate\\Foundation\\Http\\Kernel->terminateMiddleware()
#16 /home/user-1/Desktop/My Buuild /gmoproperties/public/index.php(51): Illuminate\\Foundation\\Http\\Kernel->terminate()
#17 /home/user-1/Desktop/My Buuild /gmoproperties/vendor/laravel/framework/src/Illuminate/Foundation/resources/server.php(16): require_once('...')
#18 {main}
"} 
[2026-02-19 14:12:43] laravel.EMERGENCY: Unable to create configured logger. Using emergency logger. {"exception":"[object] (InvalidArgumentException(code: 0): Log [] is not defined. at /home/user-1/Desktop/My Buuild /gmoproperties/vendor/laravel/framework/src/Illuminate/Log/LogManager.php:212)
[stacktrace]
#0 /home/user-1/Desktop/My Buuild /gmoproperties/vendor/laravel/framework/src/Illuminate/Log/LogManager.php(137): Illuminate\\Log\\LogManager->resolve()
#1 /home/user-1/Desktop/My Buuild /gmoproperties/vendor/laravel/framework/src/Illuminate/Log/LogManager.php(124): Illuminate\\Log\\LogManager->get()
#2 /home/user-1/Desktop/My Buuild /gmoproperties/vendor/laravel/framework/src/Illuminate/Log/LogManager.php(681): Illuminate\\Log\\LogManager->driver()
#3 /home/user-1/Desktop/My Buuild /gmoproperties/vendor/laravel/framework/src/Illuminate/Foundation/Exceptions/Handler.php(317): Illuminate\\Log\\LogManager->error()
#4 /home/user-1/Desktop/My Buuild /gmoproperties/vendor/laravel/framework/src/Illuminate/Foundation/Exceptions/Handler.php(278): Illuminate\\Foundation\\Exceptions\\Handler->reportThrowable()
#5 /home/user-1/Desktop/My Buuild /gmoproperties/vendor/laravel/framework/src/Illuminate/Routing/Pipeline.php(49): Illuminate\\Foundation\\Exceptions\\Handler->report()
#6 /home/user-1/Desktop/My Buuild /gmoproperties/vendor/laravel/framework/src/Illuminate/Pipeline/Pipeline.php(188): Illuminate\\Routing\\Pipeline->handleException()
#7 /home/user-1/Desktop/My Buuild /gmoproperties/vendor/laravel/framework/src/Illuminate/Foundation/Http/Middleware/TransformsRequest.php(21): Illuminate\\Pipeline\\Pipeline->Illuminate\\Pipeline\\{closure}()
#8 /home/user-1/Desktop/My Buuild /gmoproperties/vendor/laravel/framework/src/Illuminate/Foundation/Http/Middleware/TrimStrings.php(40): Illuminate\\Foundation\\Http\\Middleware\\TransformsRequest->handle()
#9 /home/user-1/Desktop/My Buuild /gmoproperties/vendor/laravel/framework/src/Illuminate/Pipeline/Pipeline.php(183): Illuminate\\Foundation\\Http\\Middleware\\TrimStrings->handle()
#10 /home/user-1/Desktop/My Buuild /gmoproperties/vendor/laravel/framework/src/Illuminate/Foundation/Http/Middleware/ValidatePostSize.php(27): Illuminate\\Pipeline\\Pipeline->Illuminate\\Pipeline\\{closure}()
#11 /home/user-1/Desktop/My Buuild /gmoproperties/vendor/laravel/framework/src/Illuminate/Pipeline/Pipeline.php(183): Illuminate\\Foundation\\Http\\Middleware\\ValidatePostSize->handle()
#12 /home/user-1/Desktop/My Buuild /gmoproperties/vendor/laravel/framework/src/Illuminate/Foundation/Http/Middleware/PreventRequestsDuringMaintenance.php(99): Illuminate\\Pipeline\\Pipeline->Illuminate\\Pipeline\\{closure}()
#13 /home/user-1/Desktop/My Buuild /gmoproperties/vendor/laravel/framework/src/Illuminate/Pipeline/Pipeline.php(183): Illuminate\\Foundation\\Http\\Middleware\\PreventRequestsDuringMaintenance->handle()
#14 /home/user-1/Desktop/My Buuild /gmoproperties/vendor/laravel/framework/src/Illuminate/Http/Middleware/HandleCors.php(49): Illuminate\\Pipeline\\Pipeline->Illuminate\\Pipeline\\{closure}()
#15 /home/user-1/Desktop/My Buuild /gmoproperties/vendor/laravel/framework/src/Illuminate/Pipeline/Pipeline.php(183): Illuminate\\Http\\Middleware\\HandleCors->handle()
#16 /home/user-1/Desktop/My Buuild /gmoproperties/vendor/laravel/framework/src/Illuminate/Http/Middleware/TrustProxies.php(39): Illuminate\\Pipeline\\Pipeline->Illuminate\\Pipeline\\{closure}()
#17 /home/user-1/Desktop/My Buuild /gmoproperties/vendor/laravel/framework/src/Illuminate/Pipeline/Pipeline.php(183): Illuminate\\Http\\Middleware\\TrustProxies->handle()
#18 /home/user-1/Desktop/My Buuild /gmoproperties/vendor/laravel/framework/src/Illuminate/Pipeline/Pipeline.php(119): Illuminate\\Pipeline\\Pipeline->Illuminate\\Pipeline\\{closure}()
#19 /home/user-1/Desktop/My Buuild /gmoproperties/vendor/laravel/framework/src/Illuminate/Foundation/Http/Kernel.php(175): Illuminate\\Pipeline\\Pipeline->then()
#20 /home/user-1/Desktop/My Buuild /gmoproperties/vendor/laravel/framework/src/Illuminate/Foundation/Http/Kernel.php(144): Illuminate\\Foundation\\Http\\Kernel->sendRequestThroughRouter()
#21 /home/user-1/Desktop/My Buuild /gmoproperties/public/index.php(48): Illuminate\\Foundation\\Http\\Kernel->handle()
#22 /home/user-1/Desktop/My Buuild /gmoproperties/vendor/laravel/framework/src/Illuminate/Foundation/resources/server.php(16): require_once('...')
#23 {main}
"} 
[2026-02-19 14:12:43] laravel.ERROR: Illuminate\View\FileViewFinder::__construct(): Argument #2 ($paths) must be of type array, null given, called in /home/user-1/Desktop/My Buuild /gmoproperties/vendor/laravel/framework/src/Illuminate/View/ViewServiceProvider.php on line 85 {"exception":"[object] (TypeError(code: 0): Illuminate\\View\\FileViewFinder::__construct(): Argument #2 ($paths) must be of type array, null given, called in /home/user-1/Desktop/My Buuild /gmoproperties/vendor/laravel/framework/src/Illuminate/View/ViewServiceProvider.php on line 85 at /home/user-1/Desktop/My Buuild /gmoproperties/vendor/laravel/framework/src/Illuminate/View/FileViewFinder.php:53)
[stacktrace]
#0 /home/user-1/Desktop/My Buuild /gmoproperties/vendor/laravel/framework/src/Illuminate/View/ViewServiceProvider.php(85): Illuminate\\View\\FileViewFinder->__construct()
#1 /home/user-1/Desktop/My Buuild /gmoproperties/vendor/laravel/framework/src/Illuminate/Container/Container.php(908): Illuminate\\View\\ViewServiceProvider->Illuminate\\View\\{closure}()
#2 /home/user-1/Desktop/My Buuild /gmoproperties/vendor/laravel/framework/src/Illuminate/Container/Container.php(795): Illuminate\\Container\\Container->build()
#3 /home/user-1/Desktop/My Buuild /gmoproperties/vendor/laravel/framework/src/Illuminate/Foundation/Application.php(986): Illuminate\\Container\\Container->resolve()
#4 /home/user-1/Desktop/My Buuild /gmoproperties/vendor/laravel/framework/src/Illuminate/Container/Container.php(731): Illuminate\\Foundation\\Application->resolve()
#5 /home/user-1/Desktop/My Buuild /gmoproperties/vendor/laravel/framework/src/Illuminate/Foundation/Application.php(971): Illuminate\\Container\\Container->make()
#6 /home/user-1/Desktop/My Buuild /gmoproperties/vendor/laravel/framework/src/Illuminate/Container/Container.php(1454): Illuminate\\Foundation\\Application->make()
#7 /home/user-1/Desktop/My Buuild /gmoproperties/vendor/laravel/framework/src/Illuminate/View/ViewServiceProvider.php(45): Illuminate\\Container\\Container->offsetGet()
#8 /home/user-1/Desktop/My Buuild /gmoproperties/vendor/laravel/framework/src/Illuminate/Container/Container.php(908): Illuminate\\View\\ViewServiceProvider->Illuminate\\View\\{closure}()
#9 /home/user-1/Desktop/My Buuild /gmoproperties/vendor/laravel/framework/src/Illuminate/Container/Container.php(795): Illuminate\\Container\\Container->build()
#10 /home/user-1/Desktop/My Buuild /gmoproperties/vendor/laravel/framework/src/Illuminate/Foundation/Application.php(986): Illuminate\\Container\\Container->resolve()
#11 /home/user-1/Desktop/My Buuild /gmoproperties/vendor/laravel/framework/src/Illuminate/Container/Container.php(731): Illuminate\\Foundation\\Application->resolve()
#12 /home/user-1/Desktop/My Buuild /gmoproperties/vendor/laravel/framework/src/Illuminate/Foundation/Application.php(971): Illuminate\\Container\\Container->make()
#13 /home/user-1/Desktop/My Buuild /gmoproperties/vendor/laravel/framework/src/Illuminate/Container/Container.php(1454): Illuminate\\Foundation\\Application->make()
#14 /home/user-1/Desktop/My Buuild /gmoproperties/vendor/laravel/framework/src/Illuminate/Support/Facades/Facade.php(237): Illuminate\\Container\\Container->offsetGet()
#15 /home/user-1/Desktop/My Buuild /gmoproperties/vendor/laravel/framework/src/Illuminate/Support/Facades/Facade.php(208): Illuminate\\Support\\Facades\\Facade::resolveFacadeInstance()
#16 /home/user-1/Desktop/My Buuild /gmoproperties/vendor/laravel/framework/src/Illuminate/Support/Facades/Facade.php(349): Illuminate\\Support\\Facades\\Facade::getFacadeRoot()
#17 /home/user-1/Desktop/My Buuild /gmoproperties/vendor/laravel/framework/src/Illuminate/Foundation/Exceptions/RegisterErrorViewPaths.php(18): Illuminate\\Support\\Facades\\Facade::__callStatic()
#18 /home/user-1/Desktop/My Buuild /gmoproperties/vendor/laravel/framework/src/Illuminate/Foundation/Exceptions/Handler.php(744): Illuminate\\Foundation\\Exceptions\\RegisterErrorViewPaths->__invoke()
#19 /home/user-1/Desktop/My Buuild /gmoproperties/vendor/laravel/framework/src/Illuminate/Foundation/Exceptions/Handler.php(719): Illuminate\\Foundation\\Exceptions\\Handler->registerErrorViewPaths()
#20 /home/user-1/Desktop/My Buuild /gmoproperties/vendor/laravel/framework/src/Illuminate/Foundation/Exceptions/Handler.php(650): Illuminate\\Foundation\\Exceptions\\Handler->renderHttpException()
#21 /home/user-1/Desktop/My Buuild /gmoproperties/vendor/laravel/framework/src/Illuminate/Foundation/Exceptions/Handler.php(556): Illuminate\\Foundation\\Exceptions\\Handler->prepareResponse()
#22 /home/user-1/Desktop/My Buuild /gmoproperties/vendor/laravel/framework/src/Illuminate/Foundation/Exceptions/Handler.php(473): Illuminate\\Foundation\\Exceptions\\Handler->renderExceptionResponse()
#23 /home/user-1/Desktop/My Buuild /gmoproperties/vendor/laravel/framework/src/Illuminate/Routing/Pipeline.php(51): Illuminate\\Foundation\\Exceptions\\Handler->render()
#24 /home/user-1/Desktop/My Buuild /gmoproperties/vendor/laravel/framework/src/Illuminate/Pipeline/Pipeline.php(146): Illuminate\\Routing\\Pipeline->handleException()
#25 /home/user-1/Desktop/My Buuild /gmoproperties/vendor/laravel/framework/src/Illuminate/Foundation/Http/Middleware/TransformsRequest.php(21): Illuminate\\Pipeline\\Pipeline->Illuminate\\Pipeline\\{closure}()
#26 /home/user-1/Desktop/My Buuild /gmoproperties/vendor/laravel/framework/src/Illuminate/Foundation/Http/Middleware/ConvertEmptyStringsToNull.php(31): Illuminate\\Foundation\\Http\\Middleware\\TransformsRequest->handle()
#27 /home/user-1/Desktop/My Buuild /gmoproperties/vendor/laravel/framework/src/Illuminate/Pipeline/Pipeline.php(183): Illuminate\\Foundation\\Http\\Middleware\\ConvertEmptyStringsToNull->handle()
#28 /home/user-1/Desktop/My Buuild /gmoproperties/vendor/laravel/framework/src/Illuminate/Foundation/Http/Middleware/TransformsRequest.php(21): Illuminate\\Pipeline\\Pipeline->Illuminate\\Pipeline\\{closure}()
#29 /home/user-1/Desktop/My Buuild /gmoproperties/vendor/laravel/framework/src/Illuminate/Foundation/Http/Middleware/TrimStrings.php(40): Illuminate\\Foundation\\Http\\Middleware\\TransformsRequest->handle()
#30 /home/user-1/Desktop/My Buuild /gmoproperties/vendor/laravel/framework/src/Illuminate/Pipeline/Pipeline.php(183): Illuminate\\Foundation\\Http\\Middleware\\TrimStrings->handle()
#31 /home/user-1/Desktop/My Buuild /gmoproperties/vendor/laravel/framework/src/Illuminate/Foundation/Http/Middleware/ValidatePostSize.php(27): Illuminate\\Pipeline\\Pipeline->Illuminate\\Pipeline\\{closure}()
#32 /home/user-1/Desktop/My Buuild /gmoproperties/vendor/laravel/framework/src/Illuminate/Pipeline/Pipeline.php(183): Illuminate\\Foundation\\Http\\Middleware\\ValidatePostSize->handle()
#33 /home/user-1/Desktop/My Buuild /gmoproperties/vendor/laravel/framework/src/Illuminate/Foundation/Http/Middleware/PreventRequestsDuringMaintenance.php(99): Illuminate\\Pipeline\\Pipeline->Illuminate\\Pipeline\\{closure}()
#34 /home/user-1/Desktop/My Buuild /gmoproperties/vendor/laravel/framework/src/Illuminate/Pipeline/Pipeline.php(183): Illuminate\\Foundation\\Http\\Middleware\\PreventRequestsDuringMaintenance->handle()
#35 /home/user-1/Desktop/My Buuild /gmoproperties/vendor/laravel/framework/src/Illuminate/Http/Middleware/HandleCors.php(49): Illuminate\\Pipeline\\Pipeline->Illuminate\\Pipeline\\{closure}()
#36 /home/user-1/Desktop/My Buuild /gmoproperties/vendor/laravel/framework/src/Illuminate/Pipeline/Pipeline.php(183): Illuminate\\Http\\Middleware\\HandleCors->handle()
#37 /home/user-1/Desktop/My Buuild /gmoproperties/vendor/laravel/framework/src/Illuminate/Http/Middleware/TrustProxies.php(39): Illuminate\\Pipeline\\Pipeline->Illuminate\\Pipeline\\{closure}()
#38 /home/user-1/Desktop/My Buuild /gmoproperties/vendor/laravel/framework/src/Illuminate/Pipeline/Pipeline.php(183): Illuminate\\Http\\Middleware\\TrustProxies->handle()
#39 /home/user-1/Desktop/My Buuild /gmoproperties/vendor/laravel/framework/src/Illuminate/Pipeline/Pipeline.php(119): Illuminate\\Pipeline\\Pipeline->Illuminate\\Pipeline\\{closure}()
#40 /home/user-1/Desktop/My Buuild /gmoproperties/vendor/laravel/framework/src/Illuminate/Foundation/Http/Kernel.php(175): Illuminate\\Pipeline\\Pipeline->then()
#41 /home/user-1/Desktop/My Buuild /gmoproperties/vendor/laravel/framework/src/Illuminate/Foundation/Http/Kernel.php(144): Illuminate\\Foundation\\Http\\Kernel->sendRequestThroughRouter()
#42 /home/user-1/Desktop/My Buuild /gmoproperties/public/index.php(48): Illuminate\\Foundation\\Http\\Kernel->handle()
#43 /home/user-1/Desktop/My Buuild /gmoproperties/vendor/laravel/framework/src/Illuminate/Foundation/resources/server.php(16): require_once('...')
#44 {main}
"} 
[2026-02-19 14:13:53] local.ERROR: SQLSTATE[HY000] [2002] Connection refused (Connection: mysql, SQL: select * from `sessions` where `id` = OSdfmm3mtCqS0GrP5l1VbSEZ6AzOLwv0NiWRBR3A limit 1) {"exception":"[object] (Illuminate\\Database\\QueryException(code: 2002): SQLSTATE[HY000] [2002] Connection refused (Connection: mysql, SQL: select * from `sessions` where `id` = OSdfmm3mtCqS0GrP5l1VbSEZ6AzOLwv0NiWRBR3A limit 1) at /home/user-1/Desktop/My Buuild /gmoproperties/vendor/laravel/framework/src/Illuminate/Database/Connection.php:829)
[stacktrace]
#0 /home/user-1/Desktop/My Buuild /gmoproperties/vendor/laravel/framework/src/Illuminate/Database/Connection.php(983): Illuminate\\Database\\Connection->runQueryCallback()
#1 /home/user-1/Desktop/My Buuild /gmoproperties/vendor/laravel/framework/src/Illuminate/Database/Connection.php(963): Illuminate\\Database\\Connection->tryAgainIfCausedByLostConnection()
#2 /home/user-1/Desktop/My Buuild /gmoproperties/vendor/laravel/framework/src/Illuminate/Database/Connection.php(786): Illuminate\\Database\\Connection->handleQueryException()
#3 /home/user-1/Desktop/My Buuild /gmoproperties/vendor/laravel/framework/src/Illuminate/Database/Connection.php(431): Illuminate\\Database\\Connection->run()
#4 /home/user-1/Desktop/My Buuild /gmoproperties/vendor/laravel/framework/src/Illuminate/Database/Query/Builder.php(2914): Illuminate\\Database\\Connection->select()
#5 /home/user-1/Desktop/My Buuild /gmoproperties/vendor/laravel/framework/src/Illuminate/Database/Query/Builder.php(2902): Illuminate\\Database\\Query\\Builder->runSelect()
#6 /home/user-1/Desktop/My Buuild /gmoproperties/vendor/laravel/framework/src/Illuminate/Database/Query/Builder.php(3456): Illuminate\\Database\\Query\\Builder->Illuminate\\Database\\Query\\{closure}()
#7 /home/user-1/Desktop/My Buuild /gmoproperties/vendor/laravel/framework/src/Illuminate/Database/Query/Builder.php(2903): Illuminate\\Database\\Query\\Builder->onceWithColumns()
#8 /home/user-1/Desktop/My Buuild /gmoproperties/vendor/laravel/framework/src/Illuminate/Database/Concerns/BuildsQueries.php(333): Illuminate\\Database\\Query\\Builder->get()
#9 /home/user-1/Desktop/My Buuild /gmoproperties/vendor/laravel/framework/src/Illuminate/Database/Query/Builder.php(2824): Illuminate\\Database\\Query\\Builder->first()
#10 /home/user-1/Desktop/My Buuild /gmoproperties/vendor/laravel/framework/src/Illuminate/Session/DatabaseSessionHandler.php(97): Illuminate\\Database\\Query\\Builder->find()
#11 /home/user-1/Desktop/My Buuild /gmoproperties/vendor/laravel/framework/src/Illuminate/Session/Store.php(113): Illuminate\\Session\\DatabaseSessionHandler->read()
#12 /home/user-1/Desktop/My Buuild /gmoproperties/vendor/laravel/framework/src/Illuminate/Session/Store.php(101): Illuminate\\Session\\Store->readFromHandler()
#13 /home/user-1/Desktop/My Buuild /gmoproperties/vendor/laravel/framework/src/Illuminate/Session/Store.php(85): Illuminate\\Session\\Store->loadSession()
#14 /home/user-1/Desktop/My Buuild /gmoproperties/vendor/laravel/framework/src/Illuminate/Session/Middleware/StartSession.php(147): Illuminate\\Session\\Store->start()
#15 /home/user-1/Desktop/My Buuild /gmoproperties/vendor/laravel/framework/src/Illuminate/Support/helpers.php(320): Illuminate\\Session\\Middleware\\StartSession->Illuminate\\Session\\Middleware\\{closure}()
#16 /home/user-1/Desktop/My Buuild /gmoproperties/vendor/laravel/framework/src/Illuminate/Session/Middleware/StartSession.php(148): tap()
#17 /home/user-1/Desktop/My Buuild /gmoproperties/vendor/laravel/framework/src/Illuminate/Session/Middleware/StartSession.php(116): Illuminate\\Session\\Middleware\\StartSession->startSession()
#18 /home/user-1/Desktop/My Buuild /gmoproperties/vendor/laravel/framework/src/Illuminate/Session/Middleware/StartSession.php(64): Illuminate\\Session\\Middleware\\StartSession->handleStatefulRequest()
#19 /home/user-1/Desktop/My Buuild /gmoproperties/vendor/laravel/framework/src/Illuminate/Pipeline/Pipeline.php(183): Illuminate\\Session\\Middleware\\StartSession->handle()
#20 /home/user-1/Desktop/My Buuild /gmoproperties/vendor/laravel/framework/src/Illuminate/Cookie/Middleware/AddQueuedCookiesToResponse.php(37): Illuminate\\Pipeline\\Pipeline->Illuminate\\Pipeline\\{closure}()
#21 /home/user-1/Desktop/My Buuild /gmoproperties/vendor/laravel/framework/src/Illuminate/Pipeline/Pipeline.php(183): Illuminate\\Cookie\\Middleware\\AddQueuedCookiesToResponse->handle()
#22 /home/user-1/Desktop/My Buuild /gmoproperties/vendor/laravel/framework/src/Illuminate/Cookie/Middleware/EncryptCookies.php(67): Illuminate\\Pipeline\\Pipeline->Illuminate\\Pipeline\\{closure}()
#23 /home/user-1/Desktop/My Buuild /gmoproperties/vendor/laravel/framework/src/Illuminate/Pipeline/Pipeline.php(183): Illuminate\\Cookie\\Middleware\\EncryptCookies->handle()
#24 /home/user-1/Desktop/My Buuild /gmoproperties/vendor/laravel/framework/src/Illuminate/Pipeline/Pipeline.php(119): Illuminate\\Pipeline\\Pipeline->Illuminate\\Pipeline\\{closure}()
#25 /home/user-1/Desktop/My Buuild /gmoproperties/vendor/laravel/framework/src/Illuminate/Routing/Router.php(807): Illuminate\\Pipeline\\Pipeline->then()
#26 /home/user-1/Desktop/My Buuild /gmoproperties/vendor/laravel/framework/src/Illuminate/Routing/Router.php(784): Illuminate\\Routing\\Router->runRouteWithinStack()
#27 /home/user-1/Desktop/My Buuild /gmoproperties/vendor/laravel/framework/src/Illuminate/Routing/Router.php(748): Illuminate\\Routing\\Router->runRoute()
#28 /home/user-1/Desktop/My Buuild /gmoproperties/vendor/laravel/framework/src/Illuminate/Routing/Router.php(737): Illuminate\\Routing\\Router->dispatchToRoute()
#29 /home/user-1/Desktop/My Buuild /gmoproperties/vendor/laravel/framework/src/Illuminate/Foundation/Http/Kernel.php(200): Illuminate\\Routing\\Router->dispatch()
#30 /home/user-1/Desktop/My Buuild /gmoproperties/vendor/laravel/framework/src/Illuminate/Pipeline/Pipeline.php(144): Illuminate\\Foundation\\Http\\Kernel->Illuminate\\Foundation\\Http\\{closure}()
#31 /home/user-1/Desktop/My Buuild /gmoproperties/vendor/laravel/framework/src/Illuminate/Foundation/Http/Middleware/TransformsRequest.php(21): Illuminate\\Pipeline\\Pipeline->Illuminate\\Pipeline\\{closure}()
#32 /home/user-1/Desktop/My Buuild /gmoproperties/vendor/laravel/framework/src/Illuminate/Foundation/Http/Middleware/ConvertEmptyStringsToNull.php(31): Illuminate\\Foundation\\Http\\Middleware\\TransformsRequest->handle()
#33 /home/user-1/Desktop/My Buuild /gmoproperties/vendor/laravel/framework/src/Illuminate/Pipeline/Pipeline.php(183): Illuminate\\Foundation\\Http\\Middleware\\ConvertEmptyStringsToNull->handle()
#34 /home/user-1/Desktop/My Buuild /gmoproperties/vendor/laravel/framework/src/Illuminate/Foundation/Http/Middleware/TransformsRequest.php(21): Illuminate\\Pipeline\\Pipeline->Illuminate\\Pipeline\\{closure}()
#35 /home/user-1/Desktop/My Buuild /gmoproperties/vendor/laravel/framework/src/Illuminate/Foundation/Http/Middleware/TrimStrings.php(40): Illuminate\\Foundation\\Http\\Middleware\\TransformsRequest->handle()
#36 /home/user-1/Desktop/My Buuild /gmoproperties/vendor/laravel/framework/src/Illuminate/Pipeline/Pipeline.php(183): Illuminate\\Foundation\\Http\\Middleware\\TrimStrings->handle()
#37 /home/user-1/Desktop/My Buuild /gmoproperties/vendor/laravel/framework/src/Illuminate/Foundation/Http/Middleware/ValidatePostSize.php(27): Illuminate\\Pipeline\\Pipeline->Illuminate\\Pipeline\\{closure}()
#38 /home/user-1/Desktop/My Buuild /gmoproperties/vendor/laravel/framework/src/Illuminate/Pipeline/Pipeline.php(183): Illuminate\\Foundation\\Http\\Middleware\\ValidatePostSize->handle()
#39 /home/user-1/Desktop/My Buuild /gmoproperties/vendor/laravel/framework/src/Illuminate/Foundation/Http/Middleware/PreventRequestsDuringMaintenance.php(99): Illuminate\\Pipeline\\Pipeline->Illuminate\\Pipeline\\{closure}()
#40 /home/user-1/Desktop/My Buuild /gmoproperties/vendor/laravel/framework/src/Illuminate/Pipeline/Pipeline.php(183): Illuminate\\Foundation\\Http\\Middleware\\PreventRequestsDuringMaintenance->handle()
#41 /home/user-1/Desktop/My Buuild /gmoproperties/vendor/laravel/framework/src/Illuminate/Http/Middleware/HandleCors.php(49): Illuminate\\Pipeline\\Pipeline->Illuminate\\Pipeline\\{closure}()
#42 /home/user-1/Desktop/My Buuild /gmoproperties/vendor/laravel/framework/src/Illuminate/Pipeline/Pipeline.php(183): Illuminate\\Http\\Middleware\\HandleCors->handle()
#43 /home/user-1/Desktop/My Buuild /gmoproperties/vendor/laravel/framework/src/Illuminate/Http/Middleware/TrustProxies.php(39): Illuminate\\Pipeline\\Pipeline->Illuminate\\Pipeline\\{closure}()
#44 /home/user-1/Desktop/My Buuild /gmoproperties/vendor/laravel/framework/src/Illuminate/Pipeline/Pipeline.php(183): Illuminate\\Http\\Middleware\\TrustProxies->handle()
#45 /home/user-1/Desktop/My Buuild /gmoproperties/vendor/laravel/framework/src/Illuminate/Pipeline/Pipeline.php(119): Illuminate\\Pipeline\\Pipeline->Illuminate\\Pipeline\\{closure}()
#46 /home/user-1/Desktop/My Buuild /gmoproperties/vendor/laravel/framework/src/Illuminate/Foundation/Http/Kernel.php(175): Illuminate\\Pipeline\\Pipeline->then()
#47 /home/user-1/Desktop/My Buuild /gmoproperties/vendor/laravel/framework/src/Illuminate/Foundation/Http/Kernel.php(144): Illuminate\\Foundation\\Http\\Kernel->sendRequestThroughRouter()
#48 /home/user-1/Desktop/My Buuild /gmoproperties/public/index.php(48): Illuminate\\Foundation\\Http\\Kernel->handle()
#49 /home/user-1/Desktop/My Buuild /gmoproperties/vendor/laravel/framework/src/Illuminate/Foundation/resources/server.php(16): require_once('...')
#50 {main}

[previous exception] [object] (PDOException(code: 2002): SQLSTATE[HY000] [2002] Connection refused at /home/user-1/Desktop/My Buuild /gmoproperties/vendor/laravel/framework/src/Illuminate/Database/Connectors/Connector.php:65)
[stacktrace]
#0 /home/user-1/Desktop/My Buuild /gmoproperties/vendor/laravel/framework/src/Illuminate/Database/Connectors/Connector.php(65): PDO->__construct()
#1 /home/user-1/Desktop/My Buuild /gmoproperties/vendor/laravel/framework/src/Illuminate/Database/Connectors/Connector.php(83): Illuminate\\Database\\Connectors\\Connector->createPdoConnection()
#2 /home/user-1/Desktop/My Buuild /gmoproperties/vendor/laravel/framework/src/Illuminate/Database/Connectors/Connector.php(49): Illuminate\\Database\\Connectors\\Connector->tryAgainIfCausedByLostConnection()
#3 /home/user-1/Desktop/My Buuild /gmoproperties/vendor/laravel/framework/src/Illuminate/Database/Connectors/MySqlConnector.php(24): Illuminate\\Database\\Connectors\\Connector->createConnection()
#4 /home/user-1/Desktop/My Buuild /gmoproperties/vendor/laravel/framework/src/Illuminate/Database/Connectors/ConnectionFactory.php(184): Illuminate\\Database\\Connectors\\MySqlConnector->connect()
#5 [internal function]: Illuminate\\Database\\Connectors\\ConnectionFactory->Illuminate\\Database\\Connectors\\{closure}()
#6 /home/user-1/Desktop/My Buuild /gmoproperties/vendor/laravel/framework/src/Illuminate/Database/Connection.php(1339): call_user_func()
#7 /home/user-1/Desktop/My Buuild /gmoproperties/vendor/laravel/framework/src/Illuminate/Database/Connection.php(1375): Illuminate\\Database\\Connection->getPdo()
#8 /home/user-1/Desktop/My Buuild /gmoproperties/vendor/laravel/framework/src/Illuminate/Database/Connection.php(528): Illuminate\\Database\\Connection->getReadPdo()
#9 /home/user-1/Desktop/My Buuild /gmoproperties/vendor/laravel/framework/src/Illuminate/Database/Connection.php(423): Illuminate\\Database\\Connection->getPdoForSelect()
#10 /home/user-1/Desktop/My Buuild /gmoproperties/vendor/laravel/framework/src/Illuminate/Database/Connection.php(816): Illuminate\\Database\\Connection->Illuminate\\Database\\{closure}()
#11 /home/user-1/Desktop/My Buuild /gmoproperties/vendor/laravel/framework/src/Illuminate/Database/Connection.php(983): Illuminate\\Database\\Connection->runQueryCallback()
#12 /home/user-1/Desktop/My Buuild /gmoproperties/vendor/laravel/framework/src/Illuminate/Database/Connection.php(963): Illuminate\\Database\\Connection->tryAgainIfCausedByLostConnection()
#13 /home/user-1/Desktop/My Buuild /gmoproperties/vendor/laravel/framework/src/Illuminate/Database/Connection.php(786): Illuminate\\Database\\Connection->handleQueryException()
#14 /home/user-1/Desktop/My Buuild /gmoproperties/vendor/laravel/framework/src/Illuminate/Database/Connection.php(431): Illuminate\\Database\\Connection->run()
#15 /home/user-1/Desktop/My Buuild /gmoproperties/vendor/laravel/framework/src/Illuminate/Database/Query/Builder.php(2914): Illuminate\\Database\\Connection->select()
#16 /home/user-1/Desktop/My Buuild /gmoproperties/vendor/laravel/framework/src/Illuminate/Database/Query/Builder.php(2902): Illuminate\\Database\\Query\\Builder->runSelect()
#17 /home/user-1/Desktop/My Buuild /gmoproperties/vendor/laravel/framework/src/Illuminate/Database/Query/Builder.php(3456): Illuminate\\Database\\Query\\Builder->Illuminate\\Database\\Query\\{closure}()
#18 /home/user-1/Desktop/My Buuild /gmoproperties/vendor/laravel/framework/src/Illuminate/Database/Query/Builder.php(2903): Illuminate\\Database\\Query\\Builder->onceWithColumns()
#19 /home/user-1/Desktop/My Buuild /gmoproperties/vendor/laravel/framework/src/Illuminate/Database/Concerns/BuildsQueries.php(333): Illuminate\\Database\\Query\\Builder->get()
#20 /home/user-1/Desktop/My Buuild /gmoproperties/vendor/laravel/framework/src/Illuminate/Database/Query/Builder.php(2824): Illuminate\\Database\\Query\\Builder->first()
#21 /home/user-1/Desktop/My Buuild /gmoproperties/vendor/laravel/framework/src/Illuminate/Session/DatabaseSessionHandler.php(97): Illuminate\\Database\\Query\\Builder->find()
#22 /home/user-1/Desktop/My Buuild /gmoproperties/vendor/laravel/framework/src/Illuminate/Session/Store.php(113): Illuminate\\Session\\DatabaseSessionHandler->read()
#23 /home/user-1/Desktop/My Buuild /gmoproperties/vendor/laravel/framework/src/Illuminate/Session/Store.php(101): Illuminate\\Session\\Store->readFromHandler()
#24 /home/user-1/Desktop/My Buuild /gmoproperties/vendor/laravel/framework/src/Illuminate/Session/Store.php(85): Illuminate\\Session\\Store->loadSession()
#25 /home/user-1/Desktop/My Buuild /gmoproperties/vendor/laravel/framework/src/Illuminate/Session/Middleware/StartSession.php(147): Illuminate\\Session\\Store->start()
#26 /home/user-1/Desktop/My Buuild /gmoproperties/vendor/laravel/framework/src/Illuminate/Support/helpers.php(320): Illuminate\\Session\\Middleware\\StartSession->Illuminate\\Session\\Middleware\\{closure}()
#27 /home/user-1/Desktop/My Buuild /gmoproperties/vendor/laravel/framework/src/Illuminate/Session/Middleware/StartSession.php(148): tap()
#28 /home/user-1/Desktop/My Buuild /gmoproperties/vendor/laravel/framework/src/Illuminate/Session/Middleware/StartSession.php(116): Illuminate\\Session\\Middleware\\StartSession->startSession()
#29 /home/user-1/Desktop/My Buuild /gmoproperties/vendor/laravel/framework/src/Illuminate/Session/Middleware/StartSession.php(64): Illuminate\\Session\\Middleware\\StartSession->handleStatefulRequest()
#30 /home/user-1/Desktop/My Buuild /gmoproperties/vendor/laravel/framework/src/Illuminate/Pipeline/Pipeline.php(183): Illuminate\\Session\\Middleware\\StartSession->handle()
#31 /home/user-1/Desktop/My Buuild /gmoproperties/vendor/laravel/framework/src/Illuminate/Cookie/Middleware/AddQueuedCookiesToResponse.php(37): Illuminate\\Pipeline\\Pipeline->Illuminate\\Pipeline\\{closure}()
#32 /home/user-1/Desktop/My Buuild /gmoproperties/vendor/laravel/framework/src/Illuminate/Pipeline/Pipeline.php(183): Illuminate\\Cookie\\Middleware\\AddQueuedCookiesToResponse->handle()
#33 /home/user-1/Desktop/My Buuild /gmoproperties/vendor/laravel/framework/src/Illuminate/Cookie/Middleware/EncryptCookies.php(67): Illuminate\\Pipeline\\Pipeline->Illuminate\\Pipeline\\{closure}()
#34 /home/user-1/Desktop/My Buuild /gmoproperties/vendor/laravel/framework/src/Illuminate/Pipeline/Pipeline.php(183): Illuminate\\Cookie\\Middleware\\EncryptCookies->handle()
#35 /home/user-1/Desktop/My Buuild /gmoproperties/vendor/laravel/framework/src/Illuminate/Pipeline/Pipeline.php(119): Illuminate\\Pipeline\\Pipeline->Illuminate\\Pipeline\\{closure}()
#36 /home/user-1/Desktop/My Buuild /gmoproperties/vendor/laravel/framework/src/Illuminate/Routing/Router.php(807): Illuminate\\Pipeline\\Pipeline->then()
#37 /home/user-1/Desktop/My Buuild /gmoproperties/vendor/laravel/framework/src/Illuminate/Routing/Router.php(784): Illuminate\\Routing\\Router->runRouteWithinStack()
#38 /home/user-1/Desktop/My Buuild /gmoproperties/vendor/laravel/framework/src/Illuminate/Routing/Router.php(748): Illuminate\\Routing\\Router->runRoute()
#39 /home/user-1/Desktop/My Buuild /gmoproperties/vendor/laravel/framework/src/Illuminate/Routing/Router.php(737): Illuminate\\Routing\\Router->dispatchToRoute()
#40 /home/user-1/Desktop/My Buuild /gmoproperties/vendor/laravel/framework/src/Illuminate/Foundation/Http/Kernel.php(200): Illuminate\\Routing\\Router->dispatch()
#41 /home/user-1/Desktop/My Buuild /gmoproperties/vendor/laravel/framework/src/Illuminate/Pipeline/Pipeline.php(144): Illuminate\\Foundation\\Http\\Kernel->Illuminate\\Foundation\\Http\\{closure}()
#42 /home/user-1/Desktop/My Buuild /gmoproperties/vendor/laravel/framework/src/Illuminate/Foundation/Http/Middleware/TransformsRequest.php(21): Illuminate\\Pipeline\\Pipeline->Illuminate\\Pipeline\\{closure}()
#43 /home/user-1/Desktop/My Buuild /gmoproperties/vendor/laravel/framework/src/Illuminate/Foundation/Http/Middleware/ConvertEmptyStringsToNull.php(31): Illuminate\\Foundation\\Http\\Middleware\\TransformsRequest->handle()
#44 /home/user-1/Desktop/My Buuild /gmoproperties/vendor/laravel/framework/src/Illuminate/Pipeline/Pipeline.php(183): Illuminate\\Foundation\\Http\\Middleware\\ConvertEmptyStringsToNull->handle()
#45 /home/user-1/Desktop/My Buuild /gmoproperties/vendor/laravel/framework/src/Illuminate/Foundation/Http/Middleware/TransformsRequest.php(21): Illuminate\\Pipeline\\Pipeline->Illuminate\\Pipeline\\{closure}()
#46 /home/user-1/Desktop/My Buuild /gmoproperties/vendor/laravel/framework/src/Illuminate/Foundation/Http/Middleware/TrimStrings.php(40): Illuminate\\Foundation\\Http\\Middleware\\TransformsRequest->handle()
#47 /home/user-1/Desktop/My Buuild /gmoproperties/vendor/laravel/framework/src/Illuminate/Pipeline/Pipeline.php(183): Illuminate\\Foundation\\Http\\Middleware\\TrimStrings->handle()
#48 /home/user-1/Desktop/My Buuild /gmoproperties/vendor/laravel/framework/src/Illuminate/Foundation/Http/Middleware/ValidatePostSize.php(27): Illuminate\\Pipeline\\Pipeline->Illuminate\\Pipeline\\{closure}()
#49 /home/user-1/Desktop/My Buuild /gmoproperties/vendor/laravel/framework/src/Illuminate/Pipeline/Pipeline.php(183): Illuminate\\Foundation\\Http\\Middleware\\ValidatePostSize->handle()
#50 /home/user-1/Desktop/My Buuild /gmoproperties/vendor/laravel/framework/src/Illuminate/Foundation/Http/Middleware/PreventRequestsDuringMaintenance.php(99): Illuminate\\Pipeline\\Pipeline->Illuminate\\Pipeline\\{closure}()
#51 /home/user-1/Desktop/My Buuild /gmoproperties/vendor/laravel/framework/src/Illuminate/Pipeline/Pipeline.php(183): Illuminate\\Foundation\\Http\\Middleware\\PreventRequestsDuringMaintenance->handle()
#52 /home/user-1/Desktop/My Buuild /gmoproperties/vendor/laravel/framework/src/Illuminate/Http/Middleware/HandleCors.php(49): Illuminate\\Pipeline\\Pipeline->Illuminate\\Pipeline\\{closure}()
#53 /home/user-1/Desktop/My Buuild /gmoproperties/vendor/laravel/framework/src/Illuminate/Pipeline/Pipeline.php(183): Illuminate\\Http\\Middleware\\HandleCors->handle()
#54 /home/user-1/Desktop/My Buuild /gmoproperties/vendor/laravel/framework/src/Illuminate/Http/Middleware/TrustProxies.php(39): Illuminate\\Pipeline\\Pipeline->Illuminate\\Pipeline\\{closure}()
#55 /home/user-1/Desktop/My Buuild /gmoproperties/vendor/laravel/framework/src/Illuminate/Pipeline/Pipeline.php(183): Illuminate\\Http\\Middleware\\TrustProxies->handle()
#56 /home/user-1/Desktop/My Buuild /gmoproperties/vendor/laravel/framework/src/Illuminate/Pipeline/Pipeline.php(119): Illuminate\\Pipeline\\Pipeline->Illuminate\\Pipeline\\{closure}()
#57 /home/user-1/Desktop/My Buuild /gmoproperties/vendor/laravel/framework/src/Illuminate/Foundation/Http/Kernel.php(175): Illuminate\\Pipeline\\Pipeline->then()
#58 /home/user-1/Desktop/My Buuild /gmoproperties/vendor/laravel/framework/src/Illuminate/Foundation/Http/Kernel.php(144): Illuminate\\Foundation\\Http\\Kernel->sendRequestThroughRouter()
#59 /home/user-1/Desktop/My Buuild /gmoproperties/public/index.php(48): Illuminate\\Foundation\\Http\\Kernel->handle()
#60 /home/user-1/Desktop/My Buuild /gmoproperties/vendor/laravel/framework/src/Illuminate/Foundation/resources/server.php(16): require_once('...')
#61 {main}
"} 
[2026-02-19 14:14:04] local.ERROR: SQLSTATE[HY000] [2002] Connection refused (Connection: mysql, SQL: select * from `sessions` where `id` = CeNUpotv9yHkLHJes9YzjsuXIiwcf4QL6Zzs145W limit 1) {"exception":"[object] (Illuminate\\Database\\QueryException(code: 2002): SQLSTATE[HY000] [2002] Connection refused (Connection: mysql, SQL: select * from `sessions` where `id` = CeNUpotv9yHkLHJes9YzjsuXIiwcf4QL6Zzs145W limit 1) at /home/user-1/Desktop/My Buuild /gmoproperties/vendor/laravel/framework/src/Illuminate/Database/Connection.php:829)
[stacktrace]
#0 /home/user-1/Desktop/My Buuild /gmoproperties/vendor/laravel/framework/src/Illuminate/Database/Connection.php(983): Illuminate\\Database\\Connection->runQueryCallback()
#1 /home/user-1/Desktop/My Buuild /gmoproperties/vendor/laravel/framework/src/Illuminate/Database/Connection.php(963): Illuminate\\Database\\Connection->tryAgainIfCausedByLostConnection()
#2 /home/user-1/Desktop/My Buuild /gmoproperties/vendor/laravel/framework/src/Illuminate/Database/Connection.php(786): Illuminate\\Database\\Connection->handleQueryException()
#3 /home/user-1/Desktop/My Buuild /gmoproperties/vendor/laravel/framework/src/Illuminate/Database/Connection.php(431): Illuminate\\Database\\Connection->run()
#4 /home/user-1/Desktop/My Buuild /gmoproperties/vendor/laravel/framework/src/Illuminate/Database/Query/Builder.php(2914): Illuminate\\Database\\Connection->select()
#5 /home/user-1/Desktop/My Buuild /gmoproperties/vendor/laravel/framework/src/Illuminate/Database/Query/Builder.php(2902): Illuminate\\Database\\Query\\Builder->runSelect()
#6 /home/user-1/Desktop/My Buuild /gmoproperties/vendor/laravel/framework/src/Illuminate/Database/Query/Builder.php(3456): Illuminate\\Database\\Query\\Builder->Illuminate\\Database\\Query\\{closure}()
#7 /home/user-1/Desktop/My Buuild /gmoproperties/vendor/laravel/framework/src/Illuminate/Database/Query/Builder.php(2903): Illuminate\\Database\\Query\\Builder->onceWithColumns()
#8 /home/user-1/Desktop/My Buuild /gmoproperties/vendor/laravel/framework/src/Illuminate/Database/Concerns/BuildsQueries.php(333): Illuminate\\Database\\Query\\Builder->get()
#9 /home/user-1/Desktop/My Buuild /gmoproperties/vendor/laravel/framework/src/Illuminate/Database/Query/Builder.php(2824): Illuminate\\Database\\Query\\Builder->first()
#10 /home/user-1/Desktop/My Buuild /gmoproperties/vendor/laravel/framework/src/Illuminate/Session/DatabaseSessionHandler.php(97): Illuminate\\Database\\Query\\Builder->find()
#11 /home/user-1/Desktop/My Buuild /gmoproperties/vendor/laravel/framework/src/Illuminate/Session/Store.php(113): Illuminate\\Session\\DatabaseSessionHandler->read()
#12 /home/user-1/Desktop/My Buuild /gmoproperties/vendor/laravel/framework/src/Illuminate/Session/Store.php(101): Illuminate\\Session\\Store->readFromHandler()
#13 /home/user-1/Desktop/My Buuild /gmoproperties/vendor/laravel/framework/src/Illuminate/Session/Store.php(85): Illuminate\\Session\\Store->loadSession()
#14 /home/user-1/Desktop/My Buuild /gmoproperties/vendor/laravel/framework/src/Illuminate/Session/Middleware/StartSession.php(147): Illuminate\\Session\\Store->start()
#15 /home/user-1/Desktop/My Buuild /gmoproperties/vendor/laravel/framework/src/Illuminate/Support/helpers.php(320): Illuminate\\Session\\Middleware\\StartSession->Illuminate\\Session\\Middleware\\{closure}()
#16 /home/user-1/Desktop/My Buuild /gmoproperties/vendor/laravel/framework/src/Illuminate/Session/Middleware/StartSession.php(148): tap()
#17 /home/user-1/Desktop/My Buuild /gmoproperties/vendor/laravel/framework/src/Illuminate/Session/Middleware/StartSession.php(116): Illuminate\\Session\\Middleware\\StartSession->startSession()
#18 /home/user-1/Desktop/My Buuild /gmoproperties/vendor/laravel/framework/src/Illuminate/Session/Middleware/StartSession.php(64): Illuminate\\Session\\Middleware\\StartSession->handleStatefulRequest()
#19 /home/user-1/Desktop/My Buuild /gmoproperties/vendor/laravel/framework/src/Illuminate/Pipeline/Pipeline.php(183): Illuminate\\Session\\Middleware\\StartSession->handle()
#20 /home/user-1/Desktop/My Buuild /gmoproperties/vendor/laravel/framework/src/Illuminate/Cookie/Middleware/AddQueuedCookiesToResponse.php(37): Illuminate\\Pipeline\\Pipeline->Illuminate\\Pipeline\\{closure}()
#21 /home/user-1/Desktop/My Buuild /gmoproperties/vendor/laravel/framework/src/Illuminate/Pipeline/Pipeline.php(183): Illuminate\\Cookie\\Middleware\\AddQueuedCookiesToResponse->handle()
#22 /home/user-1/Desktop/My Buuild /gmoproperties/vendor/laravel/framework/src/Illuminate/Cookie/Middleware/EncryptCookies.php(67): Illuminate\\Pipeline\\Pipeline->Illuminate\\Pipeline\\{closure}()
#23 /home/user-1/Desktop/My Buuild /gmoproperties/vendor/laravel/framework/src/Illuminate/Pipeline/Pipeline.php(183): Illuminate\\Cookie\\Middleware\\EncryptCookies->handle()
#24 /home/user-1/Desktop/My Buuild /gmoproperties/vendor/laravel/framework/src/Illuminate/Pipeline/Pipeline.php(119): Illuminate\\Pipeline\\Pipeline->Illuminate\\Pipeline\\{closure}()
#25 /home/user-1/Desktop/My Buuild /gmoproperties/vendor/laravel/framework/src/Illuminate/Routing/Router.php(807): Illuminate\\Pipeline\\Pipeline->then()
#26 /home/user-1/Desktop/My Buuild /gmoproperties/vendor/laravel/framework/src/Illuminate/Routing/Router.php(784): Illuminate\\Routing\\Router->runRouteWithinStack()
#27 /home/user-1/Desktop/My Buuild /gmoproperties/vendor/laravel/framework/src/Illuminate/Routing/Router.php(748): Illuminate\\Routing\\Router->runRoute()
#28 /home/user-1/Desktop/My Buuild /gmoproperties/vendor/laravel/framework/src/Illuminate/Routing/Router.php(737): Illuminate\\Routing\\Router->dispatchToRoute()
#29 /home/user-1/Desktop/My Buuild /gmoproperties/vendor/laravel/framework/src/Illuminate/Foundation/Http/Kernel.php(200): Illuminate\\Routing\\Router->dispatch()
#30 /home/user-1/Desktop/My Buuild /gmoproperties/vendor/laravel/framework/src/Illuminate/Pipeline/Pipeline.php(144): Illuminate\\Foundation\\Http\\Kernel->Illuminate\\Foundation\\Http\\{closure}()
#31 /home/user-1/Desktop/My Buuild /gmoproperties/vendor/laravel/framework/src/Illuminate/Foundation/Http/Middleware/TransformsRequest.php(21): Illuminate\\Pipeline\\Pipeline->Illuminate\\Pipeline\\{closure}()
#32 /home/user-1/Desktop/My Buuild /gmoproperties/vendor/laravel/framework/src/Illuminate/Foundation/Http/Middleware/ConvertEmptyStringsToNull.php(31): Illuminate\\Foundation\\Http\\Middleware\\TransformsRequest->handle()
#33 /home/user-1/Desktop/My Buuild /gmoproperties/vendor/laravel/framework/src/Illuminate/Pipeline/Pipeline.php(183): Illuminate\\Foundation\\Http\\Middleware\\ConvertEmptyStringsToNull->handle()
#34 /home/user-1/Desktop/My Buuild /gmoproperties/vendor/laravel/framework/src/Illuminate/Foundation/Http/Middleware/TransformsRequest.php(21): Illuminate\\Pipeline\\Pipeline->Illuminate\\Pipeline\\{closure}()
#35 /home/user-1/Desktop/My Buuild /gmoproperties/vendor/laravel/framework/src/Illuminate/Foundation/Http/Middleware/TrimStrings.php(40): Illuminate\\Foundation\\Http\\Middleware\\TransformsRequest->handle()
#36 /home/user-1/Desktop/My Buuild /gmoproperties/vendor/laravel/framework/src/Illuminate/Pipeline/Pipeline.php(183): Illuminate\\Foundation\\Http\\Middleware\\TrimStrings->handle()
#37 /home/user-1/Desktop/My Buuild /gmoproperties/vendor/laravel/framework/src/Illuminate/Foundation/Http/Middleware/ValidatePostSize.php(27): Illuminate\\Pipeline\\Pipeline->Illuminate\\Pipeline\\{closure}()
#38 /home/user-1/Desktop/My Buuild /gmoproperties/vendor/laravel/framework/src/Illuminate/Pipeline/Pipeline.php(183): Illuminate\\Foundation\\Http\\Middleware\\ValidatePostSize->handle()
#39 /home/user-1/Desktop/My Buuild /gmoproperties/vendor/laravel/framework/src/Illuminate/Foundation/Http/Middleware/PreventRequestsDuringMaintenance.php(99): Illuminate\\Pipeline\\Pipeline->Illuminate\\Pipeline\\{closure}()
#40 /home/user-1/Desktop/My Buuild /gmoproperties/vendor/laravel/framework/src/Illuminate/Pipeline/Pipeline.php(183): Illuminate\\Foundation\\Http\\Middleware\\PreventRequestsDuringMaintenance->handle()
#41 /home/user-1/Desktop/My Buuild /gmoproperties/vendor/laravel/framework/src/Illuminate/Http/Middleware/HandleCors.php(49): Illuminate\\Pipeline\\Pipeline->Illuminate\\Pipeline\\{closure}()
#42 /home/user-1/Desktop/My Buuild /gmoproperties/vendor/laravel/framework/src/Illuminate/Pipeline/Pipeline.php(183): Illuminate\\Http\\Middleware\\HandleCors->handle()
#43 /home/user-1/Desktop/My Buuild /gmoproperties/vendor/laravel/framework/src/Illuminate/Http/Middleware/TrustProxies.php(39): Illuminate\\Pipeline\\Pipeline->Illuminate\\Pipeline\\{closure}()
#44 /home/user-1/Desktop/My Buuild /gmoproperties/vendor/laravel/framework/src/Illuminate/Pipeline/Pipeline.php(183): Illuminate\\Http\\Middleware\\TrustProxies->handle()
#45 /home/user-1/Desktop/My Buuild /gmoproperties/vendor/laravel/framework/src/Illuminate/Pipeline/Pipeline.php(119): Illuminate\\Pipeline\\Pipeline->Illuminate\\Pipeline\\{closure}()
#46 /home/user-1/Desktop/My Buuild /gmoproperties/vendor/laravel/framework/src/Illuminate/Foundation/Http/Kernel.php(175): Illuminate\\Pipeline\\Pipeline->then()
#47 /home/user-1/Desktop/My Buuild /gmoproperties/vendor/laravel/framework/src/Illuminate/Foundation/Http/Kernel.php(144): Illuminate\\Foundation\\Http\\Kernel->sendRequestThroughRouter()
#48 Command line code(1): Illuminate\\Foundation\\Http\\Kernel->handle()
#49 {main}

[previous exception] [object] (PDOException(code: 2002): SQLSTATE[HY000] [2002] Connection refused at /home/user-1/Desktop/My Buuild /gmoproperties/vendor/laravel/framework/src/Illuminate/Database/Connectors/Connector.php:65)
[stacktrace]
#0 /home/user-1/Desktop/My Buuild /gmoproperties/vendor/laravel/framework/src/Illuminate/Database/Connectors/Connector.php(65): PDO->__construct()
#1 /home/user-1/Desktop/My Buuild /gmoproperties/vendor/laravel/framework/src/Illuminate/Database/Connectors/Connector.php(83): Illuminate\\Database\\Connectors\\Connector->createPdoConnection()
#2 /home/user-1/Desktop/My Buuild /gmoproperties/vendor/laravel/framework/src/Illuminate/Database/Connectors/Connector.php(49): Illuminate\\Database\\Connectors\\Connector->tryAgainIfCausedByLostConnection()
#3 /home/user-1/Desktop/My Buuild /gmoproperties/vendor/laravel/framework/src/Illuminate/Database/Connectors/MySqlConnector.php(24): Illuminate\\Database\\Connectors\\Connector->createConnection()
#4 /home/user-1/Desktop/My Buuild /gmoproperties/vendor/laravel/framework/src/Illuminate/Database/Connectors/ConnectionFactory.php(184): Illuminate\\Database\\Connectors\\MySqlConnector->connect()
#5 [internal function]: Illuminate\\Database\\Connectors\\ConnectionFactory->Illuminate\\Database\\Connectors\\{closure}()
#6 /home/user-1/Desktop/My Buuild /gmoproperties/vendor/laravel/framework/src/Illuminate/Database/Connection.php(1339): call_user_func()
#7 /home/user-1/Desktop/My Buuild /gmoproperties/vendor/laravel/framework/src/Illuminate/Database/Connection.php(1375): Illuminate\\Database\\Connection->getPdo()
#8 /home/user-1/Desktop/My Buuild /gmoproperties/vendor/laravel/framework/src/Illuminate/Database/Connection.php(528): Illuminate\\Database\\Connection->getReadPdo()
#9 /home/user-1/Desktop/My Buuild /gmoproperties/vendor/laravel/framework/src/Illuminate/Database/Connection.php(423): Illuminate\\Database\\Connection->getPdoForSelect()
#10 /home/user-1/Desktop/My Buuild /gmoproperties/vendor/laravel/framework/src/Illuminate/Database/Connection.php(816): Illuminate\\Database\\Connection->Illuminate\\Database\\{closure}()
#11 /home/user-1/Desktop/My Buuild /gmoproperties/vendor/laravel/framework/src/Illuminate/Database/Connection.php(983): Illuminate\\Database\\Connection->runQueryCallback()
#12 /home/user-1/Desktop/My Buuild /gmoproperties/vendor/laravel/framework/src/Illuminate/Database/Connection.php(963): Illuminate\\Database\\Connection->tryAgainIfCausedByLostConnection()
#13 /home/user-1/Desktop/My Buuild /gmoproperties/vendor/laravel/framework/src/Illuminate/Database/Connection.php(786): Illuminate\\Database\\Connection->handleQueryException()
#14 /home/user-1/Desktop/My Buuild /gmoproperties/vendor/laravel/framework/src/Illuminate/Database/Connection.php(431): Illuminate\\Database\\Connection->run()
#15 /home/user-1/Desktop/My Buuild /gmoproperties/vendor/laravel/framework/src/Illuminate/Database/Query/Builder.php(2914): Illuminate\\Database\\Connection->select()
#16 /home/user-1/Desktop/My Buuild /gmoproperties/vendor/laravel/framework/src/Illuminate/Database/Query/Builder.php(2902): Illuminate\\Database\\Query\\Builder->runSelect()
#17 /home/user-1/Desktop/My Buuild /gmoproperties/vendor/laravel/framework/src/Illuminate/Database/Query/Builder.php(3456): Illuminate\\Database\\Query\\Builder->Illuminate\\Database\\Query\\{closure}()
#18 /home/user-1/Desktop/My Buuild /gmoproperties/vendor/laravel/framework/src/Illuminate/Database/Query/Builder.php(2903): Illuminate\\Database\\Query\\Builder->onceWithColumns()
#19 /home/user-1/Desktop/My Buuild /gmoproperties/vendor/laravel/framework/src/Illuminate/Database/Concerns/BuildsQueries.php(333): Illuminate\\Database\\Query\\Builder->get()
#20 /home/user-1/Desktop/My Buuild /gmoproperties/vendor/laravel/framework/src/Illuminate/Database/Query/Builder.php(2824): Illuminate\\Database\\Query\\Builder->first()
#21 /home/user-1/Desktop/My Buuild /gmoproperties/vendor/laravel/framework/src/Illuminate/Session/DatabaseSessionHandler.php(97): Illuminate\\Database\\Query\\Builder->find()
#22 /home/user-1/Desktop/My Buuild /gmoproperties/vendor/laravel/framework/src/Illuminate/Session/Store.php(113): Illuminate\\Session\\DatabaseSessionHandler->read()
#23 /home/user-1/Desktop/My Buuild /gmoproperties/vendor/laravel/framework/src/Illuminate/Session/Store.php(101): Illuminate\\Session\\Store->readFromHandler()
#24 /home/user-1/Desktop/My Buuild /gmoproperties/vendor/laravel/framework/src/Illuminate/Session/Store.php(85): Illuminate\\Session\\Store->loadSession()
#25 /home/user-1/Desktop/My Buuild /gmoproperties/vendor/laravel/framework/src/Illuminate/Session/Middleware/StartSession.php(147): Illuminate\\Session\\Store->start()
#26 /home/user-1/Desktop/My Buuild /gmoproperties/vendor/laravel/framework/src/Illuminate/Support/helpers.php(320): Illuminate\\Session\\Middleware\\StartSession->Illuminate\\Session\\Middleware\\{closure}()
#27 /home/user-1/Desktop/My Buuild /gmoproperties/vendor/laravel/framework/src/Illuminate/Session/Middleware/StartSession.php(148): tap()
#28 /home/user-1/Desktop/My Buuild /gmoproperties/vendor/laravel/framework/src/Illuminate/Session/Middleware/StartSession.php(116): Illuminate\\Session\\Middleware\\StartSession->startSession()
#29 /home/user-1/Desktop/My Buuild /gmoproperties/vendor/laravel/framework/src/Illuminate/Session/Middleware/StartSession.php(64): Illuminate\\Session\\Middleware\\StartSession->handleStatefulRequest()
#30 /home/user-1/Desktop/My Buuild /gmoproperties/vendor/laravel/framework/src/Illuminate/Pipeline/Pipeline.php(183): Illuminate\\Session\\Middleware\\StartSession->handle()
#31 /home/user-1/Desktop/My Buuild /gmoproperties/vendor/laravel/framework/src/Illuminate/Cookie/Middleware/AddQueuedCookiesToResponse.php(37): Illuminate\\Pipeline\\Pipeline->Illuminate\\Pipeline\\{closure}()
#32 /home/user-1/Desktop/My Buuild /gmoproperties/vendor/laravel/framework/src/Illuminate/Pipeline/Pipeline.php(183): Illuminate\\Cookie\\Middleware\\AddQueuedCookiesToResponse->handle()
#33 /home/user-1/Desktop/My Buuild /gmoproperties/vendor/laravel/framework/src/Illuminate/Cookie/Middleware/EncryptCookies.php(67): Illuminate\\Pipeline\\Pipeline->Illuminate\\Pipeline\\{closure}()
#34 /home/user-1/Desktop/My Buuild /gmoproperties/vendor/laravel/framework/src/Illuminate/Pipeline/Pipeline.php(183): Illuminate\\Cookie\\Middleware\\EncryptCookies->handle()
#35 /home/user-1/Desktop/My Buuild /gmoproperties/vendor/laravel/framework/src/Illuminate/Pipeline/Pipeline.php(119): Illuminate\\Pipeline\\Pipeline->Illuminate\\Pipeline\\{closure}()
#36 /home/user-1/Desktop/My Buuild /gmoproperties/vendor/laravel/framework/src/Illuminate/Routing/Router.php(807): Illuminate\\Pipeline\\Pipeline->then()
#37 /home/user-1/Desktop/My Buuild /gmoproperties/vendor/laravel/framework/src/Illuminate/Routing/Router.php(784): Illuminate\\Routing\\Router->runRouteWithinStack()
#38 /home/user-1/Desktop/My Buuild /gmoproperties/vendor/laravel/framework/src/Illuminate/Routing/Router.php(748): Illuminate\\Routing\\Router->runRoute()
#39 /home/user-1/Desktop/My Buuild /gmoproperties/vendor/laravel/framework/src/Illuminate/Routing/Router.php(737): Illuminate\\Routing\\Router->dispatchToRoute()
#40 /home/user-1/Desktop/My Buuild /gmoproperties/vendor/laravel/framework/src/Illuminate/Foundation/Http/Kernel.php(200): Illuminate\\Routing\\Router->dispatch()
#41 /home/user-1/Desktop/My Buuild /gmoproperties/vendor/laravel/framework/src/Illuminate/Pipeline/Pipeline.php(144): Illuminate\\Foundation\\Http\\Kernel->Illuminate\\Foundation\\Http\\{closure}()
#42 /home/user-1/Desktop/My Buuild /gmoproperties/vendor/laravel/framework/src/Illuminate/Foundation/Http/Middleware/TransformsRequest.php(21): Illuminate\\Pipeline\\Pipeline->Illuminate\\Pipeline\\{closure}()
#43 /home/user-1/Desktop/My Buuild /gmoproperties/vendor/laravel/framework/src/Illuminate/Foundation/Http/Middleware/ConvertEmptyStringsToNull.php(31): Illuminate\\Foundation\\Http\\Middleware\\TransformsRequest->handle()
#44 /home/user-1/Desktop/My Buuild /gmoproperties/vendor/laravel/framework/src/Illuminate/Pipeline/Pipeline.php(183): Illuminate\\Foundation\\Http\\Middleware\\ConvertEmptyStringsToNull->handle()
#45 /home/user-1/Desktop/My Buuild /gmoproperties/vendor/laravel/framework/src/Illuminate/Foundation/Http/Middleware/TransformsRequest.php(21): Illuminate\\Pipeline\\Pipeline->Illuminate\\Pipeline\\{closure}()
#46 /home/user-1/Desktop/My Buuild /gmoproperties/vendor/laravel/framework/src/Illuminate/Foundation/Http/Middleware/TrimStrings.php(40): Illuminate\\Foundation\\Http\\Middleware\\TransformsRequest->handle()
#47 /home/user-1/Desktop/My Buuild /gmoproperties/vendor/laravel/framework/src/Illuminate/Pipeline/Pipeline.php(183): Illuminate\\Foundation\\Http\\Middleware\\TrimStrings->handle()
#48 /home/user-1/Desktop/My Buuild /gmoproperties/vendor/laravel/framework/src/Illuminate/Foundation/Http/Middleware/ValidatePostSize.php(27): Illuminate\\Pipeline\\Pipeline->Illuminate\\Pipeline\\{closure}()
#49 /home/user-1/Desktop/My Buuild /gmoproperties/vendor/laravel/framework/src/Illuminate/Pipeline/Pipeline.php(183): Illuminate\\Foundation\\Http\\Middleware\\ValidatePostSize->handle()
#50 /home/user-1/Desktop/My Buuild /gmoproperties/vendor/laravel/framework/src/Illuminate/Foundation/Http/Middleware/PreventRequestsDuringMaintenance.php(99): Illuminate\\Pipeline\\Pipeline->Illuminate\\Pipeline\\{closure}()
#51 /home/user-1/Desktop/My Buuild /gmoproperties/vendor/laravel/framework/src/Illuminate/Pipeline/Pipeline.php(183): Illuminate\\Foundation\\Http\\Middleware\\PreventRequestsDuringMaintenance->handle()
#52 /home/user-1/Desktop/My Buuild /gmoproperties/vendor/laravel/framework/src/Illuminate/Http/Middleware/HandleCors.php(49): Illuminate\\Pipeline\\Pipeline->Illuminate\\Pipeline\\{closure}()
#53 /home/user-1/Desktop/My Buuild /gmoproperties/vendor/laravel/framework/src/Illuminate/Pipeline/Pipeline.php(183): Illuminate\\Http\\Middleware\\HandleCors->handle()
#54 /home/user-1/Desktop/My Buuild /gmoproperties/vendor/laravel/framework/src/Illuminate/Http/Middleware/TrustProxies.php(39): Illuminate\\Pipeline\\Pipeline->Illuminate\\Pipeline\\{closure}()
#55 /home/user-1/Desktop/My Buuild /gmoproperties/vendor/laravel/framework/src/Illuminate/Pipeline/Pipeline.php(183): Illuminate\\Http\\Middleware\\TrustProxies->handle()
#56 /home/user-1/Desktop/My Buuild /gmoproperties/vendor/laravel/framework/src/Illuminate/Pipeline/Pipeline.php(119): Illuminate\\Pipeline\\Pipeline->Illuminate\\Pipeline\\{closure}()
#57 /home/user-1/Desktop/My Buuild /gmoproperties/vendor/laravel/framework/src/Illuminate/Foundation/Http/Kernel.php(175): Illuminate\\Pipeline\\Pipeline->then()
#58 /home/user-1/Desktop/My Buuild /gmoproperties/vendor/laravel/framework/src/Illuminate/Foundation/Http/Kernel.php(144): Illuminate\\Foundation\\Http\\Kernel->sendRequestThroughRouter()
#59 Command line code(1): Illuminate\\Foundation\\Http\\Kernel->handle()
#60 {main}
"} 
[2026-02-19 20:34:25] local.ERROR: The "--columns" option does not exist. {"exception":"[object] (Symfony\\Component\\Console\\Exception\\RuntimeException(code: 0): The \"--columns\" option does not exist. at /home/user-1/Desktop/My Buuild /gmoproperties/vendor/symfony/console/Input/ArgvInput.php:223)
[stacktrace]
#0 /home/user-1/Desktop/My Buuild /gmoproperties/vendor/symfony/console/Input/ArgvInput.php(150): Symfony\\Component\\Console\\Input\\ArgvInput->addLongOption()
#1 /home/user-1/Desktop/My Buuild /gmoproperties/vendor/symfony/console/Input/ArgvInput.php(85): Symfony\\Component\\Console\\Input\\ArgvInput->parseLongOption()
#2 /home/user-1/Desktop/My Buuild /gmoproperties/vendor/symfony/console/Input/ArgvInput.php(74): Symfony\\Component\\Console\\Input\\ArgvInput->parseToken()
#3 /home/user-1/Desktop/My Buuild /gmoproperties/vendor/symfony/console/Input/Input.php(56): Symfony\\Component\\Console\\Input\\ArgvInput->parse()
#4 /home/user-1/Desktop/My Buuild /gmoproperties/vendor/symfony/console/Command/Command.php(285): Symfony\\Component\\Console\\Input\\Input->bind()
#5 /home/user-1/Desktop/My Buuild /gmoproperties/vendor/laravel/framework/src/Illuminate/Console/Command.php(181): Symfony\\Component\\Console\\Command\\Command->run()
#6 /home/user-1/Desktop/My Buuild /gmoproperties/vendor/symfony/console/Application.php(1106): Illuminate\\Console\\Command->run()
#7 /home/user-1/Desktop/My Buuild /gmoproperties/vendor/symfony/console/Application.php(324): Symfony\\Component\\Console\\Application->doRunCommand()
#8 /home/user-1/Desktop/My Buuild /gmoproperties/vendor/symfony/console/Application.php(175): Symfony\\Component\\Console\\Application->doRun()
#9 /home/user-1/Desktop/My Buuild /gmoproperties/vendor/laravel/framework/src/Illuminate/Foundation/Console/Kernel.php(201): Symfony\\Component\\Console\\Application->run()
#10 /home/user-1/Desktop/My Buuild /gmoproperties/artisan(26): Illuminate\\Foundation\\Console\\Kernel->handle()
#11 {main}
"} 
[2026-02-26 07:28:39] local.ERROR: Cannot use App\Http\Controllers\Tenant\ApplicationController as TenantApplicationController because the name is already in use {"exception":"[object] (Symfony\\Component\\ErrorHandler\\Error\\FatalError(code: 0): Cannot use App\\Http\\Controllers\\Tenant\\ApplicationController as TenantApplicationController because the name is already in use at /home/user-1/Desktop/My Buuild /gmoproperties/routes/web.php:24)
[stacktrace]
#0 {main}
"} 
[2026-02-26 07:29:44] local.ERROR: Cannot use App\Http\Controllers\Tenant\ApplicationController as TenantApplicationController because the name is already in use {"exception":"[object] (Symfony\\Component\\ErrorHandler\\Error\\FatalError(code: 0): Cannot use App\\Http\\Controllers\\Tenant\\ApplicationController as TenantApplicationController because the name is already in use at /home/user-1/Desktop/My Buuild /gmoproperties/routes/web.php:24)
[stacktrace]
#0 {main}
"} 
[2026-02-26 07:30:31] local.ERROR: Cannot use App\Http\Controllers\Tenant\ApplicationController as TenantApplicationController because the name is already in use {"exception":"[object] (Symfony\\Component\\ErrorHandler\\Error\\FatalError(code: 0): Cannot use App\\Http\\Controllers\\Tenant\\ApplicationController as TenantApplicationController because the name is already in use at /home/user-1/Desktop/My Buuild /gmoproperties/routes/web.php:24)
[stacktrace]
#0 {main}
"} 
[2026-02-26 07:30:31] local.ERROR: Cannot use App\Http\Controllers\Tenant\ApplicationController as TenantApplicationController because the name is already in use {"exception":"[object] (Symfony\\Component\\ErrorHandler\\Error\\FatalError(code: 0): Cannot use App\\Http\\Controllers\\Tenant\\ApplicationController as TenantApplicationController because the name is already in use at /home/user-1/Desktop/My Buuild /gmoproperties/routes/web.php:24)
[stacktrace]
#0 {main}
"} 
[2026-02-26 07:30:45] local.ERROR: Cannot use App\Http\Controllers\Tenant\ApplicationController as TenantApplicationController because the name is already in use {"exception":"[object] (Symfony\\Component\\ErrorHandler\\Error\\FatalError(code: 0): Cannot use App\\Http\\Controllers\\Tenant\\ApplicationController as TenantApplicationController because the name is already in use at /home/user-1/Desktop/My Buuild /gmoproperties/routes/web.php:24)
[stacktrace]
#0 {main}
"} 
[2026-02-26 07:30:58] local.ERROR: Cannot use App\Http\Controllers\Tenant\ApplicationController as TenantApplicationController because the name is already in use {"exception":"[object] (Symfony\\Component\\ErrorHandler\\Error\\FatalError(code: 0): Cannot use App\\Http\\Controllers\\Tenant\\ApplicationController as TenantApplicationController because the name is already in use at /home/user-1/Desktop/My Buuild /gmoproperties/routes/web.php:24)
[stacktrace]
#0 {main}
"} 
[2026-02-26 07:31:25] local.ERROR: Cannot use App\Http\Controllers\Tenant\ApplicationController as TenantApplicationController because the name is already in use {"exception":"[object] (Symfony\\Component\\ErrorHandler\\Error\\FatalError(code: 0): Cannot use App\\Http\\Controllers\\Tenant\\ApplicationController as TenantApplicationController because the name is already in use at /home/user-1/Desktop/My Buuild /gmoproperties/routes/web.php:24)
[stacktrace]
#0 {main}
"} 
[2026-02-26 07:38:12] local.ERROR: Cannot use App\Http\Controllers\Tenant\ApplicationController as TenantApplicationController because the name is already in use {"exception":"[object] (Symfony\\Component\\ErrorHandler\\Error\\FatalError(code: 0): Cannot use App\\Http\\Controllers\\Tenant\\ApplicationController as TenantApplicationController because the name is already in use at /home/user-1/Desktop/My Buuild /gmoproperties/routes/web.php:24)
[stacktrace]
#0 {main}
"} 
[2026-02-26 07:38:51] local.ERROR: Cannot use App\Http\Controllers\Tenant\ApplicationController as TenantApplicationController because the name is already in use {"exception":"[object] (Symfony\\Component\\ErrorHandler\\Error\\FatalError(code: 0): Cannot use App\\Http\\Controllers\\Tenant\\ApplicationController as TenantApplicationController because the name is already in use at /home/user-1/Desktop/My Buuild /gmoproperties/routes/web.php:24)
[stacktrace]
#0 {main}
"} 
[2026-02-26 07:55:49] local.ERROR: Cannot use App\Http\Controllers\Tenant\ApplicationController as TenantApplicationController because the name is already in use {"exception":"[object] (Symfony\\Component\\ErrorHandler\\Error\\FatalError(code: 0): Cannot use App\\Http\\Controllers\\Tenant\\ApplicationController as TenantApplicationController because the name is already in use at /home/user-1/Desktop/My Buuild /gmoproperties/routes/web.php:24)
[stacktrace]
#0 {main}
"} 
[2026-02-26 07:56:21] local.ERROR: Cannot use App\Http\Controllers\Tenant\ApplicationController as TenantApplicationController because the name is already in use {"exception":"[object] (Symfony\\Component\\ErrorHandler\\Error\\FatalError(code: 0): Cannot use App\\Http\\Controllers\\Tenant\\ApplicationController as TenantApplicationController because the name is already in use at /home/user-1/Desktop/My Buuild /gmoproperties/routes/web.php:24)
[stacktrace]
#0 {main}
"} 
[2026-02-26 07:56:57] local.ERROR: Cannot use App\Http\Controllers\Tenant\ApplicationController as TenantApplicationController because the name is already in use {"exception":"[object] (Symfony\\Component\\ErrorHandler\\Error\\FatalError(code: 0): Cannot use App\\Http\\Controllers\\Tenant\\ApplicationController as TenantApplicationController because the name is already in use at /home/user-1/Desktop/My Buuild /gmoproperties/routes/web.php:24)
[stacktrace]
#0 {main}
"} 
[2026-02-26 07:57:13] local.ERROR: Cannot use App\Http\Controllers\Tenant\ApplicationController as TenantApplicationController because the name is already in use {"exception":"[object] (Symfony\\Component\\ErrorHandler\\Error\\FatalError(code: 0): Cannot use App\\Http\\Controllers\\Tenant\\ApplicationController as TenantApplicationController because the name is already in use at /home/user-1/Desktop/My Buuild /gmoproperties/routes/web.php:24)
[stacktrace]
#0 {main}
"} 
[2026-02-26 07:57:29] local.ERROR: Cannot use App\Http\Controllers\Tenant\ApplicationController as TenantApplicationController because the name is already in use {"exception":"[object] (Symfony\\Component\\ErrorHandler\\Error\\FatalError(code: 0): Cannot use App\\Http\\Controllers\\Tenant\\ApplicationController as TenantApplicationController because the name is already in use at /home/user-1/Desktop/My Buuild /gmoproperties/routes/web.php:24)
[stacktrace]
#0 {main}
"} 
[2026-02-26 07:57:51] local.ERROR: Cannot use App\Http\Controllers\Tenant\ApplicationController as TenantApplicationController because the name is already in use {"exception":"[object] (Symfony\\Component\\ErrorHandler\\Error\\FatalError(code: 0): Cannot use App\\Http\\Controllers\\Tenant\\ApplicationController as TenantApplicationController because the name is already in use at /home/user-1/Desktop/My Buuild /gmoproperties/routes/web.php:24)
[stacktrace]
#0 {main}
"} 
[2026-02-26 07:58:09] local.ERROR: Cannot use App\Http\Controllers\Tenant\ApplicationController as TenantApplicationController because the name is already in use {"exception":"[object] (Symfony\\Component\\ErrorHandler\\Error\\FatalError(code: 0): Cannot use App\\Http\\Controllers\\Tenant\\ApplicationController as TenantApplicationController because the name is already in use at /home/user-1/Desktop/My Buuild /gmoproperties/routes/web.php:24)
[stacktrace]
#0 {main}
"} 
[2026-02-26 07:58:28] local.ERROR: Cannot use App\Http\Controllers\Tenant\ApplicationController as TenantApplicationController because the name is already in use {"exception":"[object] (Symfony\\Component\\ErrorHandler\\Error\\FatalError(code: 0): Cannot use App\\Http\\Controllers\\Tenant\\ApplicationController as TenantApplicationController because the name is already in use at /home/user-1/Desktop/My Buuild /gmoproperties/routes/web.php:24)
[stacktrace]
#0 {main}
"} 
[2026-02-26 07:58:42] local.ERROR: Cannot use App\Http\Controllers\Tenant\ApplicationController as TenantApplicationController because the name is already in use {"exception":"[object] (Symfony\\Component\\ErrorHandler\\Error\\FatalError(code: 0): Cannot use App\\Http\\Controllers\\Tenant\\ApplicationController as TenantApplicationController because the name is already in use at /home/user-1/Desktop/My Buuild /gmoproperties/routes/web.php:24)
[stacktrace]
#0 {main}
"} 
[2026-02-26 07:58:56] local.ERROR: Cannot use App\Http\Controllers\Tenant\ApplicationController as TenantApplicationController because the name is already in use {"exception":"[object] (Symfony\\Component\\ErrorHandler\\Error\\FatalError(code: 0): Cannot use App\\Http\\Controllers\\Tenant\\ApplicationController as TenantApplicationController because the name is already in use at /home/user-1/Desktop/My Buuild /gmoproperties/routes/web.php:24)
[stacktrace]
#0 {main}
"} 
[2026-02-26 07:59:09] local.ERROR: Cannot use App\Http\Controllers\Tenant\ApplicationController as TenantApplicationController because the name is already in use {"exception":"[object] (Symfony\\Component\\ErrorHandler\\Error\\FatalError(code: 0): Cannot use App\\Http\\Controllers\\Tenant\\ApplicationController as TenantApplicationController because the name is already in use at /home/user-1/Desktop/My Buuild /gmoproperties/routes/web.php:24)
[stacktrace]
#0 {main}
"} 
[2026-02-26 07:59:36] local.ERROR: Cannot use App\Http\Controllers\Tenant\ApplicationController as TenantApplicationController because the name is already in use {"exception":"[object] (Symfony\\Component\\ErrorHandler\\Error\\FatalError(code: 0): Cannot use App\\Http\\Controllers\\Tenant\\ApplicationController as TenantApplicationController because the name is already in use at /home/user-1/Desktop/My Buuild /gmoproperties/routes/web.php:24)
[stacktrace]
#0 {main}
"} 
[2026-02-26 07:59:55] local.ERROR: Cannot use App\Http\Controllers\Tenant\ApplicationController as TenantApplicationController because the name is already in use {"exception":"[object] (Symfony\\Component\\ErrorHandler\\Error\\FatalError(code: 0): Cannot use App\\Http\\Controllers\\Tenant\\ApplicationController as TenantApplicationController because the name is already in use at /home/user-1/Desktop/My Buuild /gmoproperties/routes/web.php:24)
[stacktrace]
#0 {main}
"} 
[2026-02-26 08:00:03] local.ERROR: Cannot use App\Http\Controllers\Tenant\ApplicationController as TenantApplicationController because the name is already in use {"exception":"[object] (Symfony\\Component\\ErrorHandler\\Error\\FatalError(code: 0): Cannot use App\\Http\\Controllers\\Tenant\\ApplicationController as TenantApplicationController because the name is already in use at /home/user-1/Desktop/My Buuild /gmoproperties/routes/web.php:24)
[stacktrace]
#0 {main}
"} 
[2026-02-26 08:00:24] local.ERROR: Cannot use App\Http\Controllers\Tenant\ApplicationController as TenantApplicationController because the name is already in use {"exception":"[object] (Symfony\\Component\\ErrorHandler\\Error\\FatalError(code: 0): Cannot use App\\Http\\Controllers\\Tenant\\ApplicationController as TenantApplicationController because the name is already in use at /home/user-1/Desktop/My Buuild /gmoproperties/routes/web.php:24)
[stacktrace]
#0 {main}
"} 
[2026-02-26 08:00:42] local.ERROR: Cannot use App\Http\Controllers\Tenant\ApplicationController as TenantApplicationController because the name is already in use {"exception":"[object] (Symfony\\Component\\ErrorHandler\\Error\\FatalError(code: 0): Cannot use App\\Http\\Controllers\\Tenant\\ApplicationController as TenantApplicationController because the name is already in use at /home/user-1/Desktop/My Buuild /gmoproperties/routes/web.php:24)
[stacktrace]
#0 {main}
"} 
[2026-02-26 08:01:12] local.ERROR: Cannot use App\Http\Controllers\Tenant\ApplicationController as TenantApplicationController because the name is already in use {"exception":"[object] (Symfony\\Component\\ErrorHandler\\Error\\FatalError(code: 0): Cannot use App\\Http\\Controllers\\Tenant\\ApplicationController as TenantApplicationController because the name is already in use at /home/user-1/Desktop/My Buuild /gmoproperties/routes/web.php:24)
[stacktrace]
#0 {main}
"} 
[2026-02-26 08:01:28] local.ERROR: Cannot use App\Http\Controllers\Tenant\ApplicationController as TenantApplicationController because the name is already in use {"exception":"[object] (Symfony\\Component\\ErrorHandler\\Error\\FatalError(code: 0): Cannot use App\\Http\\Controllers\\Tenant\\ApplicationController as TenantApplicationController because the name is already in use at /home/user-1/Desktop/My Buuild /gmoproperties/routes/web.php:24)
[stacktrace]
#0 {main}
"} 
[2026-02-26 08:01:53] local.ERROR: Cannot use App\Http\Controllers\Tenant\ApplicationController as TenantApplicationController because the name is already in use {"exception":"[object] (Symfony\\Component\\ErrorHandler\\Error\\FatalError(code: 0): Cannot use App\\Http\\Controllers\\Tenant\\ApplicationController as TenantApplicationController because the name is already in use at /home/user-1/Desktop/My Buuild /gmoproperties/routes/web.php:24)
[stacktrace]
#0 {main}
"} 
[2026-02-26 08:02:04] local.ERROR: Cannot use App\Http\Controllers\Tenant\ApplicationController as TenantApplicationController because the name is already in use {"exception":"[object] (Symfony\\Component\\ErrorHandler\\Error\\FatalError(code: 0): Cannot use App\\Http\\Controllers\\Tenant\\ApplicationController as TenantApplicationController because the name is already in use at /home/user-1/Desktop/My Buuild /gmoproperties/routes/web.php:24)
[stacktrace]
#0 {main}
"} 
[2026-02-26 08:02:23] local.ERROR: Cannot use App\Http\Controllers\Tenant\ApplicationController as TenantApplicationController because the name is already in use {"exception":"[object] (Symfony\\Component\\ErrorHandler\\Error\\FatalError(code: 0): Cannot use App\\Http\\Controllers\\Tenant\\ApplicationController as TenantApplicationController because the name is already in use at /home/user-1/Desktop/My Buuild /gmoproperties/routes/web.php:24)
[stacktrace]
#0 {main}
"} 
[2026-02-26 08:02:31] local.ERROR: Cannot use App\Http\Controllers\Tenant\ApplicationController as TenantApplicationController because the name is already in use {"exception":"[object] (Symfony\\Component\\ErrorHandler\\Error\\FatalError(code: 0): Cannot use App\\Http\\Controllers\\Tenant\\ApplicationController as TenantApplicationController because the name is already in use at /home/user-1/Desktop/My Buuild /gmoproperties/routes/web.php:24)
[stacktrace]
#0 {main}
"} 
[2026-02-26 08:02:42] local.ERROR: Cannot use App\Http\Controllers\Tenant\ApplicationController as TenantApplicationController because the name is already in use {"exception":"[object] (Symfony\\Component\\ErrorHandler\\Error\\FatalError(code: 0): Cannot use App\\Http\\Controllers\\Tenant\\ApplicationController as TenantApplicationController because the name is already in use at /home/user-1/Desktop/My Buuild /gmoproperties/routes/web.php:24)
[stacktrace]
#0 {main}
"} 
[2026-02-26 08:02:48] local.ERROR: Cannot use App\Http\Controllers\Tenant\ApplicationController as TenantApplicationController because the name is already in use {"exception":"[object] (Symfony\\Component\\ErrorHandler\\Error\\FatalError(code: 0): Cannot use App\\Http\\Controllers\\Tenant\\ApplicationController as TenantApplicationController because the name is already in use at /home/user-1/Desktop/My Buuild /gmoproperties/routes/web.php:24)
[stacktrace]
#0 {main}
"} 
[2026-02-26 08:03:03] local.ERROR: Cannot use App\Http\Controllers\Tenant\ApplicationController as TenantApplicationController because the name is already in use {"exception":"[object] (Symfony\\Component\\ErrorHandler\\Error\\FatalError(code: 0): Cannot use App\\Http\\Controllers\\Tenant\\ApplicationController as TenantApplicationController because the name is already in use at /home/user-1/Desktop/My Buuild /gmoproperties/routes/web.php:24)
[stacktrace]
#0 {main}
"} 
[2026-02-26 08:27:49] local.ERROR: Cannot use App\Http\Controllers\Tenant\ApplicationController as TenantApplicationController because the name is already in use {"exception":"[object] (Symfony\\Component\\ErrorHandler\\Error\\FatalError(code: 0): Cannot use App\\Http\\Controllers\\Tenant\\ApplicationController as TenantApplicationController because the name is already in use at /home/user-1/Desktop/My Buuild /gmoproperties/routes/web.php:24)
[stacktrace]
#0 {main}
"} 
[2026-02-26 08:27:57] local.ERROR: Cannot use App\Http\Controllers\Tenant\ApplicationController as TenantApplicationController because the name is already in use {"exception":"[object] (Symfony\\Component\\ErrorHandler\\Error\\FatalError(code: 0): Cannot use App\\Http\\Controllers\\Tenant\\ApplicationController as TenantApplicationController because the name is already in use at /home/user-1/Desktop/My Buuild /gmoproperties/routes/web.php:24)
[stacktrace]
#0 {main}
"} 
[2026-02-26 08:28:04] local.ERROR: Cannot use App\Http\Controllers\Tenant\ApplicationController as TenantApplicationController because the name is already in use {"exception":"[object] (Symfony\\Component\\ErrorHandler\\Error\\FatalError(code: 0): Cannot use App\\Http\\Controllers\\Tenant\\ApplicationController as TenantApplicationController because the name is already in use at /home/user-1/Desktop/My Buuild /gmoproperties/routes/web.php:24)
[stacktrace]
#0 {main}
"} 
[2026-02-26 08:28:10] local.ERROR: Cannot use App\Http\Controllers\Tenant\ApplicationController as TenantApplicationController because the name is already in use {"exception":"[object] (Symfony\\Component\\ErrorHandler\\Error\\FatalError(code: 0): Cannot use App\\Http\\Controllers\\Tenant\\ApplicationController as TenantApplicationController because the name is already in use at /home/user-1/Desktop/My Buuild /gmoproperties/routes/web.php:24)
[stacktrace]
#0 {main}
"} 
[2026-02-26 08:47:53] local.ERROR: Cannot use App\Http\Controllers\Tenant\ApplicationController as TenantApplicationController because the name is already in use {"exception":"[object] (Symfony\\Component\\ErrorHandler\\Error\\FatalError(code: 0): Cannot use App\\Http\\Controllers\\Tenant\\ApplicationController as TenantApplicationController because the name is already in use at /home/user-1/Desktop/My Buuild /gmoproperties/routes/web.php:24)
[stacktrace]
#0 {main}
"} 
[2026-02-26 08:48:47] local.ERROR: Cannot use App\Http\Controllers\Tenant\ApplicationController as TenantApplicationController because the name is already in use {"exception":"[object] (Symfony\\Component\\ErrorHandler\\Error\\FatalError(code: 0): Cannot use App\\Http\\Controllers\\Tenant\\ApplicationController as TenantApplicationController because the name is already in use at /home/user-1/Desktop/My Buuild /gmoproperties/routes/web.php:24)
[stacktrace]
#0 {main}
"} 
[2026-02-26 08:48:48] local.ERROR: Cannot use App\Http\Controllers\Tenant\ApplicationController as TenantApplicationController because the name is already in use {"exception":"[object] (Symfony\\Component\\ErrorHandler\\Error\\FatalError(code: 0): Cannot use App\\Http\\Controllers\\Tenant\\ApplicationController as TenantApplicationController because the name is already in use at /home/user-1/Desktop/My Buuild /gmoproperties/routes/web.php:24)
[stacktrace]
#0 {main}
"} 
[2026-02-26 08:57:51] local.ERROR: Auth guard [] is not defined. {"exception":"[object] (InvalidArgumentException(code: 0): Auth guard [] is not defined. at /home/user-1/Desktop/My Buuild /gmoproperties/vendor/laravel/framework/src/Illuminate/Auth/AuthManager.php:86)
[stacktrace]
#0 /home/user-1/Desktop/My Buuild /gmoproperties/vendor/laravel/framework/src/Illuminate/Auth/AuthManager.php(70): Illuminate\\Auth\\AuthManager->resolve()
#1 /home/user-1/Desktop/My Buuild /gmoproperties/vendor/laravel/framework/src/Illuminate/Support/Facades/Facade.php(355): Illuminate\\Auth\\AuthManager->guard()
#2 /home/user-1/Desktop/My Buuild /gmoproperties/app/Http/Middleware/RedirectIfAuthenticated.php(23): Illuminate\\Support\\Facades\\Facade::__callStatic()
#3 /home/user-1/Desktop/My Buuild /gmoproperties/vendor/laravel/framework/src/Illuminate/Pipeline/Pipeline.php(183): App\\Http\\Middleware\\RedirectIfAuthenticated->handle()
#4 /home/user-1/Desktop/My Buuild /gmoproperties/vendor/laravel/framework/src/Illuminate/Routing/Middleware/SubstituteBindings.php(50): Illuminate\\Pipeline\\Pipeline->Illuminate\\Pipeline\\{closure}()
#5 /home/user-1/Desktop/My Buuild /gmoproperties/vendor/laravel/framework/src/Illuminate/Pipeline/Pipeline.php(183): Illuminate\\Routing\\Middleware\\SubstituteBindings->handle()
#6 /home/user-1/Desktop/My Buuild /gmoproperties/vendor/laravel/framework/src/Illuminate/Foundation/Http/Middleware/VerifyCsrfToken.php(78): Illuminate\\Pipeline\\Pipeline->Illuminate\\Pipeline\\{closure}()
#7 /home/user-1/Desktop/My Buuild /gmoproperties/vendor/laravel/framework/src/Illuminate/Pipeline/Pipeline.php(183): Illuminate\\Foundation\\Http\\Middleware\\VerifyCsrfToken->handle()
#8 /home/user-1/Desktop/My Buuild /gmoproperties/vendor/laravel/framework/src/Illuminate/View/Middleware/ShareErrorsFromSession.php(49): Illuminate\\Pipeline\\Pipeline->Illuminate\\Pipeline\\{closure}()
#9 /home/user-1/Desktop/My Buuild /gmoproperties/vendor/laravel/framework/src/Illuminate/Pipeline/Pipeline.php(183): Illuminate\\View\\Middleware\\ShareErrorsFromSession->handle()
#10 /home/user-1/Desktop/My Buuild /gmoproperties/vendor/laravel/framework/src/Illuminate/Session/Middleware/StartSession.php(121): Illuminate\\Pipeline\\Pipeline->Illuminate\\Pipeline\\{closure}()
#11 /home/user-1/Desktop/My Buuild /gmoproperties/vendor/laravel/framework/src/Illuminate/Session/Middleware/StartSession.php(64): Illuminate\\Session\\Middleware\\StartSession->handleStatefulRequest()
#12 /home/user-1/Desktop/My Buuild /gmoproperties/vendor/laravel/framework/src/Illuminate/Pipeline/Pipeline.php(183): Illuminate\\Session\\Middleware\\StartSession->handle()
#13 /home/user-1/Desktop/My Buuild /gmoproperties/vendor/laravel/framework/src/Illuminate/Cookie/Middleware/AddQueuedCookiesToResponse.php(37): Illuminate\\Pipeline\\Pipeline->Illuminate\\Pipeline\\{closure}()
#14 /home/user-1/Desktop/My Buuild /gmoproperties/vendor/laravel/framework/src/Illuminate/Pipeline/Pipeline.php(183): Illuminate\\Cookie\\Middleware\\AddQueuedCookiesToResponse->handle()
#15 /home/user-1/Desktop/My Buuild /gmoproperties/vendor/laravel/framework/src/Illuminate/Cookie/Middleware/EncryptCookies.php(67): Illuminate\\Pipeline\\Pipeline->Illuminate\\Pipeline\\{closure}()
#16 /home/user-1/Desktop/My Buuild /gmoproperties/vendor/laravel/framework/src/Illuminate/Pipeline/Pipeline.php(183): Illuminate\\Cookie\\Middleware\\EncryptCookies->handle()
#17 /home/user-1/Desktop/My Buuild /gmoproperties/vendor/laravel/framework/src/Illuminate/Pipeline/Pipeline.php(119): Illuminate\\Pipeline\\Pipeline->Illuminate\\Pipeline\\{closure}()
#18 /home/user-1/Desktop/My Buuild /gmoproperties/vendor/laravel/framework/src/Illuminate/Routing/Router.php(807): Illuminate\\Pipeline\\Pipeline->then()
#19 /home/user-1/Desktop/My Buuild /gmoproperties/vendor/laravel/framework/src/Illuminate/Routing/Router.php(784): Illuminate\\Routing\\Router->runRouteWithinStack()
#20 /home/user-1/Desktop/My Buuild /gmoproperties/vendor/laravel/framework/src/Illuminate/Routing/Router.php(748): Illuminate\\Routing\\Router->runRoute()
#21 /home/user-1/Desktop/My Buuild /gmoproperties/vendor/laravel/framework/src/Illuminate/Routing/Router.php(737): Illuminate\\Routing\\Router->dispatchToRoute()
#22 /home/user-1/Desktop/My Buuild /gmoproperties/vendor/laravel/framework/src/Illuminate/Foundation/Http/Kernel.php(200): Illuminate\\Routing\\Router->dispatch()
#23 /home/user-1/Desktop/My Buuild /gmoproperties/vendor/laravel/framework/src/Illuminate/Pipeline/Pipeline.php(144): Illuminate\\Foundation\\Http\\Kernel->Illuminate\\Foundation\\Http\\{closure}()
#24 /home/user-1/Desktop/My Buuild /gmoproperties/vendor/laravel/framework/src/Illuminate/Foundation/Http/Middleware/TransformsRequest.php(21): Illuminate\\Pipeline\\Pipeline->Illuminate\\Pipeline\\{closure}()
#25 /home/user-1/Desktop/My Buuild /gmoproperties/vendor/laravel/framework/src/Illuminate/Foundation/Http/Middleware/ConvertEmptyStringsToNull.php(31): Illuminate\\Foundation\\Http\\Middleware\\TransformsRequest->handle()
#26 /home/user-1/Desktop/My Buuild /gmoproperties/vendor/laravel/framework/src/Illuminate/Pipeline/Pipeline.php(183): Illuminate\\Foundation\\Http\\Middleware\\ConvertEmptyStringsToNull->handle()
#27 /home/user-1/Desktop/My Buuild /gmoproperties/vendor/laravel/framework/src/Illuminate/Foundation/Http/Middleware/TransformsRequest.php(21): Illuminate\\Pipeline\\Pipeline->Illuminate\\Pipeline\\{closure}()
#28 /home/user-1/Desktop/My Buuild /gmoproperties/vendor/laravel/framework/src/Illuminate/Foundation/Http/Middleware/TrimStrings.php(40): Illuminate\\Foundation\\Http\\Middleware\\TransformsRequest->handle()
#29 /home/user-1/Desktop/My Buuild /gmoproperties/vendor/laravel/framework/src/Illuminate/Pipeline/Pipeline.php(183): Illuminate\\Foundation\\Http\\Middleware\\TrimStrings->handle()
#30 /home/user-1/Desktop/My Buuild /gmoproperties/vendor/laravel/framework/src/Illuminate/Foundation/Http/Middleware/ValidatePostSize.php(27): Illuminate\\Pipeline\\Pipeline->Illuminate\\Pipeline\\{closure}()
#31 /home/user-1/Desktop/My Buuild /gmoproperties/vendor/laravel/framework/src/Illuminate/Pipeline/Pipeline.php(183): Illuminate\\Foundation\\Http\\Middleware\\ValidatePostSize->handle()
#32 /home/user-1/Desktop/My Buuild /gmoproperties/vendor/laravel/framework/src/Illuminate/Foundation/Http/Middleware/PreventRequestsDuringMaintenance.php(99): Illuminate\\Pipeline\\Pipeline->Illuminate\\Pipeline\\{closure}()
#33 /home/user-1/Desktop/My Buuild /gmoproperties/vendor/laravel/framework/src/Illuminate/Pipeline/Pipeline.php(183): Illuminate\\Foundation\\Http\\Middleware\\PreventRequestsDuringMaintenance->handle()
#34 /home/user-1/Desktop/My Buuild /gmoproperties/vendor/laravel/framework/src/Illuminate/Http/Middleware/HandleCors.php(49): Illuminate\\Pipeline\\Pipeline->Illuminate\\Pipeline\\{closure}()
#35 /home/user-1/Desktop/My Buuild /gmoproperties/vendor/laravel/framework/src/Illuminate/Pipeline/Pipeline.php(183): Illuminate\\Http\\Middleware\\HandleCors->handle()
#36 /home/user-1/Desktop/My Buuild /gmoproperties/vendor/laravel/framework/src/Illuminate/Http/Middleware/TrustProxies.php(39): Illuminate\\Pipeline\\Pipeline->Illuminate\\Pipeline\\{closure}()
#37 /home/user-1/Desktop/My Buuild /gmoproperties/vendor/laravel/framework/src/Illuminate/Pipeline/Pipeline.php(183): Illuminate\\Http\\Middleware\\TrustProxies->handle()
#38 /home/user-1/Desktop/My Buuild /gmoproperties/vendor/laravel/framework/src/Illuminate/Pipeline/Pipeline.php(119): Illuminate\\Pipeline\\Pipeline->Illuminate\\Pipeline\\{closure}()
#39 /home/user-1/Desktop/My Buuild /gmoproperties/vendor/laravel/framework/src/Illuminate/Foundation/Http/Kernel.php(175): Illuminate\\Pipeline\\Pipeline->then()
#40 /home/user-1/Desktop/My Buuild /gmoproperties/vendor/laravel/framework/src/Illuminate/Foundation/Http/Kernel.php(144): Illuminate\\Foundation\\Http\\Kernel->sendRequestThroughRouter()
#41 /home/user-1/Desktop/My Buuild /gmoproperties/public/index.php(48): Illuminate\\Foundation\\Http\\Kernel->handle()
#42 /home/user-1/Desktop/My Buuild /gmoproperties/vendor/laravel/framework/src/Illuminate/Foundation/resources/server.php(16): require_once('...')
#43 {main}
"} 
[2026-02-26 08:58:37] local.ERROR: Auth guard [] is not defined. {"exception":"[object] (InvalidArgumentException(code: 0): Auth guard [] is not defined. at /home/user-1/Desktop/My Buuild /gmoproperties/vendor/laravel/framework/src/Illuminate/Auth/AuthManager.php:86)
[stacktrace]
#0 /home/user-1/Desktop/My Buuild /gmoproperties/vendor/laravel/framework/src/Illuminate/Auth/AuthManager.php(70): Illuminate\\Auth\\AuthManager->resolve()
#1 /home/user-1/Desktop/My Buuild /gmoproperties/vendor/laravel/framework/src/Illuminate/Support/Facades/Facade.php(355): Illuminate\\Auth\\AuthManager->guard()
#2 /home/user-1/Desktop/My Buuild /gmoproperties/app/Http/Middleware/RedirectIfAuthenticated.php(23): Illuminate\\Support\\Facades\\Facade::__callStatic()
#3 /home/user-1/Desktop/My Buuild /gmoproperties/vendor/laravel/framework/src/Illuminate/Pipeline/Pipeline.php(183): App\\Http\\Middleware\\RedirectIfAuthenticated->handle()
#4 /home/user-1/Desktop/My Buuild /gmoproperties/vendor/laravel/framework/src/Illuminate/Routing/Middleware/SubstituteBindings.php(50): Illuminate\\Pipeline\\Pipeline->Illuminate\\Pipeline\\{closure}()
#5 /home/user-1/Desktop/My Buuild /gmoproperties/vendor/laravel/framework/src/Illuminate/Pipeline/Pipeline.php(183): Illuminate\\Routing\\Middleware\\SubstituteBindings->handle()
#6 /home/user-1/Desktop/My Buuild /gmoproperties/vendor/laravel/framework/src/Illuminate/Foundation/Http/Middleware/VerifyCsrfToken.php(78): Illuminate\\Pipeline\\Pipeline->Illuminate\\Pipeline\\{closure}()
#7 /home/user-1/Desktop/My Buuild /gmoproperties/vendor/laravel/framework/src/Illuminate/Pipeline/Pipeline.php(183): Illuminate\\Foundation\\Http\\Middleware\\VerifyCsrfToken->handle()
#8 /home/user-1/Desktop/My Buuild /gmoproperties/vendor/laravel/framework/src/Illuminate/View/Middleware/ShareErrorsFromSession.php(49): Illuminate\\Pipeline\\Pipeline->Illuminate\\Pipeline\\{closure}()
#9 /home/user-1/Desktop/My Buuild /gmoproperties/vendor/laravel/framework/src/Illuminate/Pipeline/Pipeline.php(183): Illuminate\\View\\Middleware\\ShareErrorsFromSession->handle()
#10 /home/user-1/Desktop/My Buuild /gmoproperties/vendor/laravel/framework/src/Illuminate/Session/Middleware/StartSession.php(121): Illuminate\\Pipeline\\Pipeline->Illuminate\\Pipeline\\{closure}()
#11 /home/user-1/Desktop/My Buuild /gmoproperties/vendor/laravel/framework/src/Illuminate/Session/Middleware/StartSession.php(64): Illuminate\\Session\\Middleware\\StartSession->handleStatefulRequest()
#12 /home/user-1/Desktop/My Buuild /gmoproperties/vendor/laravel/framework/src/Illuminate/Pipeline/Pipeline.php(183): Illuminate\\Session\\Middleware\\StartSession->handle()
#13 /home/user-1/Desktop/My Buuild /gmoproperties/vendor/laravel/framework/src/Illuminate/Cookie/Middleware/AddQueuedCookiesToResponse.php(37): Illuminate\\Pipeline\\Pipeline->Illuminate\\Pipeline\\{closure}()
#14 /home/user-1/Desktop/My Buuild /gmoproperties/vendor/laravel/framework/src/Illuminate/Pipeline/Pipeline.php(183): Illuminate\\Cookie\\Middleware\\AddQueuedCookiesToResponse->handle()
#15 /home/user-1/Desktop/My Buuild /gmoproperties/vendor/laravel/framework/src/Illuminate/Cookie/Middleware/EncryptCookies.php(67): Illuminate\\Pipeline\\Pipeline->Illuminate\\Pipeline\\{closure}()
#16 /home/user-1/Desktop/My Buuild /gmoproperties/vendor/laravel/framework/src/Illuminate/Pipeline/Pipeline.php(183): Illuminate\\Cookie\\Middleware\\EncryptCookies->handle()
#17 /home/user-1/Desktop/My Buuild /gmoproperties/vendor/laravel/framework/src/Illuminate/Pipeline/Pipeline.php(119): Illuminate\\Pipeline\\Pipeline->Illuminate\\Pipeline\\{closure}()
#18 /home/user-1/Desktop/My Buuild /gmoproperties/vendor/laravel/framework/src/Illuminate/Routing/Router.php(807): Illuminate\\Pipeline\\Pipeline->then()
#19 /home/user-1/Desktop/My Buuild /gmoproperties/vendor/laravel/framework/src/Illuminate/Routing/Router.php(784): Illuminate\\Routing\\Router->runRouteWithinStack()
#20 /home/user-1/Desktop/My Buuild /gmoproperties/vendor/laravel/framework/src/Illuminate/Routing/Router.php(748): Illuminate\\Routing\\Router->runRoute()
#21 /home/user-1/Desktop/My Buuild /gmoproperties/vendor/laravel/framework/src/Illuminate/Routing/Router.php(737): Illuminate\\Routing\\Router->dispatchToRoute()
#22 /home/user-1/Desktop/My Buuild /gmoproperties/vendor/laravel/framework/src/Illuminate/Foundation/Http/Kernel.php(200): Illuminate\\Routing\\Router->dispatch()
#23 /home/user-1/Desktop/My Buuild /gmoproperties/vendor/laravel/framework/src/Illuminate/Pipeline/Pipeline.php(144): Illuminate\\Foundation\\Http\\Kernel->Illuminate\\Foundation\\Http\\{closure}()
#24 /home/user-1/Desktop/My Buuild /gmoproperties/vendor/laravel/framework/src/Illuminate/Foundation/Http/Middleware/TransformsRequest.php(21): Illuminate\\Pipeline\\Pipeline->Illuminate\\Pipeline\\{closure}()
#25 /home/user-1/Desktop/My Buuild /gmoproperties/vendor/laravel/framework/src/Illuminate/Foundation/Http/Middleware/ConvertEmptyStringsToNull.php(31): Illuminate\\Foundation\\Http\\Middleware\\TransformsRequest->handle()
#26 /home/user-1/Desktop/My Buuild /gmoproperties/vendor/laravel/framework/src/Illuminate/Pipeline/Pipeline.php(183): Illuminate\\Foundation\\Http\\Middleware\\ConvertEmptyStringsToNull->handle()
#27 /home/user-1/Desktop/My Buuild /gmoproperties/vendor/laravel/framework/src/Illuminate/Foundation/Http/Middleware/TransformsRequest.php(21): Illuminate\\Pipeline\\Pipeline->Illuminate\\Pipeline\\{closure}()
#28 /home/user-1/Desktop/My Buuild /gmoproperties/vendor/laravel/framework/src/Illuminate/Foundation/Http/Middleware/TrimStrings.php(40): Illuminate\\Foundation\\Http\\Middleware\\TransformsRequest->handle()
#29 /home/user-1/Desktop/My Buuild /gmoproperties/vendor/laravel/framework/src/Illuminate/Pipeline/Pipeline.php(183): Illuminate\\Foundation\\Http\\Middleware\\TrimStrings->handle()
#30 /home/user-1/Desktop/My Buuild /gmoproperties/vendor/laravel/framework/src/Illuminate/Foundation/Http/Middleware/ValidatePostSize.php(27): Illuminate\\Pipeline\\Pipeline->Illuminate\\Pipeline\\{closure}()
#31 /home/user-1/Desktop/My Buuild /gmoproperties/vendor/laravel/framework/src/Illuminate/Pipeline/Pipeline.php(183): Illuminate\\Foundation\\Http\\Middleware\\ValidatePostSize->handle()
#32 /home/user-1/Desktop/My Buuild /gmoproperties/vendor/laravel/framework/src/Illuminate/Foundation/Http/Middleware/PreventRequestsDuringMaintenance.php(99): Illuminate\\Pipeline\\Pipeline->Illuminate\\Pipeline\\{closure}()
#33 /home/user-1/Desktop/My Buuild /gmoproperties/vendor/laravel/framework/src/Illuminate/Pipeline/Pipeline.php(183): Illuminate\\Foundation\\Http\\Middleware\\PreventRequestsDuringMaintenance->handle()
#34 /home/user-1/Desktop/My Buuild /gmoproperties/vendor/laravel/framework/src/Illuminate/Http/Middleware/HandleCors.php(49): Illuminate\\Pipeline\\Pipeline->Illuminate\\Pipeline\\{closure}()
#35 /home/user-1/Desktop/My Buuild /gmoproperties/vendor/laravel/framework/src/Illuminate/Pipeline/Pipeline.php(183): Illuminate\\Http\\Middleware\\HandleCors->handle()
#36 /home/user-1/Desktop/My Buuild /gmoproperties/vendor/laravel/framework/src/Illuminate/Http/Middleware/TrustProxies.php(39): Illuminate\\Pipeline\\Pipeline->Illuminate\\Pipeline\\{closure}()
#37 /home/user-1/Desktop/My Buuild /gmoproperties/vendor/laravel/framework/src/Illuminate/Pipeline/Pipeline.php(183): Illuminate\\Http\\Middleware\\TrustProxies->handle()
#38 /home/user-1/Desktop/My Buuild /gmoproperties/vendor/laravel/framework/src/Illuminate/Pipeline/Pipeline.php(119): Illuminate\\Pipeline\\Pipeline->Illuminate\\Pipeline\\{closure}()
#39 /home/user-1/Desktop/My Buuild /gmoproperties/vendor/laravel/framework/src/Illuminate/Foundation/Http/Kernel.php(175): Illuminate\\Pipeline\\Pipeline->then()
#40 /home/user-1/Desktop/My Buuild /gmoproperties/vendor/laravel/framework/src/Illuminate/Foundation/Http/Kernel.php(144): Illuminate\\Foundation\\Http\\Kernel->sendRequestThroughRouter()
#41 /home/user-1/Desktop/My Buuild /gmoproperties/public/index.php(48): Illuminate\\Foundation\\Http\\Kernel->handle()
#42 /home/user-1/Desktop/My Buuild /gmoproperties/vendor/laravel/framework/src/Illuminate/Foundation/resources/server.php(16): require_once('...')
#43 {main}
"} 
[2026-02-26 09:00:22] local.ERROR: Auth guard [web] is not defined. {"exception":"[object] (InvalidArgumentException(code: 0): Auth guard [web] is not defined. at /home/user-1/Desktop/My Buuild /gmoproperties/vendor/laravel/framework/src/Illuminate/Auth/AuthManager.php:86)
[stacktrace]
#0 /home/user-1/Desktop/My Buuild /gmoproperties/vendor/laravel/framework/src/Illuminate/Auth/AuthManager.php(70): Illuminate\\Auth\\AuthManager->resolve()
#1 /home/user-1/Desktop/My Buuild /gmoproperties/vendor/laravel/framework/src/Illuminate/Support/Facades/Facade.php(355): Illuminate\\Auth\\AuthManager->guard()
#2 /home/user-1/Desktop/My Buuild /gmoproperties/app/Http/Middleware/RedirectIfAuthenticated.php(25): Illuminate\\Support\\Facades\\Facade::__callStatic()
#3 /home/user-1/Desktop/My Buuild /gmoproperties/vendor/laravel/framework/src/Illuminate/Pipeline/Pipeline.php(183): App\\Http\\Middleware\\RedirectIfAuthenticated->handle()
#4 /home/user-1/Desktop/My Buuild /gmoproperties/vendor/laravel/framework/src/Illuminate/Routing/Middleware/SubstituteBindings.php(50): Illuminate\\Pipeline\\Pipeline->Illuminate\\Pipeline\\{closure}()
#5 /home/user-1/Desktop/My Buuild /gmoproperties/vendor/laravel/framework/src/Illuminate/Pipeline/Pipeline.php(183): Illuminate\\Routing\\Middleware\\SubstituteBindings->handle()
#6 /home/user-1/Desktop/My Buuild /gmoproperties/vendor/laravel/framework/src/Illuminate/Foundation/Http/Middleware/VerifyCsrfToken.php(78): Illuminate\\Pipeline\\Pipeline->Illuminate\\Pipeline\\{closure}()
#7 /home/user-1/Desktop/My Buuild /gmoproperties/vendor/laravel/framework/src/Illuminate/Pipeline/Pipeline.php(183): Illuminate\\Foundation\\Http\\Middleware\\VerifyCsrfToken->handle()
#8 /home/user-1/Desktop/My Buuild /gmoproperties/vendor/laravel/framework/src/Illuminate/View/Middleware/ShareErrorsFromSession.php(49): Illuminate\\Pipeline\\Pipeline->Illuminate\\Pipeline\\{closure}()
#9 /home/user-1/Desktop/My Buuild /gmoproperties/vendor/laravel/framework/src/Illuminate/Pipeline/Pipeline.php(183): Illuminate\\View\\Middleware\\ShareErrorsFromSession->handle()
#10 /home/user-1/Desktop/My Buuild /gmoproperties/vendor/laravel/framework/src/Illuminate/Session/Middleware/StartSession.php(121): Illuminate\\Pipeline\\Pipeline->Illuminate\\Pipeline\\{closure}()
#11 /home/user-1/Desktop/My Buuild /gmoproperties/vendor/laravel/framework/src/Illuminate/Session/Middleware/StartSession.php(64): Illuminate\\Session\\Middleware\\StartSession->handleStatefulRequest()
#12 /home/user-1/Desktop/My Buuild /gmoproperties/vendor/laravel/framework/src/Illuminate/Pipeline/Pipeline.php(183): Illuminate\\Session\\Middleware\\StartSession->handle()
#13 /home/user-1/Desktop/My Buuild /gmoproperties/vendor/laravel/framework/src/Illuminate/Cookie/Middleware/AddQueuedCookiesToResponse.php(37): Illuminate\\Pipeline\\Pipeline->Illuminate\\Pipeline\\{closure}()
#14 /home/user-1/Desktop/My Buuild /gmoproperties/vendor/laravel/framework/src/Illuminate/Pipeline/Pipeline.php(183): Illuminate\\Cookie\\Middleware\\AddQueuedCookiesToResponse->handle()
#15 /home/user-1/Desktop/My Buuild /gmoproperties/vendor/laravel/framework/src/Illuminate/Cookie/Middleware/EncryptCookies.php(67): Illuminate\\Pipeline\\Pipeline->Illuminate\\Pipeline\\{closure}()
#16 /home/user-1/Desktop/My Buuild /gmoproperties/vendor/laravel/framework/src/Illuminate/Pipeline/Pipeline.php(183): Illuminate\\Cookie\\Middleware\\EncryptCookies->handle()
#17 /home/user-1/Desktop/My Buuild /gmoproperties/vendor/laravel/framework/src/Illuminate/Pipeline/Pipeline.php(119): Illuminate\\Pipeline\\Pipeline->Illuminate\\Pipeline\\{closure}()
#18 /home/user-1/Desktop/My Buuild /gmoproperties/vendor/laravel/framework/src/Illuminate/Routing/Router.php(807): Illuminate\\Pipeline\\Pipeline->then()
#19 /home/user-1/Desktop/My Buuild /gmoproperties/vendor/laravel/framework/src/Illuminate/Routing/Router.php(784): Illuminate\\Routing\\Router->runRouteWithinStack()
#20 /home/user-1/Desktop/My Buuild /gmoproperties/vendor/laravel/framework/src/Illuminate/Routing/Router.php(748): Illuminate\\Routing\\Router->runRoute()
#21 /home/user-1/Desktop/My Buuild /gmoproperties/vendor/laravel/framework/src/Illuminate/Routing/Router.php(737): Illuminate\\Routing\\Router->dispatchToRoute()
#22 /home/user-1/Desktop/My Buuild /gmoproperties/vendor/laravel/framework/src/Illuminate/Foundation/Http/Kernel.php(200): Illuminate\\Routing\\Router->dispatch()
#23 /home/user-1/Desktop/My Buuild /gmoproperties/vendor/laravel/framework/src/Illuminate/Pipeline/Pipeline.php(144): Illuminate\\Foundation\\Http\\Kernel->Illuminate\\Foundation\\Http\\{closure}()
#24 /home/user-1/Desktop/My Buuild /gmoproperties/vendor/laravel/framework/src/Illuminate/Foundation/Http/Middleware/TransformsRequest.php(21): Illuminate\\Pipeline\\Pipeline->Illuminate\\Pipeline\\{closure}()
#25 /home/user-1/Desktop/My Buuild /gmoproperties/vendor/laravel/framework/src/Illuminate/Foundation/Http/Middleware/ConvertEmptyStringsToNull.php(31): Illuminate\\Foundation\\Http\\Middleware\\TransformsRequest->handle()
#26 /home/user-1/Desktop/My Buuild /gmoproperties/vendor/laravel/framework/src/Illuminate/Pipeline/Pipeline.php(183): Illuminate\\Foundation\\Http\\Middleware\\ConvertEmptyStringsToNull->handle()
#27 /home/user-1/Desktop/My Buuild /gmoproperties/vendor/laravel/framework/src/Illuminate/Foundation/Http/Middleware/TransformsRequest.php(21): Illuminate\\Pipeline\\Pipeline->Illuminate\\Pipeline\\{closure}()
#28 /home/user-1/Desktop/My Buuild /gmoproperties/vendor/laravel/framework/src/Illuminate/Foundation/Http/Middleware/TrimStrings.php(40): Illuminate\\Foundation\\Http\\Middleware\\TransformsRequest->handle()
#29 /home/user-1/Desktop/My Buuild /gmoproperties/vendor/laravel/framework/src/Illuminate/Pipeline/Pipeline.php(183): Illuminate\\Foundation\\Http\\Middleware\\TrimStrings->handle()
#30 /home/user-1/Desktop/My Buuild /gmoproperties/vendor/laravel/framework/src/Illuminate/Foundation/Http/Middleware/ValidatePostSize.php(27): Illuminate\\Pipeline\\Pipeline->Illuminate\\Pipeline\\{closure}()
#31 /home/user-1/Desktop/My Buuild /gmoproperties/vendor/laravel/framework/src/Illuminate/Pipeline/Pipeline.php(183): Illuminate\\Foundation\\Http\\Middleware\\ValidatePostSize->handle()
#32 /home/user-1/Desktop/My Buuild /gmoproperties/vendor/laravel/framework/src/Illuminate/Foundation/Http/Middleware/PreventRequestsDuringMaintenance.php(99): Illuminate\\Pipeline\\Pipeline->Illuminate\\Pipeline\\{closure}()
#33 /home/user-1/Desktop/My Buuild /gmoproperties/vendor/laravel/framework/src/Illuminate/Pipeline/Pipeline.php(183): Illuminate\\Foundation\\Http\\Middleware\\PreventRequestsDuringMaintenance->handle()
#34 /home/user-1/Desktop/My Buuild /gmoproperties/vendor/laravel/framework/src/Illuminate/Http/Middleware/HandleCors.php(49): Illuminate\\Pipeline\\Pipeline->Illuminate\\Pipeline\\{closure}()
#35 /home/user-1/Desktop/My Buuild /gmoproperties/vendor/laravel/framework/src/Illuminate/Pipeline/Pipeline.php(183): Illuminate\\Http\\Middleware\\HandleCors->handle()
#36 /home/user-1/Desktop/My Buuild /gmoproperties/vendor/laravel/framework/src/Illuminate/Http/Middleware/TrustProxies.php(39): Illuminate\\Pipeline\\Pipeline->Illuminate\\Pipeline\\{closure}()
#37 /home/user-1/Desktop/My Buuild /gmoproperties/vendor/laravel/framework/src/Illuminate/Pipeline/Pipeline.php(183): Illuminate\\Http\\Middleware\\TrustProxies->handle()
#38 /home/user-1/Desktop/My Buuild /gmoproperties/vendor/laravel/framework/src/Illuminate/Pipeline/Pipeline.php(119): Illuminate\\Pipeline\\Pipeline->Illuminate\\Pipeline\\{closure}()
#39 /home/user-1/Desktop/My Buuild /gmoproperties/vendor/laravel/framework/src/Illuminate/Foundation/Http/Kernel.php(175): Illuminate\\Pipeline\\Pipeline->then()
#40 /home/user-1/Desktop/My Buuild /gmoproperties/vendor/laravel/framework/src/Illuminate/Foundation/Http/Kernel.php(144): Illuminate\\Foundation\\Http\\Kernel->sendRequestThroughRouter()
#41 /home/user-1/Desktop/My Buuild /gmoproperties/public/index.php(48): Illuminate\\Foundation\\Http\\Kernel->handle()
#42 /home/user-1/Desktop/My Buuild /gmoproperties/vendor/laravel/framework/src/Illuminate/Foundation/resources/server.php(16): require_once('...')
#43 {main}
"} 
[2026-02-26 09:01:53] local.ERROR: Command "config:publish" is not defined.

Did you mean one of these?
    config:cache
    config:clear
    config:show
    lang:publish
    sail:publish
    stub:publish
    vendor:publish {"exception":"[object] (Symfony\\Component\\Console\\Exception\\CommandNotFoundException(code: 0): Command \"config:publish\" is not defined.

Did you mean one of these?
    config:cache
    config:clear
    config:show
    lang:publish
    sail:publish
    stub:publish
    vendor:publish at /home/user-1/Desktop/My Buuild /gmoproperties/vendor/symfony/console/Application.php:745)
[stacktrace]
#0 /home/user-1/Desktop/My Buuild /gmoproperties/vendor/symfony/console/Application.php(266): Symfony\\Component\\Console\\Application->find()
#1 /home/user-1/Desktop/My Buuild /gmoproperties/vendor/symfony/console/Application.php(175): Symfony\\Component\\Console\\Application->doRun()
#2 /home/user-1/Desktop/My Buuild /gmoproperties/vendor/laravel/framework/src/Illuminate/Foundation/Console/Kernel.php(201): Symfony\\Component\\Console\\Application->run()
#3 /home/user-1/Desktop/My Buuild /gmoproperties/artisan(26): Illuminate\\Foundation\\Console\\Kernel->handle()
#4 {main}
"} 
[2026-02-26 09:04:36] local.ERROR: SQLSTATE[HY000] [2002] Connection refused (Connection: mysql, SQL: select * from `users` where `email` = admin@example.com limit 1) {"exception":"[object] (Illuminate\\Database\\QueryException(code: 2002): SQLSTATE[HY000] [2002] Connection refused (Connection: mysql, SQL: select * from `users` where `email` = admin@example.com limit 1) at /home/user-1/Desktop/My Buuild /gmoproperties/vendor/laravel/framework/src/Illuminate/Database/Connection.php:829)
[stacktrace]
#0 /home/user-1/Desktop/My Buuild /gmoproperties/vendor/laravel/framework/src/Illuminate/Database/Connection.php(983): Illuminate\\Database\\Connection->runQueryCallback()
#1 /home/user-1/Desktop/My Buuild /gmoproperties/vendor/laravel/framework/src/Illuminate/Database/Connection.php(963): Illuminate\\Database\\Connection->tryAgainIfCausedByLostConnection()
#2 /home/user-1/Desktop/My Buuild /gmoproperties/vendor/laravel/framework/src/Illuminate/Database/Connection.php(786): Illuminate\\Database\\Connection->handleQueryException()
#3 /home/user-1/Desktop/My Buuild /gmoproperties/vendor/laravel/framework/src/Illuminate/Database/Connection.php(431): Illuminate\\Database\\Connection->run()
#4 /home/user-1/Desktop/My Buuild /gmoproperties/vendor/laravel/framework/src/Illuminate/Database/Query/Builder.php(2914): Illuminate\\Database\\Connection->select()
#5 /home/user-1/Desktop/My Buuild /gmoproperties/vendor/laravel/framework/src/Illuminate/Database/Query/Builder.php(2902): Illuminate\\Database\\Query\\Builder->runSelect()
#6 /home/user-1/Desktop/My Buuild /gmoproperties/vendor/laravel/framework/src/Illuminate/Database/Query/Builder.php(3456): Illuminate\\Database\\Query\\Builder->Illuminate\\Database\\Query\\{closure}()
#7 /home/user-1/Desktop/My Buuild /gmoproperties/vendor/laravel/framework/src/Illuminate/Database/Query/Builder.php(2903): Illuminate\\Database\\Query\\Builder->onceWithColumns()
#8 /home/user-1/Desktop/My Buuild /gmoproperties/vendor/laravel/framework/src/Illuminate/Database/Eloquent/Builder.php(739): Illuminate\\Database\\Query\\Builder->get()
#9 /home/user-1/Desktop/My Buuild /gmoproperties/vendor/laravel/framework/src/Illuminate/Database/Eloquent/Builder.php(723): Illuminate\\Database\\Eloquent\\Builder->getModels()
#10 /home/user-1/Desktop/My Buuild /gmoproperties/vendor/laravel/framework/src/Illuminate/Database/Concerns/BuildsQueries.php(333): Illuminate\\Database\\Eloquent\\Builder->get()
#11 /home/user-1/Desktop/My Buuild /gmoproperties/vendor/laravel/framework/src/Illuminate/Auth/EloquentUserProvider.php(139): Illuminate\\Database\\Eloquent\\Builder->first()
#12 /home/user-1/Desktop/My Buuild /gmoproperties/vendor/laravel/framework/src/Illuminate/Auth/SessionGuard.php(381): Illuminate\\Auth\\EloquentUserProvider->retrieveByCredentials()
#13 /home/user-1/Desktop/My Buuild /gmoproperties/vendor/laravel/framework/src/Illuminate/Auth/AuthManager.php(340): Illuminate\\Auth\\SessionGuard->attempt()
#14 /home/user-1/Desktop/My Buuild /gmoproperties/vendor/laravel/framework/src/Illuminate/Support/Facades/Facade.php(355): Illuminate\\Auth\\AuthManager->__call()
#15 /home/user-1/Desktop/My Buuild /gmoproperties/app/Http/Controllers/Auth/LoginController.php(39): Illuminate\\Support\\Facades\\Facade::__callStatic()
#16 /home/user-1/Desktop/My Buuild /gmoproperties/vendor/laravel/framework/src/Illuminate/Routing/ControllerDispatcher.php(46): App\\Http\\Controllers\\Auth\\LoginController->login()
#17 /home/user-1/Desktop/My Buuild /gmoproperties/vendor/laravel/framework/src/Illuminate/Routing/Route.php(260): Illuminate\\Routing\\ControllerDispatcher->dispatch()
#18 /home/user-1/Desktop/My Buuild /gmoproperties/vendor/laravel/framework/src/Illuminate/Routing/Route.php(205): Illuminate\\Routing\\Route->runController()
#19 /home/user-1/Desktop/My Buuild /gmoproperties/vendor/laravel/framework/src/Illuminate/Routing/Router.php(806): Illuminate\\Routing\\Route->run()
#20 /home/user-1/Desktop/My Buuild /gmoproperties/vendor/laravel/framework/src/Illuminate/Pipeline/Pipeline.php(144): Illuminate\\Routing\\Router->Illuminate\\Routing\\{closure}()
#21 /home/user-1/Desktop/My Buuild /gmoproperties/app/Http/Middleware/RedirectIfAuthenticated.php(46): Illuminate\\Pipeline\\Pipeline->Illuminate\\Pipeline\\{closure}()
#22 /home/user-1/Desktop/My Buuild /gmoproperties/vendor/laravel/framework/src/Illuminate/Pipeline/Pipeline.php(183): App\\Http\\Middleware\\RedirectIfAuthenticated->handle()
#23 /home/user-1/Desktop/My Buuild /gmoproperties/vendor/laravel/framework/src/Illuminate/Routing/Middleware/SubstituteBindings.php(50): Illuminate\\Pipeline\\Pipeline->Illuminate\\Pipeline\\{closure}()
#24 /home/user-1/Desktop/My Buuild /gmoproperties/vendor/laravel/framework/src/Illuminate/Pipeline/Pipeline.php(183): Illuminate\\Routing\\Middleware\\SubstituteBindings->handle()
#25 /home/user-1/Desktop/My Buuild /gmoproperties/vendor/laravel/framework/src/Illuminate/Foundation/Http/Middleware/VerifyCsrfToken.php(78): Illuminate\\Pipeline\\Pipeline->Illuminate\\Pipeline\\{closure}()
#26 /home/user-1/Desktop/My Buuild /gmoproperties/vendor/laravel/framework/src/Illuminate/Pipeline/Pipeline.php(183): Illuminate\\Foundation\\Http\\Middleware\\VerifyCsrfToken->handle()
#27 /home/user-1/Desktop/My Buuild /gmoproperties/vendor/laravel/framework/src/Illuminate/View/Middleware/ShareErrorsFromSession.php(49): Illuminate\\Pipeline\\Pipeline->Illuminate\\Pipeline\\{closure}()
#28 /home/user-1/Desktop/My Buuild /gmoproperties/vendor/laravel/framework/src/Illuminate/Pipeline/Pipeline.php(183): Illuminate\\View\\Middleware\\ShareErrorsFromSession->handle()
#29 /home/user-1/Desktop/My Buuild /gmoproperties/vendor/laravel/framework/src/Illuminate/Session/Middleware/StartSession.php(121): Illuminate\\Pipeline\\Pipeline->Illuminate\\Pipeline\\{closure}()
#30 /home/user-1/Desktop/My Buuild /gmoproperties/vendor/laravel/framework/src/Illuminate/Session/Middleware/StartSession.php(64): Illuminate\\Session\\Middleware\\StartSession->handleStatefulRequest()
#31 /home/user-1/Desktop/My Buuild /gmoproperties/vendor/laravel/framework/src/Illuminate/Pipeline/Pipeline.php(183): Illuminate\\Session\\Middleware\\StartSession->handle()
#32 /home/user-1/Desktop/My Buuild /gmoproperties/vendor/laravel/framework/src/Illuminate/Cookie/Middleware/AddQueuedCookiesToResponse.php(37): Illuminate\\Pipeline\\Pipeline->Illuminate\\Pipeline\\{closure}()
#33 /home/user-1/Desktop/My Buuild /gmoproperties/vendor/laravel/framework/src/Illuminate/Pipeline/Pipeline.php(183): Illuminate\\Cookie\\Middleware\\AddQueuedCookiesToResponse->handle()
#34 /home/user-1/Desktop/My Buuild /gmoproperties/vendor/laravel/framework/src/Illuminate/Cookie/Middleware/EncryptCookies.php(67): Illuminate\\Pipeline\\Pipeline->Illuminate\\Pipeline\\{closure}()
#35 /home/user-1/Desktop/My Buuild /gmoproperties/vendor/laravel/framework/src/Illuminate/Pipeline/Pipeline.php(183): Illuminate\\Cookie\\Middleware\\EncryptCookies->handle()
#36 /home/user-1/Desktop/My Buuild /gmoproperties/vendor/laravel/framework/src/Illuminate/Pipeline/Pipeline.php(119): Illuminate\\Pipeline\\Pipeline->Illuminate\\Pipeline\\{closure}()
#37 /home/user-1/Desktop/My Buuild /gmoproperties/vendor/laravel/framework/src/Illuminate/Routing/Router.php(807): Illuminate\\Pipeline\\Pipeline->then()
#38 /home/user-1/Desktop/My Buuild /gmoproperties/vendor/laravel/framework/src/Illuminate/Routing/Router.php(784): Illuminate\\Routing\\Router->runRouteWithinStack()
#39 /home/user-1/Desktop/My Buuild /gmoproperties/vendor/laravel/framework/src/Illuminate/Routing/Router.php(748): Illuminate\\Routing\\Router->runRoute()
#40 /home/user-1/Desktop/My Buuild /gmoproperties/vendor/laravel/framework/src/Illuminate/Routing/Router.php(737): Illuminate\\Routing\\Router->dispatchToRoute()
#41 /home/user-1/Desktop/My Buuild /gmoproperties/vendor/laravel/framework/src/Illuminate/Foundation/Http/Kernel.php(200): Illuminate\\Routing\\Router->dispatch()
#42 /home/user-1/Desktop/My Buuild /gmoproperties/vendor/laravel/framework/src/Illuminate/Pipeline/Pipeline.php(144): Illuminate\\Foundation\\Http\\Kernel->Illuminate\\Foundation\\Http\\{closure}()
#43 /home/user-1/Desktop/My Buuild /gmoproperties/vendor/laravel/framework/src/Illuminate/Foundation/Http/Middleware/TransformsRequest.php(21): Illuminate\\Pipeline\\Pipeline->Illuminate\\Pipeline\\{closure}()
#44 /home/user-1/Desktop/My Buuild /gmoproperties/vendor/laravel/framework/src/Illuminate/Foundation/Http/Middleware/ConvertEmptyStringsToNull.php(31): Illuminate\\Foundation\\Http\\Middleware\\TransformsRequest->handle()
#45 /home/user-1/Desktop/My Buuild /gmoproperties/vendor/laravel/framework/src/Illuminate/Pipeline/Pipeline.php(183): Illuminate\\Foundation\\Http\\Middleware\\ConvertEmptyStringsToNull->handle()
#46 /home/user-1/Desktop/My Buuild /gmoproperties/vendor/laravel/framework/src/Illuminate/Foundation/Http/Middleware/TransformsRequest.php(21): Illuminate\\Pipeline\\Pipeline->Illuminate\\Pipeline\\{closure}()
#47 /home/user-1/Desktop/My Buuild /gmoproperties/vendor/laravel/framework/src/Illuminate/Foundation/Http/Middleware/TrimStrings.php(40): Illuminate\\Foundation\\Http\\Middleware\\TransformsRequest->handle()
#48 /home/user-1/Desktop/My Buuild /gmoproperties/vendor/laravel/framework/src/Illuminate/Pipeline/Pipeline.php(183): Illuminate\\Foundation\\Http\\Middleware\\TrimStrings->handle()
#49 /home/user-1/Desktop/My Buuild /gmoproperties/vendor/laravel/framework/src/Illuminate/Foundation/Http/Middleware/ValidatePostSize.php(27): Illuminate\\Pipeline\\Pipeline->Illuminate\\Pipeline\\{closure}()
#50 /home/user-1/Desktop/My Buuild /gmoproperties/vendor/laravel/framework/src/Illuminate/Pipeline/Pipeline.php(183): Illuminate\\Foundation\\Http\\Middleware\\ValidatePostSize->handle()
#51 /home/user-1/Desktop/My Buuild /gmoproperties/vendor/laravel/framework/src/Illuminate/Foundation/Http/Middleware/PreventRequestsDuringMaintenance.php(99): Illuminate\\Pipeline\\Pipeline->Illuminate\\Pipeline\\{closure}()
#52 /home/user-1/Desktop/My Buuild /gmoproperties/vendor/laravel/framework/src/Illuminate/Pipeline/Pipeline.php(183): Illuminate\\Foundation\\Http\\Middleware\\PreventRequestsDuringMaintenance->handle()
#53 /home/user-1/Desktop/My Buuild /gmoproperties/vendor/laravel/framework/src/Illuminate/Http/Middleware/HandleCors.php(49): Illuminate\\Pipeline\\Pipeline->Illuminate\\Pipeline\\{closure}()
#54 /home/user-1/Desktop/My Buuild /gmoproperties/vendor/laravel/framework/src/Illuminate/Pipeline/Pipeline.php(183): Illuminate\\Http\\Middleware\\HandleCors->handle()
#55 /home/user-1/Desktop/My Buuild /gmoproperties/vendor/laravel/framework/src/Illuminate/Http/Middleware/TrustProxies.php(39): Illuminate\\Pipeline\\Pipeline->Illuminate\\Pipeline\\{closure}()
#56 /home/user-1/Desktop/My Buuild /gmoproperties/vendor/laravel/framework/src/Illuminate/Pipeline/Pipeline.php(183): Illuminate\\Http\\Middleware\\TrustProxies->handle()
#57 /home/user-1/Desktop/My Buuild /gmoproperties/vendor/laravel/framework/src/Illuminate/Pipeline/Pipeline.php(119): Illuminate\\Pipeline\\Pipeline->Illuminate\\Pipeline\\{closure}()
#58 /home/user-1/Desktop/My Buuild /gmoproperties/vendor/laravel/framework/src/Illuminate/Foundation/Http/Kernel.php(175): Illuminate\\Pipeline\\Pipeline->then()
#59 /home/user-1/Desktop/My Buuild /gmoproperties/vendor/laravel/framework/src/Illuminate/Foundation/Http/Kernel.php(144): Illuminate\\Foundation\\Http\\Kernel->sendRequestThroughRouter()
#60 /home/user-1/Desktop/My Buuild /gmoproperties/public/index.php(48): Illuminate\\Foundation\\Http\\Kernel->handle()
#61 /home/user-1/Desktop/My Buuild /gmoproperties/vendor/laravel/framework/src/Illuminate/Foundation/resources/server.php(16): require_once('...')
#62 {main}

[previous exception] [object] (PDOException(code: 2002): SQLSTATE[HY000] [2002] Connection refused at /home/user-1/Desktop/My Buuild /gmoproperties/vendor/laravel/framework/src/Illuminate/Database/Connectors/Connector.php:65)
[stacktrace]
#0 /home/user-1/Desktop/My Buuild /gmoproperties/vendor/laravel/framework/src/Illuminate/Database/Connectors/Connector.php(65): PDO->__construct()
#1 /home/user-1/Desktop/My Buuild /gmoproperties/vendor/laravel/framework/src/Illuminate/Database/Connectors/Connector.php(83): Illuminate\\Database\\Connectors\\Connector->createPdoConnection()
#2 /home/user-1/Desktop/My Buuild /gmoproperties/vendor/laravel/framework/src/Illuminate/Database/Connectors/Connector.php(49): Illuminate\\Database\\Connectors\\Connector->tryAgainIfCausedByLostConnection()
#3 /home/user-1/Desktop/My Buuild /gmoproperties/vendor/laravel/framework/src/Illuminate/Database/Connectors/MySqlConnector.php(24): Illuminate\\Database\\Connectors\\Connector->createConnection()
#4 /home/user-1/Desktop/My Buuild /gmoproperties/vendor/laravel/framework/src/Illuminate/Database/Connectors/ConnectionFactory.php(184): Illuminate\\Database\\Connectors\\MySqlConnector->connect()
#5 [internal function]: Illuminate\\Database\\Connectors\\ConnectionFactory->Illuminate\\Database\\Connectors\\{closure}()
#6 /home/user-1/Desktop/My Buuild /gmoproperties/vendor/laravel/framework/src/Illuminate/Database/Connection.php(1339): call_user_func()
#7 /home/user-1/Desktop/My Buuild /gmoproperties/vendor/laravel/framework/src/Illuminate/Database/Connection.php(1375): Illuminate\\Database\\Connection->getPdo()
#8 /home/user-1/Desktop/My Buuild /gmoproperties/vendor/laravel/framework/src/Illuminate/Database/Connection.php(528): Illuminate\\Database\\Connection->getReadPdo()
#9 /home/user-1/Desktop/My Buuild /gmoproperties/vendor/laravel/framework/src/Illuminate/Database/Connection.php(423): Illuminate\\Database\\Connection->getPdoForSelect()
#10 /home/user-1/Desktop/My Buuild /gmoproperties/vendor/laravel/framework/src/Illuminate/Database/Connection.php(816): Illuminate\\Database\\Connection->Illuminate\\Database\\{closure}()
#11 /home/user-1/Desktop/My Buuild /gmoproperties/vendor/laravel/framework/src/Illuminate/Database/Connection.php(983): Illuminate\\Database\\Connection->runQueryCallback()
#12 /home/user-1/Desktop/My Buuild /gmoproperties/vendor/laravel/framework/src/Illuminate/Database/Connection.php(963): Illuminate\\Database\\Connection->tryAgainIfCausedByLostConnection()
#13 /home/user-1/Desktop/My Buuild /gmoproperties/vendor/laravel/framework/src/Illuminate/Database/Connection.php(786): Illuminate\\Database\\Connection->handleQueryException()
#14 /home/user-1/Desktop/My Buuild /gmoproperties/vendor/laravel/framework/src/Illuminate/Database/Connection.php(431): Illuminate\\Database\\Connection->run()
#15 /home/user-1/Desktop/My Buuild /gmoproperties/vendor/laravel/framework/src/Illuminate/Database/Query/Builder.php(2914): Illuminate\\Database\\Connection->select()
#16 /home/user-1/Desktop/My Buuild /gmoproperties/vendor/laravel/framework/src/Illuminate/Database/Query/Builder.php(2902): Illuminate\\Database\\Query\\Builder->runSelect()
#17 /home/user-1/Desktop/My Buuild /gmoproperties/vendor/laravel/framework/src/Illuminate/Database/Query/Builder.php(3456): Illuminate\\Database\\Query\\Builder->Illuminate\\Database\\Query\\{closure}()
#18 /home/user-1/Desktop/My Buuild /gmoproperties/vendor/laravel/framework/src/Illuminate/Database/Query/Builder.php(2903): Illuminate\\Database\\Query\\Builder->onceWithColumns()
#19 /home/user-1/Desktop/My Buuild /gmoproperties/vendor/laravel/framework/src/Illuminate/Database/Eloquent/Builder.php(739): Illuminate\\Database\\Query\\Builder->get()
#20 /home/user-1/Desktop/My Buuild /gmoproperties/vendor/laravel/framework/src/Illuminate/Database/Eloquent/Builder.php(723): Illuminate\\Database\\Eloquent\\Builder->getModels()
#21 /home/user-1/Desktop/My Buuild /gmoproperties/vendor/laravel/framework/src/Illuminate/Database/Concerns/BuildsQueries.php(333): Illuminate\\Database\\Eloquent\\Builder->get()
#22 /home/user-1/Desktop/My Buuild /gmoproperties/vendor/laravel/framework/src/Illuminate/Auth/EloquentUserProvider.php(139): Illuminate\\Database\\Eloquent\\Builder->first()
#23 /home/user-1/Desktop/My Buuild /gmoproperties/vendor/laravel/framework/src/Illuminate/Auth/SessionGuard.php(381): Illuminate\\Auth\\EloquentUserProvider->retrieveByCredentials()
#24 /home/user-1/Desktop/My Buuild /gmoproperties/vendor/laravel/framework/src/Illuminate/Auth/AuthManager.php(340): Illuminate\\Auth\\SessionGuard->attempt()
#25 /home/user-1/Desktop/My Buuild /gmoproperties/vendor/laravel/framework/src/Illuminate/Support/Facades/Facade.php(355): Illuminate\\Auth\\AuthManager->__call()
#26 /home/user-1/Desktop/My Buuild /gmoproperties/app/Http/Controllers/Auth/LoginController.php(39): Illuminate\\Support\\Facades\\Facade::__callStatic()
#27 /home/user-1/Desktop/My Buuild /gmoproperties/vendor/laravel/framework/src/Illuminate/Routing/ControllerDispatcher.php(46): App\\Http\\Controllers\\Auth\\LoginController->login()
#28 /home/user-1/Desktop/My Buuild /gmoproperties/vendor/laravel/framework/src/Illuminate/Routing/Route.php(260): Illuminate\\Routing\\ControllerDispatcher->dispatch()
#29 /home/user-1/Desktop/My Buuild /gmoproperties/vendor/laravel/framework/src/Illuminate/Routing/Route.php(205): Illuminate\\Routing\\Route->runController()
#30 /home/user-1/Desktop/My Buuild /gmoproperties/vendor/laravel/framework/src/Illuminate/Routing/Router.php(806): Illuminate\\Routing\\Route->run()
#31 /home/user-1/Desktop/My Buuild /gmoproperties/vendor/laravel/framework/src/Illuminate/Pipeline/Pipeline.php(144): Illuminate\\Routing\\Router->Illuminate\\Routing\\{closure}()
#32 /home/user-1/Desktop/My Buuild /gmoproperties/app/Http/Middleware/RedirectIfAuthenticated.php(46): Illuminate\\Pipeline\\Pipeline->Illuminate\\Pipeline\\{closure}()
#33 /home/user-1/Desktop/My Buuild /gmoproperties/vendor/laravel/framework/src/Illuminate/Pipeline/Pipeline.php(183): App\\Http\\Middleware\\RedirectIfAuthenticated->handle()
#34 /home/user-1/Desktop/My Buuild /gmoproperties/vendor/laravel/framework/src/Illuminate/Routing/Middleware/SubstituteBindings.php(50): Illuminate\\Pipeline\\Pipeline->Illuminate\\Pipeline\\{closure}()
#35 /home/user-1/Desktop/My Buuild /gmoproperties/vendor/laravel/framework/src/Illuminate/Pipeline/Pipeline.php(183): Illuminate\\Routing\\Middleware\\SubstituteBindings->handle()
#36 /home/user-1/Desktop/My Buuild /gmoproperties/vendor/laravel/framework/src/Illuminate/Foundation/Http/Middleware/VerifyCsrfToken.php(78): Illuminate\\Pipeline\\Pipeline->Illuminate\\Pipeline\\{closure}()
#37 /home/user-1/Desktop/My Buuild /gmoproperties/vendor/laravel/framework/src/Illuminate/Pipeline/Pipeline.php(183): Illuminate\\Foundation\\Http\\Middleware\\VerifyCsrfToken->handle()
#38 /home/user-1/Desktop/My Buuild /gmoproperties/vendor/laravel/framework/src/Illuminate/View/Middleware/ShareErrorsFromSession.php(49): Illuminate\\Pipeline\\Pipeline->Illuminate\\Pipeline\\{closure}()
#39 /home/user-1/Desktop/My Buuild /gmoproperties/vendor/laravel/framework/src/Illuminate/Pipeline/Pipeline.php(183): Illuminate\\View\\Middleware\\ShareErrorsFromSession->handle()
#40 /home/user-1/Desktop/My Buuild /gmoproperties/vendor/laravel/framework/src/Illuminate/Session/Middleware/StartSession.php(121): Illuminate\\Pipeline\\Pipeline->Illuminate\\Pipeline\\{closure}()
#41 /home/user-1/Desktop/My Buuild /gmoproperties/vendor/laravel/framework/src/Illuminate/Session/Middleware/StartSession.php(64): Illuminate\\Session\\Middleware\\StartSession->handleStatefulRequest()
#42 /home/user-1/Desktop/My Buuild /gmoproperties/vendor/laravel/framework/src/Illuminate/Pipeline/Pipeline.php(183): Illuminate\\Session\\Middleware\\StartSession->handle()
#43 /home/user-1/Desktop/My Buuild /gmoproperties/vendor/laravel/framework/src/Illuminate/Cookie/Middleware/AddQueuedCookiesToResponse.php(37): Illuminate\\Pipeline\\Pipeline->Illuminate\\Pipeline\\{closure}()
#44 /home/user-1/Desktop/My Buuild /gmoproperties/vendor/laravel/framework/src/Illuminate/Pipeline/Pipeline.php(183): Illuminate\\Cookie\\Middleware\\AddQueuedCookiesToResponse->handle()
#45 /home/user-1/Desktop/My Buuild /gmoproperties/vendor/laravel/framework/src/Illuminate/Cookie/Middleware/EncryptCookies.php(67): Illuminate\\Pipeline\\Pipeline->Illuminate\\Pipeline\\{closure}()
#46 /home/user-1/Desktop/My Buuild /gmoproperties/vendor/laravel/framework/src/Illuminate/Pipeline/Pipeline.php(183): Illuminate\\Cookie\\Middleware\\EncryptCookies->handle()
#47 /home/user-1/Desktop/My Buuild /gmoproperties/vendor/laravel/framework/src/Illuminate/Pipeline/Pipeline.php(119): Illuminate\\Pipeline\\Pipeline->Illuminate\\Pipeline\\{closure}()
#48 /home/user-1/Desktop/My Buuild /gmoproperties/vendor/laravel/framework/src/Illuminate/Routing/Router.php(807): Illuminate\\Pipeline\\Pipeline->then()
#49 /home/user-1/Desktop/My Buuild /gmoproperties/vendor/laravel/framework/src/Illuminate/Routing/Router.php(784): Illuminate\\Routing\\Router->runRouteWithinStack()
#50 /home/user-1/Desktop/My Buuild /gmoproperties/vendor/laravel/framework/src/Illuminate/Routing/Router.php(748): Illuminate\\Routing\\Router->runRoute()
#51 /home/user-1/Desktop/My Buuild /gmoproperties/vendor/laravel/framework/src/Illuminate/Routing/Router.php(737): Illuminate\\Routing\\Router->dispatchToRoute()
#52 /home/user-1/Desktop/My Buuild /gmoproperties/vendor/laravel/framework/src/Illuminate/Foundation/Http/Kernel.php(200): Illuminate\\Routing\\Router->dispatch()
#53 /home/user-1/Desktop/My Buuild /gmoproperties/vendor/laravel/framework/src/Illuminate/Pipeline/Pipeline.php(144): Illuminate\\Foundation\\Http\\Kernel->Illuminate\\Foundation\\Http\\{closure}()
#54 /home/user-1/Desktop/My Buuild /gmoproperties/vendor/laravel/framework/src/Illuminate/Foundation/Http/Middleware/TransformsRequest.php(21): Illuminate\\Pipeline\\Pipeline->Illuminate\\Pipeline\\{closure}()
#55 /home/user-1/Desktop/My Buuild /gmoproperties/vendor/laravel/framework/src/Illuminate/Foundation/Http/Middleware/ConvertEmptyStringsToNull.php(31): Illuminate\\Foundation\\Http\\Middleware\\TransformsRequest->handle()
#56 /home/user-1/Desktop/My Buuild /gmoproperties/vendor/laravel/framework/src/Illuminate/Pipeline/Pipeline.php(183): Illuminate\\Foundation\\Http\\Middleware\\ConvertEmptyStringsToNull->handle()
#57 /home/user-1/Desktop/My Buuild /gmoproperties/vendor/laravel/framework/src/Illuminate/Foundation/Http/Middleware/TransformsRequest.php(21): Illuminate\\Pipeline\\Pipeline->Illuminate\\Pipeline\\{closure}()
#58 /home/user-1/Desktop/My Buuild /gmoproperties/vendor/laravel/framework/src/Illuminate/Foundation/Http/Middleware/TrimStrings.php(40): Illuminate\\Foundation\\Http\\Middleware\\TransformsRequest->handle()
#59 /home/user-1/Desktop/My Buuild /gmoproperties/vendor/laravel/framework/src/Illuminate/Pipeline/Pipeline.php(183): Illuminate\\Foundation\\Http\\Middleware\\TrimStrings->handle()
#60 /home/user-1/Desktop/My Buuild /gmoproperties/vendor/laravel/framework/src/Illuminate/Foundation/Http/Middleware/ValidatePostSize.php(27): Illuminate\\Pipeline\\Pipeline->Illuminate\\Pipeline\\{closure}()
#61 /home/user-1/Desktop/My Buuild /gmoproperties/vendor/laravel/framework/src/Illuminate/Pipeline/Pipeline.php(183): Illuminate\\Foundation\\Http\\Middleware\\ValidatePostSize->handle()
#62 /home/user-1/Desktop/My Buuild /gmoproperties/vendor/laravel/framework/src/Illuminate/Foundation/Http/Middleware/PreventRequestsDuringMaintenance.php(99): Illuminate\\Pipeline\\Pipeline->Illuminate\\Pipeline\\{closure}()
#63 /home/user-1/Desktop/My Buuild /gmoproperties/vendor/laravel/framework/src/Illuminate/Pipeline/Pipeline.php(183): Illuminate\\Foundation\\Http\\Middleware\\PreventRequestsDuringMaintenance->handle()
#64 /home/user-1/Desktop/My Buuild /gmoproperties/vendor/laravel/framework/src/Illuminate/Http/Middleware/HandleCors.php(49): Illuminate\\Pipeline\\Pipeline->Illuminate\\Pipeline\\{closure}()
#65 /home/user-1/Desktop/My Buuild /gmoproperties/vendor/laravel/framework/src/Illuminate/Pipeline/Pipeline.php(183): Illuminate\\Http\\Middleware\\HandleCors->handle()
#66 /home/user-1/Desktop/My Buuild /gmoproperties/vendor/laravel/framework/src/Illuminate/Http/Middleware/TrustProxies.php(39): Illuminate\\Pipeline\\Pipeline->Illuminate\\Pipeline\\{closure}()
#67 /home/user-1/Desktop/My Buuild /gmoproperties/vendor/laravel/framework/src/Illuminate/Pipeline/Pipeline.php(183): Illuminate\\Http\\Middleware\\TrustProxies->handle()
#68 /home/user-1/Desktop/My Buuild /gmoproperties/vendor/laravel/framework/src/Illuminate/Pipeline/Pipeline.php(119): Illuminate\\Pipeline\\Pipeline->Illuminate\\Pipeline\\{closure}()
#69 /home/user-1/Desktop/My Buuild /gmoproperties/vendor/laravel/framework/src/Illuminate/Foundation/Http/Kernel.php(175): Illuminate\\Pipeline\\Pipeline->then()
#70 /home/user-1/Desktop/My Buuild /gmoproperties/vendor/laravel/framework/src/Illuminate/Foundation/Http/Kernel.php(144): Illuminate\\Foundation\\Http\\Kernel->sendRequestThroughRouter()
#71 /home/user-1/Desktop/My Buuild /gmoproperties/public/index.php(48): Illuminate\\Foundation\\Http\\Kernel->handle()
#72 /home/user-1/Desktop/My Buuild /gmoproperties/vendor/laravel/framework/src/Illuminate/Foundation/resources/server.php(16): require_once('...')
#73 {main}
"} 
[2026-02-26 11:03:59] local.ERROR: SQLSTATE[HY000] [2002] Connection refused (Connection: mysql, SQL: select table_name as `name`, (data_length + index_length) as `size`, table_comment as `comment`, engine as `engine`, table_collation as `collation` from information_schema.tables where table_schema = 'gmo_properties' and table_type in ('BASE TABLE', 'SYSTEM VERSIONED') order by table_name) {"exception":"[object] (Illuminate\\Database\\QueryException(code: 2002): SQLSTATE[HY000] [2002] Connection refused (Connection: mysql, SQL: select table_name as `name`, (data_length + index_length) as `size`, table_comment as `comment`, engine as `engine`, table_collation as `collation` from information_schema.tables where table_schema = 'gmo_properties' and table_type in ('BASE TABLE', 'SYSTEM VERSIONED') order by table_name) at /home/user-1/Desktop/My Buuild /gmoproperties/vendor/laravel/framework/src/Illuminate/Database/Connection.php:829)
[stacktrace]
#0 /home/user-1/Desktop/My Buuild /gmoproperties/vendor/laravel/framework/src/Illuminate/Database/Connection.php(983): Illuminate\\Database\\Connection->runQueryCallback()
#1 /home/user-1/Desktop/My Buuild /gmoproperties/vendor/laravel/framework/src/Illuminate/Database/Connection.php(963): Illuminate\\Database\\Connection->tryAgainIfCausedByLostConnection()
#2 /home/user-1/Desktop/My Buuild /gmoproperties/vendor/laravel/framework/src/Illuminate/Database/Connection.php(786): Illuminate\\Database\\Connection->handleQueryException()
#3 /home/user-1/Desktop/My Buuild /gmoproperties/vendor/laravel/framework/src/Illuminate/Database/Connection.php(431): Illuminate\\Database\\Connection->run()
#4 /home/user-1/Desktop/My Buuild /gmoproperties/vendor/laravel/framework/src/Illuminate/Database/Connection.php(401): Illuminate\\Database\\Connection->select()
#5 /home/user-1/Desktop/My Buuild /gmoproperties/vendor/laravel/framework/src/Illuminate/Database/Schema/MySqlBuilder.php(42): Illuminate\\Database\\Connection->selectFromWriteConnection()
#6 /home/user-1/Desktop/My Buuild /gmoproperties/vendor/laravel/framework/src/Illuminate/Database/Schema/Builder.php(165): Illuminate\\Database\\Schema\\MySqlBuilder->getTables()
#7 /home/user-1/Desktop/My Buuild /gmoproperties/vendor/laravel/framework/src/Illuminate/Database/Migrations/DatabaseMigrationRepository.php(184): Illuminate\\Database\\Schema\\Builder->hasTable()
#8 /home/user-1/Desktop/My Buuild /gmoproperties/vendor/laravel/framework/src/Illuminate/Database/Migrations/Migrator.php(727): Illuminate\\Database\\Migrations\\DatabaseMigrationRepository->repositoryExists()
#9 /home/user-1/Desktop/My Buuild /gmoproperties/vendor/laravel/framework/src/Illuminate/Database/Console/Migrations/MigrateCommand.php(140): Illuminate\\Database\\Migrations\\Migrator->repositoryExists()
#10 /home/user-1/Desktop/My Buuild /gmoproperties/vendor/laravel/framework/src/Illuminate/Support/helpers.php(261): Illuminate\\Database\\Console\\Migrations\\MigrateCommand->Illuminate\\Database\\Console\\Migrations\\{closure}()
#11 /home/user-1/Desktop/My Buuild /gmoproperties/vendor/laravel/framework/src/Illuminate/Database/Console/Migrations/MigrateCommand.php(159): retry()
#12 /home/user-1/Desktop/My Buuild /gmoproperties/vendor/laravel/framework/src/Illuminate/Database/Console/Migrations/MigrateCommand.php(116): Illuminate\\Database\\Console\\Migrations\\MigrateCommand->repositoryExists()
#13 /home/user-1/Desktop/My Buuild /gmoproperties/vendor/laravel/framework/src/Illuminate/Database/Console/Migrations/MigrateCommand.php(84): Illuminate\\Database\\Console\\Migrations\\MigrateCommand->prepareDatabase()
#14 /home/user-1/Desktop/My Buuild /gmoproperties/vendor/laravel/framework/src/Illuminate/Database/Migrations/Migrator.php(641): Illuminate\\Database\\Console\\Migrations\\MigrateCommand->Illuminate\\Database\\Console\\Migrations\\{closure}()
#15 /home/user-1/Desktop/My Buuild /gmoproperties/vendor/laravel/framework/src/Illuminate/Database/Console/Migrations/MigrateCommand.php(104): Illuminate\\Database\\Migrations\\Migrator->usingConnection()
#16 /home/user-1/Desktop/My Buuild /gmoproperties/vendor/laravel/framework/src/Illuminate/Container/BoundMethod.php(36): Illuminate\\Database\\Console\\Migrations\\MigrateCommand->handle()
#17 /home/user-1/Desktop/My Buuild /gmoproperties/vendor/laravel/framework/src/Illuminate/Container/Util.php(41): Illuminate\\Container\\BoundMethod::Illuminate\\Container\\{closure}()
#18 /home/user-1/Desktop/My Buuild /gmoproperties/vendor/laravel/framework/src/Illuminate/Container/BoundMethod.php(93): Illuminate\\Container\\Util::unwrapIfClosure()
#19 /home/user-1/Desktop/My Buuild /gmoproperties/vendor/laravel/framework/src/Illuminate/Container/BoundMethod.php(37): Illuminate\\Container\\BoundMethod::callBoundMethod()
#20 /home/user-1/Desktop/My Buuild /gmoproperties/vendor/laravel/framework/src/Illuminate/Container/Container.php(662): Illuminate\\Container\\BoundMethod::call()
#21 /home/user-1/Desktop/My Buuild /gmoproperties/vendor/laravel/framework/src/Illuminate/Console/Command.php(211): Illuminate\\Container\\Container->call()
#22 /home/user-1/Desktop/My Buuild /gmoproperties/vendor/symfony/console/Command/Command.php(326): Illuminate\\Console\\Command->execute()
#23 /home/user-1/Desktop/My Buuild /gmoproperties/vendor/laravel/framework/src/Illuminate/Console/Command.php(181): Symfony\\Component\\Console\\Command\\Command->run()
#24 /home/user-1/Desktop/My Buuild /gmoproperties/vendor/symfony/console/Application.php(1106): Illuminate\\Console\\Command->run()
#25 /home/user-1/Desktop/My Buuild /gmoproperties/vendor/symfony/console/Application.php(324): Symfony\\Component\\Console\\Application->doRunCommand()
#26 /home/user-1/Desktop/My Buuild /gmoproperties/vendor/symfony/console/Application.php(175): Symfony\\Component\\Console\\Application->doRun()
#27 /home/user-1/Desktop/My Buuild /gmoproperties/vendor/laravel/framework/src/Illuminate/Foundation/Console/Kernel.php(201): Symfony\\Component\\Console\\Application->run()
#28 /home/user-1/Desktop/My Buuild /gmoproperties/artisan(26): Illuminate\\Foundation\\Console\\Kernel->handle()
#29 {main}

[previous exception] [object] (PDOException(code: 2002): SQLSTATE[HY000] [2002] Connection refused at /home/user-1/Desktop/My Buuild /gmoproperties/vendor/laravel/framework/src/Illuminate/Database/Connectors/Connector.php:65)
[stacktrace]
#0 /home/user-1/Desktop/My Buuild /gmoproperties/vendor/laravel/framework/src/Illuminate/Database/Connectors/Connector.php(65): PDO->__construct()
#1 /home/user-1/Desktop/My Buuild /gmoproperties/vendor/laravel/framework/src/Illuminate/Database/Connectors/Connector.php(83): Illuminate\\Database\\Connectors\\Connector->createPdoConnection()
#2 /home/user-1/Desktop/My Buuild /gmoproperties/vendor/laravel/framework/src/Illuminate/Database/Connectors/Connector.php(49): Illuminate\\Database\\Connectors\\Connector->tryAgainIfCausedByLostConnection()
#3 /home/user-1/Desktop/My Buuild /gmoproperties/vendor/laravel/framework/src/Illuminate/Database/Connectors/MySqlConnector.php(24): Illuminate\\Database\\Connectors\\Connector->createConnection()
#4 /home/user-1/Desktop/My Buuild /gmoproperties/vendor/laravel/framework/src/Illuminate/Database/Connectors/ConnectionFactory.php(184): Illuminate\\Database\\Connectors\\MySqlConnector->connect()
#5 [internal function]: Illuminate\\Database\\Connectors\\ConnectionFactory->Illuminate\\Database\\Connectors\\{closure}()
#6 /home/user-1/Desktop/My Buuild /gmoproperties/vendor/laravel/framework/src/Illuminate/Database/Connection.php(1339): call_user_func()
#7 /home/user-1/Desktop/My Buuild /gmoproperties/vendor/laravel/framework/src/Illuminate/Database/Connection.php(528): Illuminate\\Database\\Connection->getPdo()
#8 /home/user-1/Desktop/My Buuild /gmoproperties/vendor/laravel/framework/src/Illuminate/Database/Connection.php(423): Illuminate\\Database\\Connection->getPdoForSelect()
#9 /home/user-1/Desktop/My Buuild /gmoproperties/vendor/laravel/framework/src/Illuminate/Database/Connection.php(816): Illuminate\\Database\\Connection->Illuminate\\Database\\{closure}()
#10 /home/user-1/Desktop/My Buuild /gmoproperties/vendor/laravel/framework/src/Illuminate/Database/Connection.php(983): Illuminate\\Database\\Connection->runQueryCallback()
#11 /home/user-1/Desktop/My Buuild /gmoproperties/vendor/laravel/framework/src/Illuminate/Database/Connection.php(963): Illuminate\\Database\\Connection->tryAgainIfCausedByLostConnection()
#12 /home/user-1/Desktop/My Buuild /gmoproperties/vendor/laravel/framework/src/Illuminate/Database/Connection.php(786): Illuminate\\Database\\Connection->handleQueryException()
#13 /home/user-1/Desktop/My Buuild /gmoproperties/vendor/laravel/framework/src/Illuminate/Database/Connection.php(431): Illuminate\\Database\\Connection->run()
#14 /home/user-1/Desktop/My Buuild /gmoproperties/vendor/laravel/framework/src/Illuminate/Database/Connection.php(401): Illuminate\\Database\\Connection->select()
#15 /home/user-1/Desktop/My Buuild /gmoproperties/vendor/laravel/framework/src/Illuminate/Database/Schema/MySqlBuilder.php(42): Illuminate\\Database\\Connection->selectFromWriteConnection()
#16 /home/user-1/Desktop/My Buuild /gmoproperties/vendor/laravel/framework/src/Illuminate/Database/Schema/Builder.php(165): Illuminate\\Database\\Schema\\MySqlBuilder->getTables()
#17 /home/user-1/Desktop/My Buuild /gmoproperties/vendor/laravel/framework/src/Illuminate/Database/Migrations/DatabaseMigrationRepository.php(184): Illuminate\\Database\\Schema\\Builder->hasTable()
#18 /home/user-1/Desktop/My Buuild /gmoproperties/vendor/laravel/framework/src/Illuminate/Database/Migrations/Migrator.php(727): Illuminate\\Database\\Migrations\\DatabaseMigrationRepository->repositoryExists()
#19 /home/user-1/Desktop/My Buuild /gmoproperties/vendor/laravel/framework/src/Illuminate/Database/Console/Migrations/MigrateCommand.php(140): Illuminate\\Database\\Migrations\\Migrator->repositoryExists()
#20 /home/user-1/Desktop/My Buuild /gmoproperties/vendor/laravel/framework/src/Illuminate/Support/helpers.php(261): Illuminate\\Database\\Console\\Migrations\\MigrateCommand->Illuminate\\Database\\Console\\Migrations\\{closure}()
#21 /home/user-1/Desktop/My Buuild /gmoproperties/vendor/laravel/framework/src/Illuminate/Database/Console/Migrations/MigrateCommand.php(159): retry()
#22 /home/user-1/Desktop/My Buuild /gmoproperties/vendor/laravel/framework/src/Illuminate/Database/Console/Migrations/MigrateCommand.php(116): Illuminate\\Database\\Console\\Migrations\\MigrateCommand->repositoryExists()
#23 /home/user-1/Desktop/My Buuild /gmoproperties/vendor/laravel/framework/src/Illuminate/Database/Console/Migrations/MigrateCommand.php(84): Illuminate\\Database\\Console\\Migrations\\MigrateCommand->prepareDatabase()
#24 /home/user-1/Desktop/My Buuild /gmoproperties/vendor/laravel/framework/src/Illuminate/Database/Migrations/Migrator.php(641): Illuminate\\Database\\Console\\Migrations\\MigrateCommand->Illuminate\\Database\\Console\\Migrations\\{closure}()
#25 /home/user-1/Desktop/My Buuild /gmoproperties/vendor/laravel/framework/src/Illuminate/Database/Console/Migrations/MigrateCommand.php(104): Illuminate\\Database\\Migrations\\Migrator->usingConnection()
#26 /home/user-1/Desktop/My Buuild /gmoproperties/vendor/laravel/framework/src/Illuminate/Container/BoundMethod.php(36): Illuminate\\Database\\Console\\Migrations\\MigrateCommand->handle()
#27 /home/user-1/Desktop/My Buuild /gmoproperties/vendor/laravel/framework/src/Illuminate/Container/Util.php(41): Illuminate\\Container\\BoundMethod::Illuminate\\Container\\{closure}()
#28 /home/user-1/Desktop/My Buuild /gmoproperties/vendor/laravel/framework/src/Illuminate/Container/BoundMethod.php(93): Illuminate\\Container\\Util::unwrapIfClosure()
#29 /home/user-1/Desktop/My Buuild /gmoproperties/vendor/laravel/framework/src/Illuminate/Container/BoundMethod.php(37): Illuminate\\Container\\BoundMethod::callBoundMethod()
#30 /home/user-1/Desktop/My Buuild /gmoproperties/vendor/laravel/framework/src/Illuminate/Container/Container.php(662): Illuminate\\Container\\BoundMethod::call()
#31 /home/user-1/Desktop/My Buuild /gmoproperties/vendor/laravel/framework/src/Illuminate/Console/Command.php(211): Illuminate\\Container\\Container->call()
#32 /home/user-1/Desktop/My Buuild /gmoproperties/vendor/symfony/console/Command/Command.php(326): Illuminate\\Console\\Command->execute()
#33 /home/user-1/Desktop/My Buuild /gmoproperties/vendor/laravel/framework/src/Illuminate/Console/Command.php(181): Symfony\\Component\\Console\\Command\\Command->run()
#34 /home/user-1/Desktop/My Buuild /gmoproperties/vendor/symfony/console/Application.php(1106): Illuminate\\Console\\Command->run()
#35 /home/user-1/Desktop/My Buuild /gmoproperties/vendor/symfony/console/Application.php(324): Symfony\\Component\\Console\\Application->doRunCommand()
#36 /home/user-1/Desktop/My Buuild /gmoproperties/vendor/symfony/console/Application.php(175): Symfony\\Component\\Console\\Application->doRun()
#37 /home/user-1/Desktop/My Buuild /gmoproperties/vendor/laravel/framework/src/Illuminate/Foundation/Console/Kernel.php(201): Symfony\\Component\\Console\\Application->run()
#38 /home/user-1/Desktop/My Buuild /gmoproperties/artisan(26): Illuminate\\Foundation\\Console\\Kernel->handle()
#39 {main}
"} 
[2026-02-26 11:04:07] local.ERROR: SQLSTATE[HY000]: General error: 1 index documents_documentable_type_documentable_id_index already exists (Connection: sqlite, SQL: create index "documents_documentable_type_documentable_id_index" on "documents" ("documentable_type", "documentable_id")) {"exception":"[object] (Illuminate\\Database\\QueryException(code: HY000): SQLSTATE[HY000]: General error: 1 index documents_documentable_type_documentable_id_index already exists (Connection: sqlite, SQL: create index \"documents_documentable_type_documentable_id_index\" on \"documents\" (\"documentable_type\", \"documentable_id\")) at /home/user-1/Desktop/My Buuild /gmoproperties/vendor/laravel/framework/src/Illuminate/Database/Connection.php:829)
[stacktrace]
#0 /home/user-1/Desktop/My Buuild /gmoproperties/vendor/laravel/framework/src/Illuminate/Database/Connection.php(783): Illuminate\\Database\\Connection->runQueryCallback()
#1 /home/user-1/Desktop/My Buuild /gmoproperties/vendor/laravel/framework/src/Illuminate/Database/Connection.php(588): Illuminate\\Database\\Connection->run()
#2 /home/user-1/Desktop/My Buuild /gmoproperties/vendor/laravel/framework/src/Illuminate/Database/Schema/Blueprint.php(110): Illuminate\\Database\\Connection->statement()
#3 /home/user-1/Desktop/My Buuild /gmoproperties/vendor/laravel/framework/src/Illuminate/Database/Schema/Builder.php(602): Illuminate\\Database\\Schema\\Blueprint->build()
#4 /home/user-1/Desktop/My Buuild /gmoproperties/vendor/laravel/framework/src/Illuminate/Database/Schema/Builder.php(460): Illuminate\\Database\\Schema\\Builder->build()
#5 /home/user-1/Desktop/My Buuild /gmoproperties/vendor/laravel/framework/src/Illuminate/Support/Facades/Facade.php(355): Illuminate\\Database\\Schema\\Builder->create()
#6 /home/user-1/Desktop/My Buuild /gmoproperties/database/migrations/2026_02_26_070825_create_documents_table.php(39): Illuminate\\Support\\Facades\\Facade::__callStatic()
#7 /home/user-1/Desktop/My Buuild /gmoproperties/vendor/laravel/framework/src/Illuminate/Database/Migrations/Migrator.php(501): Illuminate\\Database\\Migrations\\Migration@anonymous->up()
#8 /home/user-1/Desktop/My Buuild /gmoproperties/vendor/laravel/framework/src/Illuminate/Database/Migrations/Migrator.php(418): Illuminate\\Database\\Migrations\\Migrator->runMethod()
#9 /home/user-1/Desktop/My Buuild /gmoproperties/vendor/laravel/framework/src/Illuminate/Database/Migrations/Migrator.php(427): Illuminate\\Database\\Migrations\\Migrator->Illuminate\\Database\\Migrations\\{closure}()
#10 /home/user-1/Desktop/My Buuild /gmoproperties/vendor/laravel/framework/src/Illuminate/Database/Migrations/Migrator.php(224): Illuminate\\Database\\Migrations\\Migrator->runMigration()
#11 /home/user-1/Desktop/My Buuild /gmoproperties/vendor/laravel/framework/src/Illuminate/Console/View/Components/Task.php(37): Illuminate\\Database\\Migrations\\Migrator->Illuminate\\Database\\Migrations\\{closure}()
#12 /home/user-1/Desktop/My Buuild /gmoproperties/vendor/laravel/framework/src/Illuminate/Database/Migrations/Migrator.php(783): Illuminate\\Console\\View\\Components\\Task->render()
#13 /home/user-1/Desktop/My Buuild /gmoproperties/vendor/laravel/framework/src/Illuminate/Database/Migrations/Migrator.php(224): Illuminate\\Database\\Migrations\\Migrator->write()
#14 /home/user-1/Desktop/My Buuild /gmoproperties/vendor/laravel/framework/src/Illuminate/Database/Migrations/Migrator.php(189): Illuminate\\Database\\Migrations\\Migrator->runUp()
#15 /home/user-1/Desktop/My Buuild /gmoproperties/vendor/laravel/framework/src/Illuminate/Database/Migrations/Migrator.php(132): Illuminate\\Database\\Migrations\\Migrator->runPending()
#16 /home/user-1/Desktop/My Buuild /gmoproperties/vendor/laravel/framework/src/Illuminate/Database/Console/Migrations/MigrateCommand.php(92): Illuminate\\Database\\Migrations\\Migrator->run()
#17 /home/user-1/Desktop/My Buuild /gmoproperties/vendor/laravel/framework/src/Illuminate/Database/Migrations/Migrator.php(641): Illuminate\\Database\\Console\\Migrations\\MigrateCommand->Illuminate\\Database\\Console\\Migrations\\{closure}()
#18 /home/user-1/Desktop/My Buuild /gmoproperties/vendor/laravel/framework/src/Illuminate/Database/Console/Migrations/MigrateCommand.php(104): Illuminate\\Database\\Migrations\\Migrator->usingConnection()
#19 /home/user-1/Desktop/My Buuild /gmoproperties/vendor/laravel/framework/src/Illuminate/Container/BoundMethod.php(36): Illuminate\\Database\\Console\\Migrations\\MigrateCommand->handle()
#20 /home/user-1/Desktop/My Buuild /gmoproperties/vendor/laravel/framework/src/Illuminate/Container/Util.php(41): Illuminate\\Container\\BoundMethod::Illuminate\\Container\\{closure}()
#21 /home/user-1/Desktop/My Buuild /gmoproperties/vendor/laravel/framework/src/Illuminate/Container/BoundMethod.php(93): Illuminate\\Container\\Util::unwrapIfClosure()
#22 /home/user-1/Desktop/My Buuild /gmoproperties/vendor/laravel/framework/src/Illuminate/Container/BoundMethod.php(37): Illuminate\\Container\\BoundMethod::callBoundMethod()
#23 /home/user-1/Desktop/My Buuild /gmoproperties/vendor/laravel/framework/src/Illuminate/Container/Container.php(662): Illuminate\\Container\\BoundMethod::call()
#24 /home/user-1/Desktop/My Buuild /gmoproperties/vendor/laravel/framework/src/Illuminate/Console/Command.php(211): Illuminate\\Container\\Container->call()
#25 /home/user-1/Desktop/My Buuild /gmoproperties/vendor/symfony/console/Command/Command.php(326): Illuminate\\Console\\Command->execute()
#26 /home/user-1/Desktop/My Buuild /gmoproperties/vendor/laravel/framework/src/Illuminate/Console/Command.php(181): Symfony\\Component\\Console\\Command\\Command->run()
#27 /home/user-1/Desktop/My Buuild /gmoproperties/vendor/symfony/console/Application.php(1106): Illuminate\\Console\\Command->run()
#28 /home/user-1/Desktop/My Buuild /gmoproperties/vendor/symfony/console/Application.php(324): Symfony\\Component\\Console\\Application->doRunCommand()
#29 /home/user-1/Desktop/My Buuild /gmoproperties/vendor/symfony/console/Application.php(175): Symfony\\Component\\Console\\Application->doRun()
#30 /home/user-1/Desktop/My Buuild /gmoproperties/vendor/laravel/framework/src/Illuminate/Foundation/Console/Kernel.php(201): Symfony\\Component\\Console\\Application->run()
#31 /home/user-1/Desktop/My Buuild /gmoproperties/artisan(26): Illuminate\\Foundation\\Console\\Kernel->handle()
#32 {main}

[previous exception] [object] (PDOException(code: HY000): SQLSTATE[HY000]: General error: 1 index documents_documentable_type_documentable_id_index already exists at /home/user-1/Desktop/My Buuild /gmoproperties/vendor/laravel/framework/src/Illuminate/Database/Connection.php:581)
[stacktrace]
#0 /home/user-1/Desktop/My Buuild /gmoproperties/vendor/laravel/framework/src/Illuminate/Database/Connection.php(581): PDO->prepare()
#1 /home/user-1/Desktop/My Buuild /gmoproperties/vendor/laravel/framework/src/Illuminate/Database/Connection.php(816): Illuminate\\Database\\Connection->Illuminate\\Database\\{closure}()
#2 /home/user-1/Desktop/My Buuild /gmoproperties/vendor/laravel/framework/src/Illuminate/Database/Connection.php(783): Illuminate\\Database\\Connection->runQueryCallback()
#3 /home/user-1/Desktop/My Buuild /gmoproperties/vendor/laravel/framework/src/Illuminate/Database/Connection.php(588): Illuminate\\Database\\Connection->run()
#4 /home/user-1/Desktop/My Buuild /gmoproperties/vendor/laravel/framework/src/Illuminate/Database/Schema/Blueprint.php(110): Illuminate\\Database\\Connection->statement()
#5 /home/user-1/Desktop/My Buuild /gmoproperties/vendor/laravel/framework/src/Illuminate/Database/Schema/Builder.php(602): Illuminate\\Database\\Schema\\Blueprint->build()
#6 /home/user-1/Desktop/My Buuild /gmoproperties/vendor/laravel/framework/src/Illuminate/Database/Schema/Builder.php(460): Illuminate\\Database\\Schema\\Builder->build()
#7 /home/user-1/Desktop/My Buuild /gmoproperties/vendor/laravel/framework/src/Illuminate/Support/Facades/Facade.php(355): Illuminate\\Database\\Schema\\Builder->create()
#8 /home/user-1/Desktop/My Buuild /gmoproperties/database/migrations/2026_02_26_070825_create_documents_table.php(39): Illuminate\\Support\\Facades\\Facade::__callStatic()
#9 /home/user-1/Desktop/My Buuild /gmoproperties/vendor/laravel/framework/src/Illuminate/Database/Migrations/Migrator.php(501): Illuminate\\Database\\Migrations\\Migration@anonymous->up()
#10 /home/user-1/Desktop/My Buuild /gmoproperties/vendor/laravel/framework/src/Illuminate/Database/Migrations/Migrator.php(418): Illuminate\\Database\\Migrations\\Migrator->runMethod()
#11 /home/user-1/Desktop/My Buuild /gmoproperties/vendor/laravel/framework/src/Illuminate/Database/Migrations/Migrator.php(427): Illuminate\\Database\\Migrations\\Migrator->Illuminate\\Database\\Migrations\\{closure}()
#12 /home/user-1/Desktop/My Buuild /gmoproperties/vendor/laravel/framework/src/Illuminate/Database/Migrations/Migrator.php(224): Illuminate\\Database\\Migrations\\Migrator->runMigration()
#13 /home/user-1/Desktop/My Buuild /gmoproperties/vendor/laravel/framework/src/Illuminate/Console/View/Components/Task.php(37): Illuminate\\Database\\Migrations\\Migrator->Illuminate\\Database\\Migrations\\{closure}()
#14 /home/user-1/Desktop/My Buuild /gmoproperties/vendor/laravel/framework/src/Illuminate/Database/Migrations/Migrator.php(783): Illuminate\\Console\\View\\Components\\Task->render()
#15 /home/user-1/Desktop/My Buuild /gmoproperties/vendor/laravel/framework/src/Illuminate/Database/Migrations/Migrator.php(224): Illuminate\\Database\\Migrations\\Migrator->write()
#16 /home/user-1/Desktop/My Buuild /gmoproperties/vendor/laravel/framework/src/Illuminate/Database/Migrations/Migrator.php(189): Illuminate\\Database\\Migrations\\Migrator->runUp()
#17 /home/user-1/Desktop/My Buuild /gmoproperties/vendor/laravel/framework/src/Illuminate/Database/Migrations/Migrator.php(132): Illuminate\\Database\\Migrations\\Migrator->runPending()
#18 /home/user-1/Desktop/My Buuild /gmoproperties/vendor/laravel/framework/src/Illuminate/Database/Console/Migrations/MigrateCommand.php(92): Illuminate\\Database\\Migrations\\Migrator->run()
#19 /home/user-1/Desktop/My Buuild /gmoproperties/vendor/laravel/framework/src/Illuminate/Database/Migrations/Migrator.php(641): Illuminate\\Database\\Console\\Migrations\\MigrateCommand->Illuminate\\Database\\Console\\Migrations\\{closure}()
#20 /home/user-1/Desktop/My Buuild /gmoproperties/vendor/laravel/framework/src/Illuminate/Database/Console/Migrations/MigrateCommand.php(104): Illuminate\\Database\\Migrations\\Migrator->usingConnection()
#21 /home/user-1/Desktop/My Buuild /gmoproperties/vendor/laravel/framework/src/Illuminate/Container/BoundMethod.php(36): Illuminate\\Database\\Console\\Migrations\\MigrateCommand->handle()
#22 /home/user-1/Desktop/My Buuild /gmoproperties/vendor/laravel/framework/src/Illuminate/Container/Util.php(41): Illuminate\\Container\\BoundMethod::Illuminate\\Container\\{closure}()
#23 /home/user-1/Desktop/My Buuild /gmoproperties/vendor/laravel/framework/src/Illuminate/Container/BoundMethod.php(93): Illuminate\\Container\\Util::unwrapIfClosure()
#24 /home/user-1/Desktop/My Buuild /gmoproperties/vendor/laravel/framework/src/Illuminate/Container/BoundMethod.php(37): Illuminate\\Container\\BoundMethod::callBoundMethod()
#25 /home/user-1/Desktop/My Buuild /gmoproperties/vendor/laravel/framework/src/Illuminate/Container/Container.php(662): Illuminate\\Container\\BoundMethod::call()
#26 /home/user-1/Desktop/My Buuild /gmoproperties/vendor/laravel/framework/src/Illuminate/Console/Command.php(211): Illuminate\\Container\\Container->call()
#27 /home/user-1/Desktop/My Buuild /gmoproperties/vendor/symfony/console/Command/Command.php(326): Illuminate\\Console\\Command->execute()
#28 /home/user-1/Desktop/My Buuild /gmoproperties/vendor/laravel/framework/src/Illuminate/Console/Command.php(181): Symfony\\Component\\Console\\Command\\Command->run()
#29 /home/user-1/Desktop/My Buuild /gmoproperties/vendor/symfony/console/Application.php(1106): Illuminate\\Console\\Command->run()
#30 /home/user-1/Desktop/My Buuild /gmoproperties/vendor/symfony/console/Application.php(324): Symfony\\Component\\Console\\Application->doRunCommand()
#31 /home/user-1/Desktop/My Buuild /gmoproperties/vendor/symfony/console/Application.php(175): Symfony\\Component\\Console\\Application->doRun()
#32 /home/user-1/Desktop/My Buuild /gmoproperties/vendor/laravel/framework/src/Illuminate/Foundation/Console/Kernel.php(201): Symfony\\Component\\Console\\Application->run()
#33 /home/user-1/Desktop/My Buuild /gmoproperties/artisan(26): Illuminate\\Foundation\\Console\\Kernel->handle()
#34 {main}
"} 
[2026-02-26 11:04:32] local.ERROR: SQLSTATE[HY000]: General error: 1 table "documents" already exists (Connection: sqlite, SQL: create table "documents" ("id" integer primary key autoincrement not null, "company_id" integer not null, "documentable_type" varchar not null, "documentable_id" integer not null, "name" varchar not null, "file_path" varchar not null, "file_type" varchar, "file_size" integer, "document_type" varchar check ("document_type" in ('id_document', 'proof_of_registration', 'proof_of_income', 'contract', 'invoice', 'receipt', 'maintenance_report', 'other')) not null default 'other', "is_encrypted" tinyint(1) not null default '0', "uploaded_by" integer, "created_at" datetime, "updated_at" datetime, "deleted_at" datetime, foreign key("company_id") references "companies"("id") on delete cascade, foreign key("uploaded_by") references "users"("id") on delete set null)) {"exception":"[object] (Illuminate\\Database\\QueryException(code: HY000): SQLSTATE[HY000]: General error: 1 table \"documents\" already exists (Connection: sqlite, SQL: create table \"documents\" (\"id\" integer primary key autoincrement not null, \"company_id\" integer not null, \"documentable_type\" varchar not null, \"documentable_id\" integer not null, \"name\" varchar not null, \"file_path\" varchar not null, \"file_type\" varchar, \"file_size\" integer, \"document_type\" varchar check (\"document_type\" in ('id_document', 'proof_of_registration', 'proof_of_income', 'contract', 'invoice', 'receipt', 'maintenance_report', 'other')) not null default 'other', \"is_encrypted\" tinyint(1) not null default '0', \"uploaded_by\" integer, \"created_at\" datetime, \"updated_at\" datetime, \"deleted_at\" datetime, foreign key(\"company_id\") references \"companies\"(\"id\") on delete cascade, foreign key(\"uploaded_by\") references \"users\"(\"id\") on delete set null)) at /home/user-1/Desktop/My Buuild /gmoproperties/vendor/laravel/framework/src/Illuminate/Database/Connection.php:829)
[stacktrace]
#0 /home/user-1/Desktop/My Buuild /gmoproperties/vendor/laravel/framework/src/Illuminate/Database/Connection.php(783): Illuminate\\Database\\Connection->runQueryCallback()
#1 /home/user-1/Desktop/My Buuild /gmoproperties/vendor/laravel/framework/src/Illuminate/Database/Connection.php(588): Illuminate\\Database\\Connection->run()
#2 /home/user-1/Desktop/My Buuild /gmoproperties/vendor/laravel/framework/src/Illuminate/Database/Schema/Blueprint.php(110): Illuminate\\Database\\Connection->statement()
#3 /home/user-1/Desktop/My Buuild /gmoproperties/vendor/laravel/framework/src/Illuminate/Database/Schema/Builder.php(602): Illuminate\\Database\\Schema\\Blueprint->build()
#4 /home/user-1/Desktop/My Buuild /gmoproperties/vendor/laravel/framework/src/Illuminate/Database/Schema/Builder.php(460): Illuminate\\Database\\Schema\\Builder->build()
#5 /home/user-1/Desktop/My Buuild /gmoproperties/vendor/laravel/framework/src/Illuminate/Support/Facades/Facade.php(355): Illuminate\\Database\\Schema\\Builder->create()
#6 /home/user-1/Desktop/My Buuild /gmoproperties/database/migrations/2026_02_26_070825_create_documents_table.php(39): Illuminate\\Support\\Facades\\Facade::__callStatic()
#7 /home/user-1/Desktop/My Buuild /gmoproperties/vendor/laravel/framework/src/Illuminate/Database/Migrations/Migrator.php(501): Illuminate\\Database\\Migrations\\Migration@anonymous->up()
#8 /home/user-1/Desktop/My Buuild /gmoproperties/vendor/laravel/framework/src/Illuminate/Database/Migrations/Migrator.php(418): Illuminate\\Database\\Migrations\\Migrator->runMethod()
#9 /home/user-1/Desktop/My Buuild /gmoproperties/vendor/laravel/framework/src/Illuminate/Database/Migrations/Migrator.php(427): Illuminate\\Database\\Migrations\\Migrator->Illuminate\\Database\\Migrations\\{closure}()
#10 /home/user-1/Desktop/My Buuild /gmoproperties/vendor/laravel/framework/src/Illuminate/Database/Migrations/Migrator.php(224): Illuminate\\Database\\Migrations\\Migrator->runMigration()
#11 /home/user-1/Desktop/My Buuild /gmoproperties/vendor/laravel/framework/src/Illuminate/Console/View/Components/Task.php(37): Illuminate\\Database\\Migrations\\Migrator->Illuminate\\Database\\Migrations\\{closure}()
#12 /home/user-1/Desktop/My Buuild /gmoproperties/vendor/laravel/framework/src/Illuminate/Database/Migrations/Migrator.php(783): Illuminate\\Console\\View\\Components\\Task->render()
#13 /home/user-1/Desktop/My Buuild /gmoproperties/vendor/laravel/framework/src/Illuminate/Database/Migrations/Migrator.php(224): Illuminate\\Database\\Migrations\\Migrator->write()
#14 /home/user-1/Desktop/My Buuild /gmoproperties/vendor/laravel/framework/src/Illuminate/Database/Migrations/Migrator.php(189): Illuminate\\Database\\Migrations\\Migrator->runUp()
#15 /home/user-1/Desktop/My Buuild /gmoproperties/vendor/laravel/framework/src/Illuminate/Database/Migrations/Migrator.php(132): Illuminate\\Database\\Migrations\\Migrator->runPending()
#16 /home/user-1/Desktop/My Buuild /gmoproperties/vendor/laravel/framework/src/Illuminate/Database/Console/Migrations/MigrateCommand.php(92): Illuminate\\Database\\Migrations\\Migrator->run()
#17 /home/user-1/Desktop/My Buuild /gmoproperties/vendor/laravel/framework/src/Illuminate/Database/Migrations/Migrator.php(641): Illuminate\\Database\\Console\\Migrations\\MigrateCommand->Illuminate\\Database\\Console\\Migrations\\{closure}()
#18 /home/user-1/Desktop/My Buuild /gmoproperties/vendor/laravel/framework/src/Illuminate/Database/Console/Migrations/MigrateCommand.php(104): Illuminate\\Database\\Migrations\\Migrator->usingConnection()
#19 /home/user-1/Desktop/My Buuild /gmoproperties/vendor/laravel/framework/src/Illuminate/Container/BoundMethod.php(36): Illuminate\\Database\\Console\\Migrations\\MigrateCommand->handle()
#20 /home/user-1/Desktop/My Buuild /gmoproperties/vendor/laravel/framework/src/Illuminate/Container/Util.php(41): Illuminate\\Container\\BoundMethod::Illuminate\\Container\\{closure}()
#21 /home/user-1/Desktop/My Buuild /gmoproperties/vendor/laravel/framework/src/Illuminate/Container/BoundMethod.php(93): Illuminate\\Container\\Util::unwrapIfClosure()
#22 /home/user-1/Desktop/My Buuild /gmoproperties/vendor/laravel/framework/src/Illuminate/Container/BoundMethod.php(37): Illuminate\\Container\\BoundMethod::callBoundMethod()
#23 /home/user-1/Desktop/My Buuild /gmoproperties/vendor/laravel/framework/src/Illuminate/Container/Container.php(662): Illuminate\\Container\\BoundMethod::call()
#24 /home/user-1/Desktop/My Buuild /gmoproperties/vendor/laravel/framework/src/Illuminate/Console/Command.php(211): Illuminate\\Container\\Container->call()
#25 /home/user-1/Desktop/My Buuild /gmoproperties/vendor/symfony/console/Command/Command.php(326): Illuminate\\Console\\Command->execute()
#26 /home/user-1/Desktop/My Buuild /gmoproperties/vendor/laravel/framework/src/Illuminate/Console/Command.php(181): Symfony\\Component\\Console\\Command\\Command->run()
#27 /home/user-1/Desktop/My Buuild /gmoproperties/vendor/symfony/console/Application.php(1106): Illuminate\\Console\\Command->run()
#28 /home/user-1/Desktop/My Buuild /gmoproperties/vendor/symfony/console/Application.php(324): Symfony\\Component\\Console\\Application->doRunCommand()
#29 /home/user-1/Desktop/My Buuild /gmoproperties/vendor/symfony/console/Application.php(175): Symfony\\Component\\Console\\Application->doRun()
#30 /home/user-1/Desktop/My Buuild /gmoproperties/vendor/laravel/framework/src/Illuminate/Foundation/Console/Kernel.php(201): Symfony\\Component\\Console\\Application->run()
#31 /home/user-1/Desktop/My Buuild /gmoproperties/artisan(26): Illuminate\\Foundation\\Console\\Kernel->handle()
#32 {main}

[previous exception] [object] (PDOException(code: HY000): SQLSTATE[HY000]: General error: 1 table \"documents\" already exists at /home/user-1/Desktop/My Buuild /gmoproperties/vendor/laravel/framework/src/Illuminate/Database/Connection.php:581)
[stacktrace]
#0 /home/user-1/Desktop/My Buuild /gmoproperties/vendor/laravel/framework/src/Illuminate/Database/Connection.php(581): PDO->prepare()
#1 /home/user-1/Desktop/My Buuild /gmoproperties/vendor/laravel/framework/src/Illuminate/Database/Connection.php(816): Illuminate\\Database\\Connection->Illuminate\\Database\\{closure}()
#2 /home/user-1/Desktop/My Buuild /gmoproperties/vendor/laravel/framework/src/Illuminate/Database/Connection.php(783): Illuminate\\Database\\Connection->runQueryCallback()
#3 /home/user-1/Desktop/My Buuild /gmoproperties/vendor/laravel/framework/src/Illuminate/Database/Connection.php(588): Illuminate\\Database\\Connection->run()
#4 /home/user-1/Desktop/My Buuild /gmoproperties/vendor/laravel/framework/src/Illuminate/Database/Schema/Blueprint.php(110): Illuminate\\Database\\Connection->statement()
#5 /home/user-1/Desktop/My Buuild /gmoproperties/vendor/laravel/framework/src/Illuminate/Database/Schema/Builder.php(602): Illuminate\\Database\\Schema\\Blueprint->build()
#6 /home/user-1/Desktop/My Buuild /gmoproperties/vendor/laravel/framework/src/Illuminate/Database/Schema/Builder.php(460): Illuminate\\Database\\Schema\\Builder->build()
#7 /home/user-1/Desktop/My Buuild /gmoproperties/vendor/laravel/framework/src/Illuminate/Support/Facades/Facade.php(355): Illuminate\\Database\\Schema\\Builder->create()
#8 /home/user-1/Desktop/My Buuild /gmoproperties/database/migrations/2026_02_26_070825_create_documents_table.php(39): Illuminate\\Support\\Facades\\Facade::__callStatic()
#9 /home/user-1/Desktop/My Buuild /gmoproperties/vendor/laravel/framework/src/Illuminate/Database/Migrations/Migrator.php(501): Illuminate\\Database\\Migrations\\Migration@anonymous->up()
#10 /home/user-1/Desktop/My Buuild /gmoproperties/vendor/laravel/framework/src/Illuminate/Database/Migrations/Migrator.php(418): Illuminate\\Database\\Migrations\\Migrator->runMethod()
#11 /home/user-1/Desktop/My Buuild /gmoproperties/vendor/laravel/framework/src/Illuminate/Database/Migrations/Migrator.php(427): Illuminate\\Database\\Migrations\\Migrator->Illuminate\\Database\\Migrations\\{closure}()
#12 /home/user-1/Desktop/My Buuild /gmoproperties/vendor/laravel/framework/src/Illuminate/Database/Migrations/Migrator.php(224): Illuminate\\Database\\Migrations\\Migrator->runMigration()
#13 /home/user-1/Desktop/My Buuild /gmoproperties/vendor/laravel/framework/src/Illuminate/Console/View/Components/Task.php(37): Illuminate\\Database\\Migrations\\Migrator->Illuminate\\Database\\Migrations\\{closure}()
#14 /home/user-1/Desktop/My Buuild /gmoproperties/vendor/laravel/framework/src/Illuminate/Database/Migrations/Migrator.php(783): Illuminate\\Console\\View\\Components\\Task->render()
#15 /home/user-1/Desktop/My Buuild /gmoproperties/vendor/laravel/framework/src/Illuminate/Database/Migrations/Migrator.php(224): Illuminate\\Database\\Migrations\\Migrator->write()
#16 /home/user-1/Desktop/My Buuild /gmoproperties/vendor/laravel/framework/src/Illuminate/Database/Migrations/Migrator.php(189): Illuminate\\Database\\Migrations\\Migrator->runUp()
#17 /home/user-1/Desktop/My Buuild /gmoproperties/vendor/laravel/framework/src/Illuminate/Database/Migrations/Migrator.php(132): Illuminate\\Database\\Migrations\\Migrator->runPending()
#18 /home/user-1/Desktop/My Buuild /gmoproperties/vendor/laravel/framework/src/Illuminate/Database/Console/Migrations/MigrateCommand.php(92): Illuminate\\Database\\Migrations\\Migrator->run()
#19 /home/user-1/Desktop/My Buuild /gmoproperties/vendor/laravel/framework/src/Illuminate/Database/Migrations/Migrator.php(641): Illuminate\\Database\\Console\\Migrations\\MigrateCommand->Illuminate\\Database\\Console\\Migrations\\{closure}()
#20 /home/user-1/Desktop/My Buuild /gmoproperties/vendor/laravel/framework/src/Illuminate/Database/Console/Migrations/MigrateCommand.php(104): Illuminate\\Database\\Migrations\\Migrator->usingConnection()
#21 /home/user-1/Desktop/My Buuild /gmoproperties/vendor/laravel/framework/src/Illuminate/Container/BoundMethod.php(36): Illuminate\\Database\\Console\\Migrations\\MigrateCommand->handle()
#22 /home/user-1/Desktop/My Buuild /gmoproperties/vendor/laravel/framework/src/Illuminate/Container/Util.php(41): Illuminate\\Container\\BoundMethod::Illuminate\\Container\\{closure}()
#23 /home/user-1/Desktop/My Buuild /gmoproperties/vendor/laravel/framework/src/Illuminate/Container/BoundMethod.php(93): Illuminate\\Container\\Util::unwrapIfClosure()
#24 /home/user-1/Desktop/My Buuild /gmoproperties/vendor/laravel/framework/src/Illuminate/Container/BoundMethod.php(37): Illuminate\\Container\\BoundMethod::callBoundMethod()
#25 /home/user-1/Desktop/My Buuild /gmoproperties/vendor/laravel/framework/src/Illuminate/Container/Container.php(662): Illuminate\\Container\\BoundMethod::call()
#26 /home/user-1/Desktop/My Buuild /gmoproperties/vendor/laravel/framework/src/Illuminate/Console/Command.php(211): Illuminate\\Container\\Container->call()
#27 /home/user-1/Desktop/My Buuild /gmoproperties/vendor/symfony/console/Command/Command.php(326): Illuminate\\Console\\Command->execute()
#28 /home/user-1/Desktop/My Buuild /gmoproperties/vendor/laravel/framework/src/Illuminate/Console/Command.php(181): Symfony\\Component\\Console\\Command\\Command->run()
#29 /home/user-1/Desktop/My Buuild /gmoproperties/vendor/symfony/console/Application.php(1106): Illuminate\\Console\\Command->run()
#30 /home/user-1/Desktop/My Buuild /gmoproperties/vendor/symfony/console/Application.php(324): Symfony\\Component\\Console\\Application->doRunCommand()
#31 /home/user-1/Desktop/My Buuild /gmoproperties/vendor/symfony/console/Application.php(175): Symfony\\Component\\Console\\Application->doRun()
#32 /home/user-1/Desktop/My Buuild /gmoproperties/vendor/laravel/framework/src/Illuminate/Foundation/Console/Kernel.php(201): Symfony\\Component\\Console\\Application->run()
#33 /home/user-1/Desktop/My Buuild /gmoproperties/artisan(26): Illuminate\\Foundation\\Console\\Kernel->handle()
#34 {main}
"} 
[2026-02-26 11:05:36] local.ERROR: Database file at path [database/database.sqlite] does not exist. Ensure this is an absolute path to the database. (Connection: sqlite, SQL: PRAGMA foreign_keys = ON;) {"exception":"[object] (Illuminate\\Database\\QueryException(code: 0): Database file at path [database/database.sqlite] does not exist. Ensure this is an absolute path to the database. (Connection: sqlite, SQL: PRAGMA foreign_keys = ON;) at /home/user-1/Desktop/My Buuild /gmoproperties/vendor/laravel/framework/src/Illuminate/Database/Connection.php:829)
[stacktrace]
#0 /home/user-1/Desktop/My Buuild /gmoproperties/vendor/laravel/framework/src/Illuminate/Database/Connection.php(783): Illuminate\\Database\\Connection->runQueryCallback()
#1 /home/user-1/Desktop/My Buuild /gmoproperties/vendor/laravel/framework/src/Illuminate/Database/Connection.php(588): Illuminate\\Database\\Connection->run()
#2 /home/user-1/Desktop/My Buuild /gmoproperties/vendor/laravel/framework/src/Illuminate/Database/Schema/Builder.php(561): Illuminate\\Database\\Connection->statement()
#3 /home/user-1/Desktop/My Buuild /gmoproperties/vendor/laravel/framework/src/Illuminate/Database/SQLiteConnection.php(36): Illuminate\\Database\\Schema\\Builder->enableForeignKeyConstraints()
#4 /home/user-1/Desktop/My Buuild /gmoproperties/vendor/laravel/framework/src/Illuminate/Database/Connectors/ConnectionFactory.php(272): Illuminate\\Database\\SQLiteConnection->__construct()
#5 /home/user-1/Desktop/My Buuild /gmoproperties/vendor/laravel/framework/src/Illuminate/Database/Connectors/ConnectionFactory.php(76): Illuminate\\Database\\Connectors\\ConnectionFactory->createConnection()
#6 /home/user-1/Desktop/My Buuild /gmoproperties/vendor/laravel/framework/src/Illuminate/Database/Connectors/ConnectionFactory.php(50): Illuminate\\Database\\Connectors\\ConnectionFactory->createSingleConnection()
#7 /home/user-1/Desktop/My Buuild /gmoproperties/vendor/laravel/framework/src/Illuminate/Database/DatabaseManager.php(175): Illuminate\\Database\\Connectors\\ConnectionFactory->make()
#8 /home/user-1/Desktop/My Buuild /gmoproperties/vendor/laravel/framework/src/Illuminate/Database/DatabaseManager.php(101): Illuminate\\Database\\DatabaseManager->makeConnection()
#9 /home/user-1/Desktop/My Buuild /gmoproperties/vendor/laravel/framework/src/Illuminate/Database/Eloquent/Model.php(1820): Illuminate\\Database\\DatabaseManager->connection()
#10 /home/user-1/Desktop/My Buuild /gmoproperties/vendor/laravel/framework/src/Illuminate/Database/Eloquent/Model.php(1786): Illuminate\\Database\\Eloquent\\Model::resolveConnection()
#11 /home/user-1/Desktop/My Buuild /gmoproperties/vendor/laravel/framework/src/Illuminate/Database/Eloquent/Model.php(1577): Illuminate\\Database\\Eloquent\\Model->getConnection()
#12 /home/user-1/Desktop/My Buuild /gmoproperties/vendor/laravel/framework/src/Illuminate/Database/Eloquent/Model.php(1496): Illuminate\\Database\\Eloquent\\Model->newBaseQueryBuilder()
#13 /home/user-1/Desktop/My Buuild /gmoproperties/vendor/laravel/framework/src/Illuminate/Database/Eloquent/Model.php(1532): Illuminate\\Database\\Eloquent\\Model->newModelQuery()
#14 /home/user-1/Desktop/My Buuild /gmoproperties/vendor/laravel/framework/src/Illuminate/Database/Eloquent/Model.php(1485): Illuminate\\Database\\Eloquent\\Model->newQueryWithoutScopes()
#15 /home/user-1/Desktop/My Buuild /gmoproperties/vendor/laravel/framework/src/Illuminate/Auth/EloquentUserProvider.php(167): Illuminate\\Database\\Eloquent\\Model->newQuery()
#16 /home/user-1/Desktop/My Buuild /gmoproperties/vendor/laravel/framework/src/Illuminate/Auth/EloquentUserProvider.php(127): Illuminate\\Auth\\EloquentUserProvider->newModelQuery()
#17 /home/user-1/Desktop/My Buuild /gmoproperties/vendor/laravel/framework/src/Illuminate/Auth/SessionGuard.php(381): Illuminate\\Auth\\EloquentUserProvider->retrieveByCredentials()
#18 /home/user-1/Desktop/My Buuild /gmoproperties/vendor/laravel/framework/src/Illuminate/Auth/AuthManager.php(340): Illuminate\\Auth\\SessionGuard->attempt()
#19 /home/user-1/Desktop/My Buuild /gmoproperties/vendor/laravel/framework/src/Illuminate/Support/Facades/Facade.php(355): Illuminate\\Auth\\AuthManager->__call()
#20 /home/user-1/Desktop/My Buuild /gmoproperties/app/Http/Controllers/Auth/LoginController.php(39): Illuminate\\Support\\Facades\\Facade::__callStatic()
#21 /home/user-1/Desktop/My Buuild /gmoproperties/vendor/laravel/framework/src/Illuminate/Routing/ControllerDispatcher.php(46): App\\Http\\Controllers\\Auth\\LoginController->login()
#22 /home/user-1/Desktop/My Buuild /gmoproperties/vendor/laravel/framework/src/Illuminate/Routing/Route.php(260): Illuminate\\Routing\\ControllerDispatcher->dispatch()
#23 /home/user-1/Desktop/My Buuild /gmoproperties/vendor/laravel/framework/src/Illuminate/Routing/Route.php(205): Illuminate\\Routing\\Route->runController()
#24 /home/user-1/Desktop/My Buuild /gmoproperties/vendor/laravel/framework/src/Illuminate/Routing/Router.php(806): Illuminate\\Routing\\Route->run()
#25 /home/user-1/Desktop/My Buuild /gmoproperties/vendor/laravel/framework/src/Illuminate/Pipeline/Pipeline.php(144): Illuminate\\Routing\\Router->Illuminate\\Routing\\{closure}()
#26 /home/user-1/Desktop/My Buuild /gmoproperties/app/Http/Middleware/RedirectIfAuthenticated.php(46): Illuminate\\Pipeline\\Pipeline->Illuminate\\Pipeline\\{closure}()
#27 /home/user-1/Desktop/My Buuild /gmoproperties/vendor/laravel/framework/src/Illuminate/Pipeline/Pipeline.php(183): App\\Http\\Middleware\\RedirectIfAuthenticated->handle()
#28 /home/user-1/Desktop/My Buuild /gmoproperties/vendor/laravel/framework/src/Illuminate/Routing/Middleware/SubstituteBindings.php(50): Illuminate\\Pipeline\\Pipeline->Illuminate\\Pipeline\\{closure}()
#29 /home/user-1/Desktop/My Buuild /gmoproperties/vendor/laravel/framework/src/Illuminate/Pipeline/Pipeline.php(183): Illuminate\\Routing\\Middleware\\SubstituteBindings->handle()
#30 /home/user-1/Desktop/My Buuild /gmoproperties/vendor/laravel/framework/src/Illuminate/Foundation/Http/Middleware/VerifyCsrfToken.php(78): Illuminate\\Pipeline\\Pipeline->Illuminate\\Pipeline\\{closure}()
#31 /home/user-1/Desktop/My Buuild /gmoproperties/vendor/laravel/framework/src/Illuminate/Pipeline/Pipeline.php(183): Illuminate\\Foundation\\Http\\Middleware\\VerifyCsrfToken->handle()
#32 /home/user-1/Desktop/My Buuild /gmoproperties/vendor/laravel/framework/src/Illuminate/View/Middleware/ShareErrorsFromSession.php(49): Illuminate\\Pipeline\\Pipeline->Illuminate\\Pipeline\\{closure}()
#33 /home/user-1/Desktop/My Buuild /gmoproperties/vendor/laravel/framework/src/Illuminate/Pipeline/Pipeline.php(183): Illuminate\\View\\Middleware\\ShareErrorsFromSession->handle()
#34 /home/user-1/Desktop/My Buuild /gmoproperties/vendor/laravel/framework/src/Illuminate/Session/Middleware/StartSession.php(121): Illuminate\\Pipeline\\Pipeline->Illuminate\\Pipeline\\{closure}()
#35 /home/user-1/Desktop/My Buuild /gmoproperties/vendor/laravel/framework/src/Illuminate/Session/Middleware/StartSession.php(64): Illuminate\\Session\\Middleware\\StartSession->handleStatefulRequest()
#36 /home/user-1/Desktop/My Buuild /gmoproperties/vendor/laravel/framework/src/Illuminate/Pipeline/Pipeline.php(183): Illuminate\\Session\\Middleware\\StartSession->handle()
#37 /home/user-1/Desktop/My Buuild /gmoproperties/vendor/laravel/framework/src/Illuminate/Cookie/Middleware/AddQueuedCookiesToResponse.php(37): Illuminate\\Pipeline\\Pipeline->Illuminate\\Pipeline\\{closure}()
#38 /home/user-1/Desktop/My Buuild /gmoproperties/vendor/laravel/framework/src/Illuminate/Pipeline/Pipeline.php(183): Illuminate\\Cookie\\Middleware\\AddQueuedCookiesToResponse->handle()
#39 /home/user-1/Desktop/My Buuild /gmoproperties/vendor/laravel/framework/src/Illuminate/Cookie/Middleware/EncryptCookies.php(67): Illuminate\\Pipeline\\Pipeline->Illuminate\\Pipeline\\{closure}()
#40 /home/user-1/Desktop/My Buuild /gmoproperties/vendor/laravel/framework/src/Illuminate/Pipeline/Pipeline.php(183): Illuminate\\Cookie\\Middleware\\EncryptCookies->handle()
#41 /home/user-1/Desktop/My Buuild /gmoproperties/vendor/laravel/framework/src/Illuminate/Pipeline/Pipeline.php(119): Illuminate\\Pipeline\\Pipeline->Illuminate\\Pipeline\\{closure}()
#42 /home/user-1/Desktop/My Buuild /gmoproperties/vendor/laravel/framework/src/Illuminate/Routing/Router.php(807): Illuminate\\Pipeline\\Pipeline->then()
#43 /home/user-1/Desktop/My Buuild /gmoproperties/vendor/laravel/framework/src/Illuminate/Routing/Router.php(784): Illuminate\\Routing\\Router->runRouteWithinStack()
#44 /home/user-1/Desktop/My Buuild /gmoproperties/vendor/laravel/framework/src/Illuminate/Routing/Router.php(748): Illuminate\\Routing\\Router->runRoute()
#45 /home/user-1/Desktop/My Buuild /gmoproperties/vendor/laravel/framework/src/Illuminate/Routing/Router.php(737): Illuminate\\Routing\\Router->dispatchToRoute()
#46 /home/user-1/Desktop/My Buuild /gmoproperties/vendor/laravel/framework/src/Illuminate/Foundation/Http/Kernel.php(200): Illuminate\\Routing\\Router->dispatch()
#47 /home/user-1/Desktop/My Buuild /gmoproperties/vendor/laravel/framework/src/Illuminate/Pipeline/Pipeline.php(144): Illuminate\\Foundation\\Http\\Kernel->Illuminate\\Foundation\\Http\\{closure}()
#48 /home/user-1/Desktop/My Buuild /gmoproperties/vendor/laravel/framework/src/Illuminate/Foundation/Http/Middleware/TransformsRequest.php(21): Illuminate\\Pipeline\\Pipeline->Illuminate\\Pipeline\\{closure}()
#49 /home/user-1/Desktop/My Buuild /gmoproperties/vendor/laravel/framework/src/Illuminate/Foundation/Http/Middleware/ConvertEmptyStringsToNull.php(31): Illuminate\\Foundation\\Http\\Middleware\\TransformsRequest->handle()
#50 /home/user-1/Desktop/My Buuild /gmoproperties/vendor/laravel/framework/src/Illuminate/Pipeline/Pipeline.php(183): Illuminate\\Foundation\\Http\\Middleware\\ConvertEmptyStringsToNull->handle()
#51 /home/user-1/Desktop/My Buuild /gmoproperties/vendor/laravel/framework/src/Illuminate/Foundation/Http/Middleware/TransformsRequest.php(21): Illuminate\\Pipeline\\Pipeline->Illuminate\\Pipeline\\{closure}()
#52 /home/user-1/Desktop/My Buuild /gmoproperties/vendor/laravel/framework/src/Illuminate/Foundation/Http/Middleware/TrimStrings.php(40): Illuminate\\Foundation\\Http\\Middleware\\TransformsRequest->handle()
#53 /home/user-1/Desktop/My Buuild /gmoproperties/vendor/laravel/framework/src/Illuminate/Pipeline/Pipeline.php(183): Illuminate\\Foundation\\Http\\Middleware\\TrimStrings->handle()
#54 /home/user-1/Desktop/My Buuild /gmoproperties/vendor/laravel/framework/src/Illuminate/Foundation/Http/Middleware/ValidatePostSize.php(27): Illuminate\\Pipeline\\Pipeline->Illuminate\\Pipeline\\{closure}()
#55 /home/user-1/Desktop/My Buuild /gmoproperties/vendor/laravel/framework/src/Illuminate/Pipeline/Pipeline.php(183): Illuminate\\Foundation\\Http\\Middleware\\ValidatePostSize->handle()
#56 /home/user-1/Desktop/My Buuild /gmoproperties/vendor/laravel/framework/src/Illuminate/Foundation/Http/Middleware/PreventRequestsDuringMaintenance.php(99): Illuminate\\Pipeline\\Pipeline->Illuminate\\Pipeline\\{closure}()
#57 /home/user-1/Desktop/My Buuild /gmoproperties/vendor/laravel/framework/src/Illuminate/Pipeline/Pipeline.php(183): Illuminate\\Foundation\\Http\\Middleware\\PreventRequestsDuringMaintenance->handle()
#58 /home/user-1/Desktop/My Buuild /gmoproperties/vendor/laravel/framework/src/Illuminate/Http/Middleware/HandleCors.php(49): Illuminate\\Pipeline\\Pipeline->Illuminate\\Pipeline\\{closure}()
#59 /home/user-1/Desktop/My Buuild /gmoproperties/vendor/laravel/framework/src/Illuminate/Pipeline/Pipeline.php(183): Illuminate\\Http\\Middleware\\HandleCors->handle()
#60 /home/user-1/Desktop/My Buuild /gmoproperties/vendor/laravel/framework/src/Illuminate/Http/Middleware/TrustProxies.php(39): Illuminate\\Pipeline\\Pipeline->Illuminate\\Pipeline\\{closure}()
#61 /home/user-1/Desktop/My Buuild /gmoproperties/vendor/laravel/framework/src/Illuminate/Pipeline/Pipeline.php(183): Illuminate\\Http\\Middleware\\TrustProxies->handle()
#62 /home/user-1/Desktop/My Buuild /gmoproperties/vendor/laravel/framework/src/Illuminate/Pipeline/Pipeline.php(119): Illuminate\\Pipeline\\Pipeline->Illuminate\\Pipeline\\{closure}()
#63 /home/user-1/Desktop/My Buuild /gmoproperties/vendor/laravel/framework/src/Illuminate/Foundation/Http/Kernel.php(175): Illuminate\\Pipeline\\Pipeline->then()
#64 /home/user-1/Desktop/My Buuild /gmoproperties/vendor/laravel/framework/src/Illuminate/Foundation/Http/Kernel.php(144): Illuminate\\Foundation\\Http\\Kernel->sendRequestThroughRouter()
#65 /home/user-1/Desktop/My Buuild /gmoproperties/public/index.php(48): Illuminate\\Foundation\\Http\\Kernel->handle()
#66 /home/user-1/Desktop/My Buuild /gmoproperties/vendor/laravel/framework/src/Illuminate/Foundation/resources/server.php(16): require_once('...')
#67 {main}

[previous exception] [object] (Illuminate\\Database\\SQLiteDatabaseDoesNotExistException(code: 0): Database file at path [database/database.sqlite] does not exist. Ensure this is an absolute path to the database. at /home/user-1/Desktop/My Buuild /gmoproperties/vendor/laravel/framework/src/Illuminate/Database/Connectors/SQLiteConnector.php:34)
[stacktrace]
#0 /home/user-1/Desktop/My Buuild /gmoproperties/vendor/laravel/framework/src/Illuminate/Database/Connectors/ConnectionFactory.php(221): Illuminate\\Database\\Connectors\\SQLiteConnector->connect()
#1 [internal function]: Illuminate\\Database\\Connectors\\ConnectionFactory->Illuminate\\Database\\Connectors\\{closure}()
#2 /home/user-1/Desktop/My Buuild /gmoproperties/vendor/laravel/framework/src/Illuminate/Database/Connection.php(1339): call_user_func()
#3 /home/user-1/Desktop/My Buuild /gmoproperties/vendor/laravel/framework/src/Illuminate/Database/Connection.php(581): Illuminate\\Database\\Connection->getPdo()
#4 /home/user-1/Desktop/My Buuild /gmoproperties/vendor/laravel/framework/src/Illuminate/Database/Connection.php(816): Illuminate\\Database\\Connection->Illuminate\\Database\\{closure}()
#5 /home/user-1/Desktop/My Buuild /gmoproperties/vendor/laravel/framework/src/Illuminate/Database/Connection.php(783): Illuminate\\Database\\Connection->runQueryCallback()
#6 /home/user-1/Desktop/My Buuild /gmoproperties/vendor/laravel/framework/src/Illuminate/Database/Connection.php(588): Illuminate\\Database\\Connection->run()
#7 /home/user-1/Desktop/My Buuild /gmoproperties/vendor/laravel/framework/src/Illuminate/Database/Schema/Builder.php(561): Illuminate\\Database\\Connection->statement()
#8 /home/user-1/Desktop/My Buuild /gmoproperties/vendor/laravel/framework/src/Illuminate/Database/SQLiteConnection.php(36): Illuminate\\Database\\Schema\\Builder->enableForeignKeyConstraints()
#9 /home/user-1/Desktop/My Buuild /gmoproperties/vendor/laravel/framework/src/Illuminate/Database/Connectors/ConnectionFactory.php(272): Illuminate\\Database\\SQLiteConnection->__construct()
#10 /home/user-1/Desktop/My Buuild /gmoproperties/vendor/laravel/framework/src/Illuminate/Database/Connectors/ConnectionFactory.php(76): Illuminate\\Database\\Connectors\\ConnectionFactory->createConnection()
#11 /home/user-1/Desktop/My Buuild /gmoproperties/vendor/laravel/framework/src/Illuminate/Database/Connectors/ConnectionFactory.php(50): Illuminate\\Database\\Connectors\\ConnectionFactory->createSingleConnection()
#12 /home/user-1/Desktop/My Buuild /gmoproperties/vendor/laravel/framework/src/Illuminate/Database/DatabaseManager.php(175): Illuminate\\Database\\Connectors\\ConnectionFactory->make()
#13 /home/user-1/Desktop/My Buuild /gmoproperties/vendor/laravel/framework/src/Illuminate/Database/DatabaseManager.php(101): Illuminate\\Database\\DatabaseManager->makeConnection()
#14 /home/user-1/Desktop/My Buuild /gmoproperties/vendor/laravel/framework/src/Illuminate/Database/Eloquent/Model.php(1820): Illuminate\\Database\\DatabaseManager->connection()
#15 /home/user-1/Desktop/My Buuild /gmoproperties/vendor/laravel/framework/src/Illuminate/Database/Eloquent/Model.php(1786): Illuminate\\Database\\Eloquent\\Model::resolveConnection()
#16 /home/user-1/Desktop/My Buuild /gmoproperties/vendor/laravel/framework/src/Illuminate/Database/Eloquent/Model.php(1577): Illuminate\\Database\\Eloquent\\Model->getConnection()
#17 /home/user-1/Desktop/My Buuild /gmoproperties/vendor/laravel/framework/src/Illuminate/Database/Eloquent/Model.php(1496): Illuminate\\Database\\Eloquent\\Model->newBaseQueryBuilder()
#18 /home/user-1/Desktop/My Buuild /gmoproperties/vendor/laravel/framework/src/Illuminate/Database/Eloquent/Model.php(1532): Illuminate\\Database\\Eloquent\\Model->newModelQuery()
#19 /home/user-1/Desktop/My Buuild /gmoproperties/vendor/laravel/framework/src/Illuminate/Database/Eloquent/Model.php(1485): Illuminate\\Database\\Eloquent\\Model->newQueryWithoutScopes()
#20 /home/user-1/Desktop/My Buuild /gmoproperties/vendor/laravel/framework/src/Illuminate/Auth/EloquentUserProvider.php(167): Illuminate\\Database\\Eloquent\\Model->newQuery()
#21 /home/user-1/Desktop/My Buuild /gmoproperties/vendor/laravel/framework/src/Illuminate/Auth/EloquentUserProvider.php(127): Illuminate\\Auth\\EloquentUserProvider->newModelQuery()
#22 /home/user-1/Desktop/My Buuild /gmoproperties/vendor/laravel/framework/src/Illuminate/Auth/SessionGuard.php(381): Illuminate\\Auth\\EloquentUserProvider->retrieveByCredentials()
#23 /home/user-1/Desktop/My Buuild /gmoproperties/vendor/laravel/framework/src/Illuminate/Auth/AuthManager.php(340): Illuminate\\Auth\\SessionGuard->attempt()
#24 /home/user-1/Desktop/My Buuild /gmoproperties/vendor/laravel/framework/src/Illuminate/Support/Facades/Facade.php(355): Illuminate\\Auth\\AuthManager->__call()
#25 /home/user-1/Desktop/My Buuild /gmoproperties/app/Http/Controllers/Auth/LoginController.php(39): Illuminate\\Support\\Facades\\Facade::__callStatic()
#26 /home/user-1/Desktop/My Buuild /gmoproperties/vendor/laravel/framework/src/Illuminate/Routing/ControllerDispatcher.php(46): App\\Http\\Controllers\\Auth\\LoginController->login()
#27 /home/user-1/Desktop/My Buuild /gmoproperties/vendor/laravel/framework/src/Illuminate/Routing/Route.php(260): Illuminate\\Routing\\ControllerDispatcher->dispatch()
#28 /home/user-1/Desktop/My Buuild /gmoproperties/vendor/laravel/framework/src/Illuminate/Routing/Route.php(205): Illuminate\\Routing\\Route->runController()
#29 /home/user-1/Desktop/My Buuild /gmoproperties/vendor/laravel/framework/src/Illuminate/Routing/Router.php(806): Illuminate\\Routing\\Route->run()
#30 /home/user-1/Desktop/My Buuild /gmoproperties/vendor/laravel/framework/src/Illuminate/Pipeline/Pipeline.php(144): Illuminate\\Routing\\Router->Illuminate\\Routing\\{closure}()
#31 /home/user-1/Desktop/My Buuild /gmoproperties/app/Http/Middleware/RedirectIfAuthenticated.php(46): Illuminate\\Pipeline\\Pipeline->Illuminate\\Pipeline\\{closure}()
#32 /home/user-1/Desktop/My Buuild /gmoproperties/vendor/laravel/framework/src/Illuminate/Pipeline/Pipeline.php(183): App\\Http\\Middleware\\RedirectIfAuthenticated->handle()
#33 /home/user-1/Desktop/My Buuild /gmoproperties/vendor/laravel/framework/src/Illuminate/Routing/Middleware/SubstituteBindings.php(50): Illuminate\\Pipeline\\Pipeline->Illuminate\\Pipeline\\{closure}()
#34 /home/user-1/Desktop/My Buuild /gmoproperties/vendor/laravel/framework/src/Illuminate/Pipeline/Pipeline.php(183): Illuminate\\Routing\\Middleware\\SubstituteBindings->handle()
#35 /home/user-1/Desktop/My Buuild /gmoproperties/vendor/laravel/framework/src/Illuminate/Foundation/Http/Middleware/VerifyCsrfToken.php(78): Illuminate\\Pipeline\\Pipeline->Illuminate\\Pipeline\\{closure}()
#36 /home/user-1/Desktop/My Buuild /gmoproperties/vendor/laravel/framework/src/Illuminate/Pipeline/Pipeline.php(183): Illuminate\\Foundation\\Http\\Middleware\\VerifyCsrfToken->handle()
#37 /home/user-1/Desktop/My Buuild /gmoproperties/vendor/laravel/framework/src/Illuminate/View/Middleware/ShareErrorsFromSession.php(49): Illuminate\\Pipeline\\Pipeline->Illuminate\\Pipeline\\{closure}()
#38 /home/user-1/Desktop/My Buuild /gmoproperties/vendor/laravel/framework/src/Illuminate/Pipeline/Pipeline.php(183): Illuminate\\View\\Middleware\\ShareErrorsFromSession->handle()
#39 /home/user-1/Desktop/My Buuild /gmoproperties/vendor/laravel/framework/src/Illuminate/Session/Middleware/StartSession.php(121): Illuminate\\Pipeline\\Pipeline->Illuminate\\Pipeline\\{closure}()
#40 /home/user-1/Desktop/My Buuild /gmoproperties/vendor/laravel/framework/src/Illuminate/Session/Middleware/StartSession.php(64): Illuminate\\Session\\Middleware\\StartSession->handleStatefulRequest()
#41 /home/user-1/Desktop/My Buuild /gmoproperties/vendor/laravel/framework/src/Illuminate/Pipeline/Pipeline.php(183): Illuminate\\Session\\Middleware\\StartSession->handle()
#42 /home/user-1/Desktop/My Buuild /gmoproperties/vendor/laravel/framework/src/Illuminate/Cookie/Middleware/AddQueuedCookiesToResponse.php(37): Illuminate\\Pipeline\\Pipeline->Illuminate\\Pipeline\\{closure}()
#43 /home/user-1/Desktop/My Buuild /gmoproperties/vendor/laravel/framework/src/Illuminate/Pipeline/Pipeline.php(183): Illuminate\\Cookie\\Middleware\\AddQueuedCookiesToResponse->handle()
#44 /home/user-1/Desktop/My Buuild /gmoproperties/vendor/laravel/framework/src/Illuminate/Cookie/Middleware/EncryptCookies.php(67): Illuminate\\Pipeline\\Pipeline->Illuminate\\Pipeline\\{closure}()
#45 /home/user-1/Desktop/My Buuild /gmoproperties/vendor/laravel/framework/src/Illuminate/Pipeline/Pipeline.php(183): Illuminate\\Cookie\\Middleware\\EncryptCookies->handle()
#46 /home/user-1/Desktop/My Buuild /gmoproperties/vendor/laravel/framework/src/Illuminate/Pipeline/Pipeline.php(119): Illuminate\\Pipeline\\Pipeline->Illuminate\\Pipeline\\{closure}()
#47 /home/user-1/Desktop/My Buuild /gmoproperties/vendor/laravel/framework/src/Illuminate/Routing/Router.php(807): Illuminate\\Pipeline\\Pipeline->then()
#48 /home/user-1/Desktop/My Buuild /gmoproperties/vendor/laravel/framework/src/Illuminate/Routing/Router.php(784): Illuminate\\Routing\\Router->runRouteWithinStack()
#49 /home/user-1/Desktop/My Buuild /gmoproperties/vendor/laravel/framework/src/Illuminate/Routing/Router.php(748): Illuminate\\Routing\\Router->runRoute()
#50 /home/user-1/Desktop/My Buuild /gmoproperties/vendor/laravel/framework/src/Illuminate/Routing/Router.php(737): Illuminate\\Routing\\Router->dispatchToRoute()
#51 /home/user-1/Desktop/My Buuild /gmoproperties/vendor/laravel/framework/src/Illuminate/Foundation/Http/Kernel.php(200): Illuminate\\Routing\\Router->dispatch()
#52 /home/user-1/Desktop/My Buuild /gmoproperties/vendor/laravel/framework/src/Illuminate/Pipeline/Pipeline.php(144): Illuminate\\Foundation\\Http\\Kernel->Illuminate\\Foundation\\Http\\{closure}()
#53 /home/user-1/Desktop/My Buuild /gmoproperties/vendor/laravel/framework/src/Illuminate/Foundation/Http/Middleware/TransformsRequest.php(21): Illuminate\\Pipeline\\Pipeline->Illuminate\\Pipeline\\{closure}()
#54 /home/user-1/Desktop/My Buuild /gmoproperties/vendor/laravel/framework/src/Illuminate/Foundation/Http/Middleware/ConvertEmptyStringsToNull.php(31): Illuminate\\Foundation\\Http\\Middleware\\TransformsRequest->handle()
#55 /home/user-1/Desktop/My Buuild /gmoproperties/vendor/laravel/framework/src/Illuminate/Pipeline/Pipeline.php(183): Illuminate\\Foundation\\Http\\Middleware\\ConvertEmptyStringsToNull->handle()
#56 /home/user-1/Desktop/My Buuild /gmoproperties/vendor/laravel/framework/src/Illuminate/Foundation/Http/Middleware/TransformsRequest.php(21): Illuminate\\Pipeline\\Pipeline->Illuminate\\Pipeline\\{closure}()
#57 /home/user-1/Desktop/My Buuild /gmoproperties/vendor/laravel/framework/src/Illuminate/Foundation/Http/Middleware/TrimStrings.php(40): Illuminate\\Foundation\\Http\\Middleware\\TransformsRequest->handle()
#58 /home/user-1/Desktop/My Buuild /gmoproperties/vendor/laravel/framework/src/Illuminate/Pipeline/Pipeline.php(183): Illuminate\\Foundation\\Http\\Middleware\\TrimStrings->handle()
#59 /home/user-1/Desktop/My Buuild /gmoproperties/vendor/laravel/framework/src/Illuminate/Foundation/Http/Middleware/ValidatePostSize.php(27): Illuminate\\Pipeline\\Pipeline->Illuminate\\Pipeline\\{closure}()
#60 /home/user-1/Desktop/My Buuild /gmoproperties/vendor/laravel/framework/src/Illuminate/Pipeline/Pipeline.php(183): Illuminate\\Foundation\\Http\\Middleware\\ValidatePostSize->handle()
#61 /home/user-1/Desktop/My Buuild /gmoproperties/vendor/laravel/framework/src/Illuminate/Foundation/Http/Middleware/PreventRequestsDuringMaintenance.php(99): Illuminate\\Pipeline\\Pipeline->Illuminate\\Pipeline\\{closure}()
#62 /home/user-1/Desktop/My Buuild /gmoproperties/vendor/laravel/framework/src/Illuminate/Pipeline/Pipeline.php(183): Illuminate\\Foundation\\Http\\Middleware\\PreventRequestsDuringMaintenance->handle()
#63 /home/user-1/Desktop/My Buuild /gmoproperties/vendor/laravel/framework/src/Illuminate/Http/Middleware/HandleCors.php(49): Illuminate\\Pipeline\\Pipeline->Illuminate\\Pipeline\\{closure}()
#64 /home/user-1/Desktop/My Buuild /gmoproperties/vendor/laravel/framework/src/Illuminate/Pipeline/Pipeline.php(183): Illuminate\\Http\\Middleware\\HandleCors->handle()
#65 /home/user-1/Desktop/My Buuild /gmoproperties/vendor/laravel/framework/src/Illuminate/Http/Middleware/TrustProxies.php(39): Illuminate\\Pipeline\\Pipeline->Illuminate\\Pipeline\\{closure}()
#66 /home/user-1/Desktop/My Buuild /gmoproperties/vendor/laravel/framework/src/Illuminate/Pipeline/Pipeline.php(183): Illuminate\\Http\\Middleware\\TrustProxies->handle()
#67 /home/user-1/Desktop/My Buuild /gmoproperties/vendor/laravel/framework/src/Illuminate/Pipeline/Pipeline.php(119): Illuminate\\Pipeline\\Pipeline->Illuminate\\Pipeline\\{closure}()
#68 /home/user-1/Desktop/My Buuild /gmoproperties/vendor/laravel/framework/src/Illuminate/Foundation/Http/Kernel.php(175): Illuminate\\Pipeline\\Pipeline->then()
#69 /home/user-1/Desktop/My Buuild /gmoproperties/vendor/laravel/framework/src/Illuminate/Foundation/Http/Kernel.php(144): Illuminate\\Foundation\\Http\\Kernel->sendRequestThroughRouter()
#70 /home/user-1/Desktop/My Buuild /gmoproperties/public/index.php(48): Illuminate\\Foundation\\Http\\Kernel->handle()
#71 /home/user-1/Desktop/My Buuild /gmoproperties/vendor/laravel/framework/src/Illuminate/Foundation/resources/server.php(16): require_once('...')
#72 {main}
"} 
[2026-02-26 11:07:29] local.ERROR: Target class [role] does not exist. {"userId":1,"exception":"[object] (Illuminate\\Contracts\\Container\\BindingResolutionException(code: 0): Target class [role] does not exist. at /home/user-1/Desktop/My Buuild /gmoproperties/vendor/laravel/framework/src/Illuminate/Container/Container.php:914)
[stacktrace]
#0 /home/user-1/Desktop/My Buuild /gmoproperties/vendor/laravel/framework/src/Illuminate/Container/Container.php(795): Illuminate\\Container\\Container->build()
#1 /home/user-1/Desktop/My Buuild /gmoproperties/vendor/laravel/framework/src/Illuminate/Foundation/Application.php(986): Illuminate\\Container\\Container->resolve()
#2 /home/user-1/Desktop/My Buuild /gmoproperties/vendor/laravel/framework/src/Illuminate/Container/Container.php(731): Illuminate\\Foundation\\Application->resolve()
#3 /home/user-1/Desktop/My Buuild /gmoproperties/vendor/laravel/framework/src/Illuminate/Foundation/Application.php(971): Illuminate\\Container\\Container->make()
#4 /home/user-1/Desktop/My Buuild /gmoproperties/vendor/laravel/framework/src/Illuminate/Pipeline/Pipeline.php(172): Illuminate\\Foundation\\Application->make()
#5 /home/user-1/Desktop/My Buuild /gmoproperties/vendor/laravel/framework/src/Illuminate/Routing/Middleware/SubstituteBindings.php(50): Illuminate\\Pipeline\\Pipeline->Illuminate\\Pipeline\\{closure}()
#6 /home/user-1/Desktop/My Buuild /gmoproperties/vendor/laravel/framework/src/Illuminate/Pipeline/Pipeline.php(183): Illuminate\\Routing\\Middleware\\SubstituteBindings->handle()
#7 /home/user-1/Desktop/My Buuild /gmoproperties/vendor/laravel/framework/src/Illuminate/Auth/Middleware/Authenticate.php(57): Illuminate\\Pipeline\\Pipeline->Illuminate\\Pipeline\\{closure}()
#8 /home/user-1/Desktop/My Buuild /gmoproperties/vendor/laravel/framework/src/Illuminate/Pipeline/Pipeline.php(183): Illuminate\\Auth\\Middleware\\Authenticate->handle()
#9 /home/user-1/Desktop/My Buuild /gmoproperties/vendor/laravel/framework/src/Illuminate/Foundation/Http/Middleware/VerifyCsrfToken.php(78): Illuminate\\Pipeline\\Pipeline->Illuminate\\Pipeline\\{closure}()
#10 /home/user-1/Desktop/My Buuild /gmoproperties/vendor/laravel/framework/src/Illuminate/Pipeline/Pipeline.php(183): Illuminate\\Foundation\\Http\\Middleware\\VerifyCsrfToken->handle()
#11 /home/user-1/Desktop/My Buuild /gmoproperties/vendor/laravel/framework/src/Illuminate/View/Middleware/ShareErrorsFromSession.php(49): Illuminate\\Pipeline\\Pipeline->Illuminate\\Pipeline\\{closure}()
#12 /home/user-1/Desktop/My Buuild /gmoproperties/vendor/laravel/framework/src/Illuminate/Pipeline/Pipeline.php(183): Illuminate\\View\\Middleware\\ShareErrorsFromSession->handle()
#13 /home/user-1/Desktop/My Buuild /gmoproperties/vendor/laravel/framework/src/Illuminate/Session/Middleware/StartSession.php(121): Illuminate\\Pipeline\\Pipeline->Illuminate\\Pipeline\\{closure}()
#14 /home/user-1/Desktop/My Buuild /gmoproperties/vendor/laravel/framework/src/Illuminate/Session/Middleware/StartSession.php(64): Illuminate\\Session\\Middleware\\StartSession->handleStatefulRequest()
#15 /home/user-1/Desktop/My Buuild /gmoproperties/vendor/laravel/framework/src/Illuminate/Pipeline/Pipeline.php(183): Illuminate\\Session\\Middleware\\StartSession->handle()
#16 /home/user-1/Desktop/My Buuild /gmoproperties/vendor/laravel/framework/src/Illuminate/Cookie/Middleware/AddQueuedCookiesToResponse.php(37): Illuminate\\Pipeline\\Pipeline->Illuminate\\Pipeline\\{closure}()
#17 /home/user-1/Desktop/My Buuild /gmoproperties/vendor/laravel/framework/src/Illuminate/Pipeline/Pipeline.php(183): Illuminate\\Cookie\\Middleware\\AddQueuedCookiesToResponse->handle()
#18 /home/user-1/Desktop/My Buuild /gmoproperties/vendor/laravel/framework/src/Illuminate/Cookie/Middleware/EncryptCookies.php(67): Illuminate\\Pipeline\\Pipeline->Illuminate\\Pipeline\\{closure}()
#19 /home/user-1/Desktop/My Buuild /gmoproperties/vendor/laravel/framework/src/Illuminate/Pipeline/Pipeline.php(183): Illuminate\\Cookie\\Middleware\\EncryptCookies->handle()
#20 /home/user-1/Desktop/My Buuild /gmoproperties/vendor/laravel/framework/src/Illuminate/Pipeline/Pipeline.php(119): Illuminate\\Pipeline\\Pipeline->Illuminate\\Pipeline\\{closure}()
#21 /home/user-1/Desktop/My Buuild /gmoproperties/vendor/laravel/framework/src/Illuminate/Routing/Router.php(807): Illuminate\\Pipeline\\Pipeline->then()
#22 /home/user-1/Desktop/My Buuild /gmoproperties/vendor/laravel/framework/src/Illuminate/Routing/Router.php(784): Illuminate\\Routing\\Router->runRouteWithinStack()
#23 /home/user-1/Desktop/My Buuild /gmoproperties/vendor/laravel/framework/src/Illuminate/Routing/Router.php(748): Illuminate\\Routing\\Router->runRoute()
#24 /home/user-1/Desktop/My Buuild /gmoproperties/vendor/laravel/framework/src/Illuminate/Routing/Router.php(737): Illuminate\\Routing\\Router->dispatchToRoute()
#25 /home/user-1/Desktop/My Buuild /gmoproperties/vendor/laravel/framework/src/Illuminate/Foundation/Http/Kernel.php(200): Illuminate\\Routing\\Router->dispatch()
#26 /home/user-1/Desktop/My Buuild /gmoproperties/vendor/laravel/framework/src/Illuminate/Pipeline/Pipeline.php(144): Illuminate\\Foundation\\Http\\Kernel->Illuminate\\Foundation\\Http\\{closure}()
#27 /home/user-1/Desktop/My Buuild /gmoproperties/vendor/laravel/framework/src/Illuminate/Foundation/Http/Middleware/TransformsRequest.php(21): Illuminate\\Pipeline\\Pipeline->Illuminate\\Pipeline\\{closure}()
#28 /home/user-1/Desktop/My Buuild /gmoproperties/vendor/laravel/framework/src/Illuminate/Foundation/Http/Middleware/ConvertEmptyStringsToNull.php(31): Illuminate\\Foundation\\Http\\Middleware\\TransformsRequest->handle()
#29 /home/user-1/Desktop/My Buuild /gmoproperties/vendor/laravel/framework/src/Illuminate/Pipeline/Pipeline.php(183): Illuminate\\Foundation\\Http\\Middleware\\ConvertEmptyStringsToNull->handle()
#30 /home/user-1/Desktop/My Buuild /gmoproperties/vendor/laravel/framework/src/Illuminate/Foundation/Http/Middleware/TransformsRequest.php(21): Illuminate\\Pipeline\\Pipeline->Illuminate\\Pipeline\\{closure}()
#31 /home/user-1/Desktop/My Buuild /gmoproperties/vendor/laravel/framework/src/Illuminate/Foundation/Http/Middleware/TrimStrings.php(40): Illuminate\\Foundation\\Http\\Middleware\\TransformsRequest->handle()
#32 /home/user-1/Desktop/My Buuild /gmoproperties/vendor/laravel/framework/src/Illuminate/Pipeline/Pipeline.php(183): Illuminate\\Foundation\\Http\\Middleware\\TrimStrings->handle()
#33 /home/user-1/Desktop/My Buuild /gmoproperties/vendor/laravel/framework/src/Illuminate/Foundation/Http/Middleware/ValidatePostSize.php(27): Illuminate\\Pipeline\\Pipeline->Illuminate\\Pipeline\\{closure}()
#34 /home/user-1/Desktop/My Buuild /gmoproperties/vendor/laravel/framework/src/Illuminate/Pipeline/Pipeline.php(183): Illuminate\\Foundation\\Http\\Middleware\\ValidatePostSize->handle()
#35 /home/user-1/Desktop/My Buuild /gmoproperties/vendor/laravel/framework/src/Illuminate/Foundation/Http/Middleware/PreventRequestsDuringMaintenance.php(99): Illuminate\\Pipeline\\Pipeline->Illuminate\\Pipeline\\{closure}()
#36 /home/user-1/Desktop/My Buuild /gmoproperties/vendor/laravel/framework/src/Illuminate/Pipeline/Pipeline.php(183): Illuminate\\Foundation\\Http\\Middleware\\PreventRequestsDuringMaintenance->handle()
#37 /home/user-1/Desktop/My Buuild /gmoproperties/vendor/laravel/framework/src/Illuminate/Http/Middleware/HandleCors.php(49): Illuminate\\Pipeline\\Pipeline->Illuminate\\Pipeline\\{closure}()
#38 /home/user-1/Desktop/My Buuild /gmoproperties/vendor/laravel/framework/src/Illuminate/Pipeline/Pipeline.php(183): Illuminate\\Http\\Middleware\\HandleCors->handle()
#39 /home/user-1/Desktop/My Buuild /gmoproperties/vendor/laravel/framework/src/Illuminate/Http/Middleware/TrustProxies.php(39): Illuminate\\Pipeline\\Pipeline->Illuminate\\Pipeline\\{closure}()
#40 /home/user-1/Desktop/My Buuild /gmoproperties/vendor/laravel/framework/src/Illuminate/Pipeline/Pipeline.php(183): Illuminate\\Http\\Middleware\\TrustProxies->handle()
#41 /home/user-1/Desktop/My Buuild /gmoproperties/vendor/laravel/framework/src/Illuminate/Pipeline/Pipeline.php(119): Illuminate\\Pipeline\\Pipeline->Illuminate\\Pipeline\\{closure}()
#42 /home/user-1/Desktop/My Buuild /gmoproperties/vendor/laravel/framework/src/Illuminate/Foundation/Http/Kernel.php(175): Illuminate\\Pipeline\\Pipeline->then()
#43 /home/user-1/Desktop/My Buuild /gmoproperties/vendor/laravel/framework/src/Illuminate/Foundation/Http/Kernel.php(144): Illuminate\\Foundation\\Http\\Kernel->sendRequestThroughRouter()
#44 /home/user-1/Desktop/My Buuild /gmoproperties/public/index.php(48): Illuminate\\Foundation\\Http\\Kernel->handle()
#45 /home/user-1/Desktop/My Buuild /gmoproperties/vendor/laravel/framework/src/Illuminate/Foundation/resources/server.php(16): require_once('...')
#46 {main}

[previous exception] [object] (ReflectionException(code: -1): Class \"role\" does not exist at /home/user-1/Desktop/My Buuild /gmoproperties/vendor/laravel/framework/src/Illuminate/Container/Container.php:912)
[stacktrace]
#0 /home/user-1/Desktop/My Buuild /gmoproperties/vendor/laravel/framework/src/Illuminate/Container/Container.php(912): ReflectionClass->__construct()
#1 /home/user-1/Desktop/My Buuild /gmoproperties/vendor/laravel/framework/src/Illuminate/Container/Container.php(795): Illuminate\\Container\\Container->build()
#2 /home/user-1/Desktop/My Buuild /gmoproperties/vendor/laravel/framework/src/Illuminate/Foundation/Application.php(986): Illuminate\\Container\\Container->resolve()
#3 /home/user-1/Desktop/My Buuild /gmoproperties/vendor/laravel/framework/src/Illuminate/Container/Container.php(731): Illuminate\\Foundation\\Application->resolve()
#4 /home/user-1/Desktop/My Buuild /gmoproperties/vendor/laravel/framework/src/Illuminate/Foundation/Application.php(971): Illuminate\\Container\\Container->make()
#5 /home/user-1/Desktop/My Buuild /gmoproperties/vendor/laravel/framework/src/Illuminate/Pipeline/Pipeline.php(172): Illuminate\\Foundation\\Application->make()
#6 /home/user-1/Desktop/My Buuild /gmoproperties/vendor/laravel/framework/src/Illuminate/Routing/Middleware/SubstituteBindings.php(50): Illuminate\\Pipeline\\Pipeline->Illuminate\\Pipeline\\{closure}()
#7 /home/user-1/Desktop/My Buuild /gmoproperties/vendor/laravel/framework/src/Illuminate/Pipeline/Pipeline.php(183): Illuminate\\Routing\\Middleware\\SubstituteBindings->handle()
#8 /home/user-1/Desktop/My Buuild /gmoproperties/vendor/laravel/framework/src/Illuminate/Auth/Middleware/Authenticate.php(57): Illuminate\\Pipeline\\Pipeline->Illuminate\\Pipeline\\{closure}()
#9 /home/user-1/Desktop/My Buuild /gmoproperties/vendor/laravel/framework/src/Illuminate/Pipeline/Pipeline.php(183): Illuminate\\Auth\\Middleware\\Authenticate->handle()
#10 /home/user-1/Desktop/My Buuild /gmoproperties/vendor/laravel/framework/src/Illuminate/Foundation/Http/Middleware/VerifyCsrfToken.php(78): Illuminate\\Pipeline\\Pipeline->Illuminate\\Pipeline\\{closure}()
#11 /home/user-1/Desktop/My Buuild /gmoproperties/vendor/laravel/framework/src/Illuminate/Pipeline/Pipeline.php(183): Illuminate\\Foundation\\Http\\Middleware\\VerifyCsrfToken->handle()
#12 /home/user-1/Desktop/My Buuild /gmoproperties/vendor/laravel/framework/src/Illuminate/View/Middleware/ShareErrorsFromSession.php(49): Illuminate\\Pipeline\\Pipeline->Illuminate\\Pipeline\\{closure}()
#13 /home/user-1/Desktop/My Buuild /gmoproperties/vendor/laravel/framework/src/Illuminate/Pipeline/Pipeline.php(183): Illuminate\\View\\Middleware\\ShareErrorsFromSession->handle()
#14 /home/user-1/Desktop/My Buuild /gmoproperties/vendor/laravel/framework/src/Illuminate/Session/Middleware/StartSession.php(121): Illuminate\\Pipeline\\Pipeline->Illuminate\\Pipeline\\{closure}()
#15 /home/user-1/Desktop/My Buuild /gmoproperties/vendor/laravel/framework/src/Illuminate/Session/Middleware/StartSession.php(64): Illuminate\\Session\\Middleware\\StartSession->handleStatefulRequest()
#16 /home/user-1/Desktop/My Buuild /gmoproperties/vendor/laravel/framework/src/Illuminate/Pipeline/Pipeline.php(183): Illuminate\\Session\\Middleware\\StartSession->handle()
#17 /home/user-1/Desktop/My Buuild /gmoproperties/vendor/laravel/framework/src/Illuminate/Cookie/Middleware/AddQueuedCookiesToResponse.php(37): Illuminate\\Pipeline\\Pipeline->Illuminate\\Pipeline\\{closure}()
#18 /home/user-1/Desktop/My Buuild /gmoproperties/vendor/laravel/framework/src/Illuminate/Pipeline/Pipeline.php(183): Illuminate\\Cookie\\Middleware\\AddQueuedCookiesToResponse->handle()
#19 /home/user-1/Desktop/My Buuild /gmoproperties/vendor/laravel/framework/src/Illuminate/Cookie/Middleware/EncryptCookies.php(67): Illuminate\\Pipeline\\Pipeline->Illuminate\\Pipeline\\{closure}()
#20 /home/user-1/Desktop/My Buuild /gmoproperties/vendor/laravel/framework/src/Illuminate/Pipeline/Pipeline.php(183): Illuminate\\Cookie\\Middleware\\EncryptCookies->handle()
#21 /home/user-1/Desktop/My Buuild /gmoproperties/vendor/laravel/framework/src/Illuminate/Pipeline/Pipeline.php(119): Illuminate\\Pipeline\\Pipeline->Illuminate\\Pipeline\\{closure}()
#22 /home/user-1/Desktop/My Buuild /gmoproperties/vendor/laravel/framework/src/Illuminate/Routing/Router.php(807): Illuminate\\Pipeline\\Pipeline->then()
#23 /home/user-1/Desktop/My Buuild /gmoproperties/vendor/laravel/framework/src/Illuminate/Routing/Router.php(784): Illuminate\\Routing\\Router->runRouteWithinStack()
#24 /home/user-1/Desktop/My Buuild /gmoproperties/vendor/laravel/framework/src/Illuminate/Routing/Router.php(748): Illuminate\\Routing\\Router->runRoute()
#25 /home/user-1/Desktop/My Buuild /gmoproperties/vendor/laravel/framework/src/Illuminate/Routing/Router.php(737): Illuminate\\Routing\\Router->dispatchToRoute()
#26 /home/user-1/Desktop/My Buuild /gmoproperties/vendor/laravel/framework/src/Illuminate/Foundation/Http/Kernel.php(200): Illuminate\\Routing\\Router->dispatch()
#27 /home/user-1/Desktop/My Buuild /gmoproperties/vendor/laravel/framework/src/Illuminate/Pipeline/Pipeline.php(144): Illuminate\\Foundation\\Http\\Kernel->Illuminate\\Foundation\\Http\\{closure}()
#28 /home/user-1/Desktop/My Buuild /gmoproperties/vendor/laravel/framework/src/Illuminate/Foundation/Http/Middleware/TransformsRequest.php(21): Illuminate\\Pipeline\\Pipeline->Illuminate\\Pipeline\\{closure}()
#29 /home/user-1/Desktop/My Buuild /gmoproperties/vendor/laravel/framework/src/Illuminate/Foundation/Http/Middleware/ConvertEmptyStringsToNull.php(31): Illuminate\\Foundation\\Http\\Middleware\\TransformsRequest->handle()
#30 /home/user-1/Desktop/My Buuild /gmoproperties/vendor/laravel/framework/src/Illuminate/Pipeline/Pipeline.php(183): Illuminate\\Foundation\\Http\\Middleware\\ConvertEmptyStringsToNull->handle()
#31 /home/user-1/Desktop/My Buuild /gmoproperties/vendor/laravel/framework/src/Illuminate/Foundation/Http/Middleware/TransformsRequest.php(21): Illuminate\\Pipeline\\Pipeline->Illuminate\\Pipeline\\{closure}()
#32 /home/user-1/Desktop/My Buuild /gmoproperties/vendor/laravel/framework/src/Illuminate/Foundation/Http/Middleware/TrimStrings.php(40): Illuminate\\Foundation\\Http\\Middleware\\TransformsRequest->handle()
#33 /home/user-1/Desktop/My Buuild /gmoproperties/vendor/laravel/framework/src/Illuminate/Pipeline/Pipeline.php(183): Illuminate\\Foundation\\Http\\Middleware\\TrimStrings->handle()
#34 /home/user-1/Desktop/My Buuild /gmoproperties/vendor/laravel/framework/src/Illuminate/Foundation/Http/Middleware/ValidatePostSize.php(27): Illuminate\\Pipeline\\Pipeline->Illuminate\\Pipeline\\{closure}()
#35 /home/user-1/Desktop/My Buuild /gmoproperties/vendor/laravel/framework/src/Illuminate/Pipeline/Pipeline.php(183): Illuminate\\Foundation\\Http\\Middleware\\ValidatePostSize->handle()
#36 /home/user-1/Desktop/My Buuild /gmoproperties/vendor/laravel/framework/src/Illuminate/Foundation/Http/Middleware/PreventRequestsDuringMaintenance.php(99): Illuminate\\Pipeline\\Pipeline->Illuminate\\Pipeline\\{closure}()
#37 /home/user-1/Desktop/My Buuild /gmoproperties/vendor/laravel/framework/src/Illuminate/Pipeline/Pipeline.php(183): Illuminate\\Foundation\\Http\\Middleware\\PreventRequestsDuringMaintenance->handle()
#38 /home/user-1/Desktop/My Buuild /gmoproperties/vendor/laravel/framework/src/Illuminate/Http/Middleware/HandleCors.php(49): Illuminate\\Pipeline\\Pipeline->Illuminate\\Pipeline\\{closure}()
#39 /home/user-1/Desktop/My Buuild /gmoproperties/vendor/laravel/framework/src/Illuminate/Pipeline/Pipeline.php(183): Illuminate\\Http\\Middleware\\HandleCors->handle()
#40 /home/user-1/Desktop/My Buuild /gmoproperties/vendor/laravel/framework/src/Illuminate/Http/Middleware/TrustProxies.php(39): Illuminate\\Pipeline\\Pipeline->Illuminate\\Pipeline\\{closure}()
#41 /home/user-1/Desktop/My Buuild /gmoproperties/vendor/laravel/framework/src/Illuminate/Pipeline/Pipeline.php(183): Illuminate\\Http\\Middleware\\TrustProxies->handle()
#42 /home/user-1/Desktop/My Buuild /gmoproperties/vendor/laravel/framework/src/Illuminate/Pipeline/Pipeline.php(119): Illuminate\\Pipeline\\Pipeline->Illuminate\\Pipeline\\{closure}()
#43 /home/user-1/Desktop/My Buuild /gmoproperties/vendor/laravel/framework/src/Illuminate/Foundation/Http/Kernel.php(175): Illuminate\\Pipeline\\Pipeline->then()
#44 /home/user-1/Desktop/My Buuild /gmoproperties/vendor/laravel/framework/src/Illuminate/Foundation/Http/Kernel.php(144): Illuminate\\Foundation\\Http\\Kernel->sendRequestThroughRouter()
#45 /home/user-1/Desktop/My Buuild /gmoproperties/public/index.php(48): Illuminate\\Foundation\\Http\\Kernel->handle()
#46 /home/user-1/Desktop/My Buuild /gmoproperties/vendor/laravel/framework/src/Illuminate/Foundation/resources/server.php(16): require_once('...')
#47 {main}
"} 
[2026-02-26 11:07:29] local.ERROR: Target class [role] does not exist. {"userId":1,"exception":"[object] (Illuminate\\Contracts\\Container\\BindingResolutionException(code: 0): Target class [role] does not exist. at /home/user-1/Desktop/My Buuild /gmoproperties/vendor/laravel/framework/src/Illuminate/Container/Container.php:914)
[stacktrace]
#0 /home/user-1/Desktop/My Buuild /gmoproperties/vendor/laravel/framework/src/Illuminate/Container/Container.php(795): Illuminate\\Container\\Container->build()
#1 /home/user-1/Desktop/My Buuild /gmoproperties/vendor/laravel/framework/src/Illuminate/Foundation/Application.php(986): Illuminate\\Container\\Container->resolve()
#2 /home/user-1/Desktop/My Buuild /gmoproperties/vendor/laravel/framework/src/Illuminate/Container/Container.php(731): Illuminate\\Foundation\\Application->resolve()
#3 /home/user-1/Desktop/My Buuild /gmoproperties/vendor/laravel/framework/src/Illuminate/Foundation/Application.php(971): Illuminate\\Container\\Container->make()
#4 /home/user-1/Desktop/My Buuild /gmoproperties/vendor/laravel/framework/src/Illuminate/Foundation/Http/Kernel.php(255): Illuminate\\Foundation\\Application->make()
#5 /home/user-1/Desktop/My Buuild /gmoproperties/vendor/laravel/framework/src/Illuminate/Foundation/Http/Kernel.php(213): Illuminate\\Foundation\\Http\\Kernel->terminateMiddleware()
#6 /home/user-1/Desktop/My Buuild /gmoproperties/public/index.php(51): Illuminate\\Foundation\\Http\\Kernel->terminate()
#7 /home/user-1/Desktop/My Buuild /gmoproperties/vendor/laravel/framework/src/Illuminate/Foundation/resources/server.php(16): require_once('...')
#8 {main}

[previous exception] [object] (ReflectionException(code: -1): Class \"role\" does not exist at /home/user-1/Desktop/My Buuild /gmoproperties/vendor/laravel/framework/src/Illuminate/Container/Container.php:912)
[stacktrace]
#0 /home/user-1/Desktop/My Buuild /gmoproperties/vendor/laravel/framework/src/Illuminate/Container/Container.php(912): ReflectionClass->__construct()
#1 /home/user-1/Desktop/My Buuild /gmoproperties/vendor/laravel/framework/src/Illuminate/Container/Container.php(795): Illuminate\\Container\\Container->build()
#2 /home/user-1/Desktop/My Buuild /gmoproperties/vendor/laravel/framework/src/Illuminate/Foundation/Application.php(986): Illuminate\\Container\\Container->resolve()
#3 /home/user-1/Desktop/My Buuild /gmoproperties/vendor/laravel/framework/src/Illuminate/Container/Container.php(731): Illuminate\\Foundation\\Application->resolve()
#4 /home/user-1/Desktop/My Buuild /gmoproperties/vendor/laravel/framework/src/Illuminate/Foundation/Application.php(971): Illuminate\\Container\\Container->make()
#5 /home/user-1/Desktop/My Buuild /gmoproperties/vendor/laravel/framework/src/Illuminate/Foundation/Http/Kernel.php(255): Illuminate\\Foundation\\Application->make()
#6 /home/user-1/Desktop/My Buuild /gmoproperties/vendor/laravel/framework/src/Illuminate/Foundation/Http/Kernel.php(213): Illuminate\\Foundation\\Http\\Kernel->terminateMiddleware()
#7 /home/user-1/Desktop/My Buuild /gmoproperties/public/index.php(51): Illuminate\\Foundation\\Http\\Kernel->terminate()
#8 /home/user-1/Desktop/My Buuild /gmoproperties/vendor/laravel/framework/src/Illuminate/Foundation/resources/server.php(16): require_once('...')
#9 {main}
"} 
[2026-02-26 11:10:51] local.ERROR: Target class [Spatie\Permission\Middlewares\RoleMiddleware] does not exist. {"userId":1,"exception":"[object] (Illuminate\\Contracts\\Container\\BindingResolutionException(code: 0): Target class [Spatie\\Permission\\Middlewares\\RoleMiddleware] does not exist. at /home/user-1/Desktop/My Buuild /gmoproperties/vendor/laravel/framework/src/Illuminate/Container/Container.php:914)
[stacktrace]
#0 /home/user-1/Desktop/My Buuild /gmoproperties/vendor/laravel/framework/src/Illuminate/Container/Container.php(795): Illuminate\\Container\\Container->build()
#1 /home/user-1/Desktop/My Buuild /gmoproperties/vendor/laravel/framework/src/Illuminate/Foundation/Application.php(986): Illuminate\\Container\\Container->resolve()
#2 /home/user-1/Desktop/My Buuild /gmoproperties/vendor/laravel/framework/src/Illuminate/Container/Container.php(731): Illuminate\\Foundation\\Application->resolve()
#3 /home/user-1/Desktop/My Buuild /gmoproperties/vendor/laravel/framework/src/Illuminate/Foundation/Application.php(971): Illuminate\\Container\\Container->make()
#4 /home/user-1/Desktop/My Buuild /gmoproperties/vendor/laravel/framework/src/Illuminate/Pipeline/Pipeline.php(172): Illuminate\\Foundation\\Application->make()
#5 /home/user-1/Desktop/My Buuild /gmoproperties/vendor/laravel/framework/src/Illuminate/Routing/Middleware/SubstituteBindings.php(50): Illuminate\\Pipeline\\Pipeline->Illuminate\\Pipeline\\{closure}()
#6 /home/user-1/Desktop/My Buuild /gmoproperties/vendor/laravel/framework/src/Illuminate/Pipeline/Pipeline.php(183): Illuminate\\Routing\\Middleware\\SubstituteBindings->handle()
#7 /home/user-1/Desktop/My Buuild /gmoproperties/vendor/laravel/framework/src/Illuminate/Auth/Middleware/Authenticate.php(57): Illuminate\\Pipeline\\Pipeline->Illuminate\\Pipeline\\{closure}()
#8 /home/user-1/Desktop/My Buuild /gmoproperties/vendor/laravel/framework/src/Illuminate/Pipeline/Pipeline.php(183): Illuminate\\Auth\\Middleware\\Authenticate->handle()
#9 /home/user-1/Desktop/My Buuild /gmoproperties/vendor/laravel/framework/src/Illuminate/Foundation/Http/Middleware/VerifyCsrfToken.php(78): Illuminate\\Pipeline\\Pipeline->Illuminate\\Pipeline\\{closure}()
#10 /home/user-1/Desktop/My Buuild /gmoproperties/vendor/laravel/framework/src/Illuminate/Pipeline/Pipeline.php(183): Illuminate\\Foundation\\Http\\Middleware\\VerifyCsrfToken->handle()
#11 /home/user-1/Desktop/My Buuild /gmoproperties/vendor/laravel/framework/src/Illuminate/View/Middleware/ShareErrorsFromSession.php(49): Illuminate\\Pipeline\\Pipeline->Illuminate\\Pipeline\\{closure}()
#12 /home/user-1/Desktop/My Buuild /gmoproperties/vendor/laravel/framework/src/Illuminate/Pipeline/Pipeline.php(183): Illuminate\\View\\Middleware\\ShareErrorsFromSession->handle()
#13 /home/user-1/Desktop/My Buuild /gmoproperties/vendor/laravel/framework/src/Illuminate/Session/Middleware/StartSession.php(121): Illuminate\\Pipeline\\Pipeline->Illuminate\\Pipeline\\{closure}()
#14 /home/user-1/Desktop/My Buuild /gmoproperties/vendor/laravel/framework/src/Illuminate/Session/Middleware/StartSession.php(64): Illuminate\\Session\\Middleware\\StartSession->handleStatefulRequest()
#15 /home/user-1/Desktop/My Buuild /gmoproperties/vendor/laravel/framework/src/Illuminate/Pipeline/Pipeline.php(183): Illuminate\\Session\\Middleware\\StartSession->handle()
#16 /home/user-1/Desktop/My Buuild /gmoproperties/vendor/laravel/framework/src/Illuminate/Cookie/Middleware/AddQueuedCookiesToResponse.php(37): Illuminate\\Pipeline\\Pipeline->Illuminate\\Pipeline\\{closure}()
#17 /home/user-1/Desktop/My Buuild /gmoproperties/vendor/laravel/framework/src/Illuminate/Pipeline/Pipeline.php(183): Illuminate\\Cookie\\Middleware\\AddQueuedCookiesToResponse->handle()
#18 /home/user-1/Desktop/My Buuild /gmoproperties/vendor/laravel/framework/src/Illuminate/Cookie/Middleware/EncryptCookies.php(67): Illuminate\\Pipeline\\Pipeline->Illuminate\\Pipeline\\{closure}()
#19 /home/user-1/Desktop/My Buuild /gmoproperties/vendor/laravel/framework/src/Illuminate/Pipeline/Pipeline.php(183): Illuminate\\Cookie\\Middleware\\EncryptCookies->handle()
#20 /home/user-1/Desktop/My Buuild /gmoproperties/vendor/laravel/framework/src/Illuminate/Pipeline/Pipeline.php(119): Illuminate\\Pipeline\\Pipeline->Illuminate\\Pipeline\\{closure}()
#21 /home/user-1/Desktop/My Buuild /gmoproperties/vendor/laravel/framework/src/Illuminate/Routing/Router.php(807): Illuminate\\Pipeline\\Pipeline->then()
#22 /home/user-1/Desktop/My Buuild /gmoproperties/vendor/laravel/framework/src/Illuminate/Routing/Router.php(784): Illuminate\\Routing\\Router->runRouteWithinStack()
#23 /home/user-1/Desktop/My Buuild /gmoproperties/vendor/laravel/framework/src/Illuminate/Routing/Router.php(748): Illuminate\\Routing\\Router->runRoute()
#24 /home/user-1/Desktop/My Buuild /gmoproperties/vendor/laravel/framework/src/Illuminate/Routing/Router.php(737): Illuminate\\Routing\\Router->dispatchToRoute()
#25 /home/user-1/Desktop/My Buuild /gmoproperties/vendor/laravel/framework/src/Illuminate/Foundation/Http/Kernel.php(200): Illuminate\\Routing\\Router->dispatch()
#26 /home/user-1/Desktop/My Buuild /gmoproperties/vendor/laravel/framework/src/Illuminate/Pipeline/Pipeline.php(144): Illuminate\\Foundation\\Http\\Kernel->Illuminate\\Foundation\\Http\\{closure}()
#27 /home/user-1/Desktop/My Buuild /gmoproperties/vendor/laravel/framework/src/Illuminate/Foundation/Http/Middleware/TransformsRequest.php(21): Illuminate\\Pipeline\\Pipeline->Illuminate\\Pipeline\\{closure}()
#28 /home/user-1/Desktop/My Buuild /gmoproperties/vendor/laravel/framework/src/Illuminate/Foundation/Http/Middleware/ConvertEmptyStringsToNull.php(31): Illuminate\\Foundation\\Http\\Middleware\\TransformsRequest->handle()
#29 /home/user-1/Desktop/My Buuild /gmoproperties/vendor/laravel/framework/src/Illuminate/Pipeline/Pipeline.php(183): Illuminate\\Foundation\\Http\\Middleware\\ConvertEmptyStringsToNull->handle()
#30 /home/user-1/Desktop/My Buuild /gmoproperties/vendor/laravel/framework/src/Illuminate/Foundation/Http/Middleware/TransformsRequest.php(21): Illuminate\\Pipeline\\Pipeline->Illuminate\\Pipeline\\{closure}()
#31 /home/user-1/Desktop/My Buuild /gmoproperties/vendor/laravel/framework/src/Illuminate/Foundation/Http/Middleware/TrimStrings.php(40): Illuminate\\Foundation\\Http\\Middleware\\TransformsRequest->handle()
#32 /home/user-1/Desktop/My Buuild /gmoproperties/vendor/laravel/framework/src/Illuminate/Pipeline/Pipeline.php(183): Illuminate\\Foundation\\Http\\Middleware\\TrimStrings->handle()
#33 /home/user-1/Desktop/My Buuild /gmoproperties/vendor/laravel/framework/src/Illuminate/Foundation/Http/Middleware/ValidatePostSize.php(27): Illuminate\\Pipeline\\Pipeline->Illuminate\\Pipeline\\{closure}()
#34 /home/user-1/Desktop/My Buuild /gmoproperties/vendor/laravel/framework/src/Illuminate/Pipeline/Pipeline.php(183): Illuminate\\Foundation\\Http\\Middleware\\ValidatePostSize->handle()
#35 /home/user-1/Desktop/My Buuild /gmoproperties/vendor/laravel/framework/src/Illuminate/Foundation/Http/Middleware/PreventRequestsDuringMaintenance.php(99): Illuminate\\Pipeline\\Pipeline->Illuminate\\Pipeline\\{closure}()
#36 /home/user-1/Desktop/My Buuild /gmoproperties/vendor/laravel/framework/src/Illuminate/Pipeline/Pipeline.php(183): Illuminate\\Foundation\\Http\\Middleware\\PreventRequestsDuringMaintenance->handle()
#37 /home/user-1/Desktop/My Buuild /gmoproperties/vendor/laravel/framework/src/Illuminate/Http/Middleware/HandleCors.php(49): Illuminate\\Pipeline\\Pipeline->Illuminate\\Pipeline\\{closure}()
#38 /home/user-1/Desktop/My Buuild /gmoproperties/vendor/laravel/framework/src/Illuminate/Pipeline/Pipeline.php(183): Illuminate\\Http\\Middleware\\HandleCors->handle()
#39 /home/user-1/Desktop/My Buuild /gmoproperties/vendor/laravel/framework/src/Illuminate/Http/Middleware/TrustProxies.php(39): Illuminate\\Pipeline\\Pipeline->Illuminate\\Pipeline\\{closure}()
#40 /home/user-1/Desktop/My Buuild /gmoproperties/vendor/laravel/framework/src/Illuminate/Pipeline/Pipeline.php(183): Illuminate\\Http\\Middleware\\TrustProxies->handle()
#41 /home/user-1/Desktop/My Buuild /gmoproperties/vendor/laravel/framework/src/Illuminate/Pipeline/Pipeline.php(119): Illuminate\\Pipeline\\Pipeline->Illuminate\\Pipeline\\{closure}()
#42 /home/user-1/Desktop/My Buuild /gmoproperties/vendor/laravel/framework/src/Illuminate/Foundation/Http/Kernel.php(175): Illuminate\\Pipeline\\Pipeline->then()
#43 /home/user-1/Desktop/My Buuild /gmoproperties/vendor/laravel/framework/src/Illuminate/Foundation/Http/Kernel.php(144): Illuminate\\Foundation\\Http\\Kernel->sendRequestThroughRouter()
#44 /home/user-1/Desktop/My Buuild /gmoproperties/public/index.php(48): Illuminate\\Foundation\\Http\\Kernel->handle()
#45 /home/user-1/Desktop/My Buuild /gmoproperties/vendor/laravel/framework/src/Illuminate/Foundation/resources/server.php(16): require_once('...')
#46 {main}

[previous exception] [object] (ReflectionException(code: -1): Class \"Spatie\\Permission\\Middlewares\\RoleMiddleware\" does not exist at /home/user-1/Desktop/My Buuild /gmoproperties/vendor/laravel/framework/src/Illuminate/Container/Container.php:912)
[stacktrace]
#0 /home/user-1/Desktop/My Buuild /gmoproperties/vendor/laravel/framework/src/Illuminate/Container/Container.php(912): ReflectionClass->__construct()
#1 /home/user-1/Desktop/My Buuild /gmoproperties/vendor/laravel/framework/src/Illuminate/Container/Container.php(795): Illuminate\\Container\\Container->build()
#2 /home/user-1/Desktop/My Buuild /gmoproperties/vendor/laravel/framework/src/Illuminate/Foundation/Application.php(986): Illuminate\\Container\\Container->resolve()
#3 /home/user-1/Desktop/My Buuild /gmoproperties/vendor/laravel/framework/src/Illuminate/Container/Container.php(731): Illuminate\\Foundation\\Application->resolve()
#4 /home/user-1/Desktop/My Buuild /gmoproperties/vendor/laravel/framework/src/Illuminate/Foundation/Application.php(971): Illuminate\\Container\\Container->make()
#5 /home/user-1/Desktop/My Buuild /gmoproperties/vendor/laravel/framework/src/Illuminate/Pipeline/Pipeline.php(172): Illuminate\\Foundation\\Application->make()
#6 /home/user-1/Desktop/My Buuild /gmoproperties/vendor/laravel/framework/src/Illuminate/Routing/Middleware/SubstituteBindings.php(50): Illuminate\\Pipeline\\Pipeline->Illuminate\\Pipeline\\{closure}()
#7 /home/user-1/Desktop/My Buuild /gmoproperties/vendor/laravel/framework/src/Illuminate/Pipeline/Pipeline.php(183): Illuminate\\Routing\\Middleware\\SubstituteBindings->handle()
#8 /home/user-1/Desktop/My Buuild /gmoproperties/vendor/laravel/framework/src/Illuminate/Auth/Middleware/Authenticate.php(57): Illuminate\\Pipeline\\Pipeline->Illuminate\\Pipeline\\{closure}()
#9 /home/user-1/Desktop/My Buuild /gmoproperties/vendor/laravel/framework/src/Illuminate/Pipeline/Pipeline.php(183): Illuminate\\Auth\\Middleware\\Authenticate->handle()
#10 /home/user-1/Desktop/My Buuild /gmoproperties/vendor/laravel/framework/src/Illuminate/Foundation/Http/Middleware/VerifyCsrfToken.php(78): Illuminate\\Pipeline\\Pipeline->Illuminate\\Pipeline\\{closure}()
#11 /home/user-1/Desktop/My Buuild /gmoproperties/vendor/laravel/framework/src/Illuminate/Pipeline/Pipeline.php(183): Illuminate\\Foundation\\Http\\Middleware\\VerifyCsrfToken->handle()
#12 /home/user-1/Desktop/My Buuild /gmoproperties/vendor/laravel/framework/src/Illuminate/View/Middleware/ShareErrorsFromSession.php(49): Illuminate\\Pipeline\\Pipeline->Illuminate\\Pipeline\\{closure}()
#13 /home/user-1/Desktop/My Buuild /gmoproperties/vendor/laravel/framework/src/Illuminate/Pipeline/Pipeline.php(183): Illuminate\\View\\Middleware\\ShareErrorsFromSession->handle()
#14 /home/user-1/Desktop/My Buuild /gmoproperties/vendor/laravel/framework/src/Illuminate/Session/Middleware/StartSession.php(121): Illuminate\\Pipeline\\Pipeline->Illuminate\\Pipeline\\{closure}()
#15 /home/user-1/Desktop/My Buuild /gmoproperties/vendor/laravel/framework/src/Illuminate/Session/Middleware/StartSession.php(64): Illuminate\\Session\\Middleware\\StartSession->handleStatefulRequest()
#16 /home/user-1/Desktop/My Buuild /gmoproperties/vendor/laravel/framework/src/Illuminate/Pipeline/Pipeline.php(183): Illuminate\\Session\\Middleware\\StartSession->handle()
#17 /home/user-1/Desktop/My Buuild /gmoproperties/vendor/laravel/framework/src/Illuminate/Cookie/Middleware/AddQueuedCookiesToResponse.php(37): Illuminate\\Pipeline\\Pipeline->Illuminate\\Pipeline\\{closure}()
#18 /home/user-1/Desktop/My Buuild /gmoproperties/vendor/laravel/framework/src/Illuminate/Pipeline/Pipeline.php(183): Illuminate\\Cookie\\Middleware\\AddQueuedCookiesToResponse->handle()
#19 /home/user-1/Desktop/My Buuild /gmoproperties/vendor/laravel/framework/src/Illuminate/Cookie/Middleware/EncryptCookies.php(67): Illuminate\\Pipeline\\Pipeline->Illuminate\\Pipeline\\{closure}()
#20 /home/user-1/Desktop/My Buuild /gmoproperties/vendor/laravel/framework/src/Illuminate/Pipeline/Pipeline.php(183): Illuminate\\Cookie\\Middleware\\EncryptCookies->handle()
#21 /home/user-1/Desktop/My Buuild /gmoproperties/vendor/laravel/framework/src/Illuminate/Pipeline/Pipeline.php(119): Illuminate\\Pipeline\\Pipeline->Illuminate\\Pipeline\\{closure}()
#22 /home/user-1/Desktop/My Buuild /gmoproperties/vendor/laravel/framework/src/Illuminate/Routing/Router.php(807): Illuminate\\Pipeline\\Pipeline->then()
#23 /home/user-1/Desktop/My Buuild /gmoproperties/vendor/laravel/framework/src/Illuminate/Routing/Router.php(784): Illuminate\\Routing\\Router->runRouteWithinStack()
#24 /home/user-1/Desktop/My Buuild /gmoproperties/vendor/laravel/framework/src/Illuminate/Routing/Router.php(748): Illuminate\\Routing\\Router->runRoute()
#25 /home/user-1/Desktop/My Buuild /gmoproperties/vendor/laravel/framework/src/Illuminate/Routing/Router.php(737): Illuminate\\Routing\\Router->dispatchToRoute()
#26 /home/user-1/Desktop/My Buuild /gmoproperties/vendor/laravel/framework/src/Illuminate/Foundation/Http/Kernel.php(200): Illuminate\\Routing\\Router->dispatch()
#27 /home/user-1/Desktop/My Buuild /gmoproperties/vendor/laravel/framework/src/Illuminate/Pipeline/Pipeline.php(144): Illuminate\\Foundation\\Http\\Kernel->Illuminate\\Foundation\\Http\\{closure}()
#28 /home/user-1/Desktop/My Buuild /gmoproperties/vendor/laravel/framework/src/Illuminate/Foundation/Http/Middleware/TransformsRequest.php(21): Illuminate\\Pipeline\\Pipeline->Illuminate\\Pipeline\\{closure}()
#29 /home/user-1/Desktop/My Buuild /gmoproperties/vendor/laravel/framework/src/Illuminate/Foundation/Http/Middleware/ConvertEmptyStringsToNull.php(31): Illuminate\\Foundation\\Http\\Middleware\\TransformsRequest->handle()
#30 /home/user-1/Desktop/My Buuild /gmoproperties/vendor/laravel/framework/src/Illuminate/Pipeline/Pipeline.php(183): Illuminate\\Foundation\\Http\\Middleware\\ConvertEmptyStringsToNull->handle()
#31 /home/user-1/Desktop/My Buuild /gmoproperties/vendor/laravel/framework/src/Illuminate/Foundation/Http/Middleware/TransformsRequest.php(21): Illuminate\\Pipeline\\Pipeline->Illuminate\\Pipeline\\{closure}()
#32 /home/user-1/Desktop/My Buuild /gmoproperties/vendor/laravel/framework/src/Illuminate/Foundation/Http/Middleware/TrimStrings.php(40): Illuminate\\Foundation\\Http\\Middleware\\TransformsRequest->handle()
#33 /home/user-1/Desktop/My Buuild /gmoproperties/vendor/laravel/framework/src/Illuminate/Pipeline/Pipeline.php(183): Illuminate\\Foundation\\Http\\Middleware\\TrimStrings->handle()
#34 /home/user-1/Desktop/My Buuild /gmoproperties/vendor/laravel/framework/src/Illuminate/Foundation/Http/Middleware/ValidatePostSize.php(27): Illuminate\\Pipeline\\Pipeline->Illuminate\\Pipeline\\{closure}()
#35 /home/user-1/Desktop/My Buuild /gmoproperties/vendor/laravel/framework/src/Illuminate/Pipeline/Pipeline.php(183): Illuminate\\Foundation\\Http\\Middleware\\ValidatePostSize->handle()
#36 /home/user-1/Desktop/My Buuild /gmoproperties/vendor/laravel/framework/src/Illuminate/Foundation/Http/Middleware/PreventRequestsDuringMaintenance.php(99): Illuminate\\Pipeline\\Pipeline->Illuminate\\Pipeline\\{closure}()
#37 /home/user-1/Desktop/My Buuild /gmoproperties/vendor/laravel/framework/src/Illuminate/Pipeline/Pipeline.php(183): Illuminate\\Foundation\\Http\\Middleware\\PreventRequestsDuringMaintenance->handle()
#38 /home/user-1/Desktop/My Buuild /gmoproperties/vendor/laravel/framework/src/Illuminate/Http/Middleware/HandleCors.php(49): Illuminate\\Pipeline\\Pipeline->Illuminate\\Pipeline\\{closure}()
#39 /home/user-1/Desktop/My Buuild /gmoproperties/vendor/laravel/framework/src/Illuminate/Pipeline/Pipeline.php(183): Illuminate\\Http\\Middleware\\HandleCors->handle()
#40 /home/user-1/Desktop/My Buuild /gmoproperties/vendor/laravel/framework/src/Illuminate/Http/Middleware/TrustProxies.php(39): Illuminate\\Pipeline\\Pipeline->Illuminate\\Pipeline\\{closure}()
#41 /home/user-1/Desktop/My Buuild /gmoproperties/vendor/laravel/framework/src/Illuminate/Pipeline/Pipeline.php(183): Illuminate\\Http\\Middleware\\TrustProxies->handle()
#42 /home/user-1/Desktop/My Buuild /gmoproperties/vendor/laravel/framework/src/Illuminate/Pipeline/Pipeline.php(119): Illuminate\\Pipeline\\Pipeline->Illuminate\\Pipeline\\{closure}()
#43 /home/user-1/Desktop/My Buuild /gmoproperties/vendor/laravel/framework/src/Illuminate/Foundation/Http/Kernel.php(175): Illuminate\\Pipeline\\Pipeline->then()
#44 /home/user-1/Desktop/My Buuild /gmoproperties/vendor/laravel/framework/src/Illuminate/Foundation/Http/Kernel.php(144): Illuminate\\Foundation\\Http\\Kernel->sendRequestThroughRouter()
#45 /home/user-1/Desktop/My Buuild /gmoproperties/public/index.php(48): Illuminate\\Foundation\\Http\\Kernel->handle()
#46 /home/user-1/Desktop/My Buuild /gmoproperties/vendor/laravel/framework/src/Illuminate/Foundation/resources/server.php(16): require_once('...')
#47 {main}
"} 
[2026-02-26 11:10:51] local.ERROR: Target class [Spatie\Permission\Middlewares\RoleMiddleware] does not exist. {"userId":1,"exception":"[object] (Illuminate\\Contracts\\Container\\BindingResolutionException(code: 0): Target class [Spatie\\Permission\\Middlewares\\RoleMiddleware] does not exist. at /home/user-1/Desktop/My Buuild /gmoproperties/vendor/laravel/framework/src/Illuminate/Container/Container.php:914)
[stacktrace]
#0 /home/user-1/Desktop/My Buuild /gmoproperties/vendor/laravel/framework/src/Illuminate/Container/Container.php(795): Illuminate\\Container\\Container->build()
#1 /home/user-1/Desktop/My Buuild /gmoproperties/vendor/laravel/framework/src/Illuminate/Foundation/Application.php(986): Illuminate\\Container\\Container->resolve()
#2 /home/user-1/Desktop/My Buuild /gmoproperties/vendor/laravel/framework/src/Illuminate/Container/Container.php(731): Illuminate\\Foundation\\Application->resolve()
#3 /home/user-1/Desktop/My Buuild /gmoproperties/vendor/laravel/framework/src/Illuminate/Foundation/Application.php(971): Illuminate\\Container\\Container->make()
#4 /home/user-1/Desktop/My Buuild /gmoproperties/vendor/laravel/framework/src/Illuminate/Foundation/Http/Kernel.php(255): Illuminate\\Foundation\\Application->make()
#5 /home/user-1/Desktop/My Buuild /gmoproperties/vendor/laravel/framework/src/Illuminate/Foundation/Http/Kernel.php(213): Illuminate\\Foundation\\Http\\Kernel->terminateMiddleware()
#6 /home/user-1/Desktop/My Buuild /gmoproperties/public/index.php(51): Illuminate\\Foundation\\Http\\Kernel->terminate()
#7 /home/user-1/Desktop/My Buuild /gmoproperties/vendor/laravel/framework/src/Illuminate/Foundation/resources/server.php(16): require_once('...')
#8 {main}

[previous exception] [object] (ReflectionException(code: -1): Class \"Spatie\\Permission\\Middlewares\\RoleMiddleware\" does not exist at /home/user-1/Desktop/My Buuild /gmoproperties/vendor/laravel/framework/src/Illuminate/Container/Container.php:912)
[stacktrace]
#0 /home/user-1/Desktop/My Buuild /gmoproperties/vendor/laravel/framework/src/Illuminate/Container/Container.php(912): ReflectionClass->__construct()
#1 /home/user-1/Desktop/My Buuild /gmoproperties/vendor/laravel/framework/src/Illuminate/Container/Container.php(795): Illuminate\\Container\\Container->build()
#2 /home/user-1/Desktop/My Buuild /gmoproperties/vendor/laravel/framework/src/Illuminate/Foundation/Application.php(986): Illuminate\\Container\\Container->resolve()
#3 /home/user-1/Desktop/My Buuild /gmoproperties/vendor/laravel/framework/src/Illuminate/Container/Container.php(731): Illuminate\\Foundation\\Application->resolve()
#4 /home/user-1/Desktop/My Buuild /gmoproperties/vendor/laravel/framework/src/Illuminate/Foundation/Application.php(971): Illuminate\\Container\\Container->make()
#5 /home/user-1/Desktop/My Buuild /gmoproperties/vendor/laravel/framework/src/Illuminate/Foundation/Http/Kernel.php(255): Illuminate\\Foundation\\Application->make()
#6 /home/user-1/Desktop/My Buuild /gmoproperties/vendor/laravel/framework/src/Illuminate/Foundation/Http/Kernel.php(213): Illuminate\\Foundation\\Http\\Kernel->terminateMiddleware()
#7 /home/user-1/Desktop/My Buuild /gmoproperties/public/index.php(51): Illuminate\\Foundation\\Http\\Kernel->terminate()
#8 /home/user-1/Desktop/My Buuild /gmoproperties/vendor/laravel/framework/src/Illuminate/Foundation/resources/server.php(16): require_once('...')
#9 {main}
"} 
[2026-02-26 11:16:06] local.ERROR: Target class [Spatie\Permission\Middlewares\RoleMiddleware] does not exist. {"userId":1,"exception":"[object] (Illuminate\\Contracts\\Container\\BindingResolutionException(code: 0): Target class [Spatie\\Permission\\Middlewares\\RoleMiddleware] does not exist. at /home/user-1/Desktop/My Buuild /gmoproperties/vendor/laravel/framework/src/Illuminate/Container/Container.php:914)
[stacktrace]
#0 /home/user-1/Desktop/My Buuild /gmoproperties/vendor/laravel/framework/src/Illuminate/Container/Container.php(795): Illuminate\\Container\\Container->build()
#1 /home/user-1/Desktop/My Buuild /gmoproperties/vendor/laravel/framework/src/Illuminate/Foundation/Application.php(986): Illuminate\\Container\\Container->resolve()
#2 /home/user-1/Desktop/My Buuild /gmoproperties/vendor/laravel/framework/src/Illuminate/Container/Container.php(731): Illuminate\\Foundation\\Application->resolve()
#3 /home/user-1/Desktop/My Buuild /gmoproperties/vendor/laravel/framework/src/Illuminate/Foundation/Application.php(971): Illuminate\\Container\\Container->make()
#4 /home/user-1/Desktop/My Buuild /gmoproperties/vendor/laravel/framework/src/Illuminate/Pipeline/Pipeline.php(172): Illuminate\\Foundation\\Application->make()
#5 /home/user-1/Desktop/My Buuild /gmoproperties/vendor/laravel/framework/src/Illuminate/Routing/Middleware/SubstituteBindings.php(50): Illuminate\\Pipeline\\Pipeline->Illuminate\\Pipeline\\{closure}()
#6 /home/user-1/Desktop/My Buuild /gmoproperties/vendor/laravel/framework/src/Illuminate/Pipeline/Pipeline.php(183): Illuminate\\Routing\\Middleware\\SubstituteBindings->handle()
#7 /home/user-1/Desktop/My Buuild /gmoproperties/vendor/laravel/framework/src/Illuminate/Auth/Middleware/Authenticate.php(57): Illuminate\\Pipeline\\Pipeline->Illuminate\\Pipeline\\{closure}()
#8 /home/user-1/Desktop/My Buuild /gmoproperties/vendor/laravel/framework/src/Illuminate/Pipeline/Pipeline.php(183): Illuminate\\Auth\\Middleware\\Authenticate->handle()
#9 /home/user-1/Desktop/My Buuild /gmoproperties/vendor/laravel/framework/src/Illuminate/Foundation/Http/Middleware/VerifyCsrfToken.php(78): Illuminate\\Pipeline\\Pipeline->Illuminate\\Pipeline\\{closure}()
#10 /home/user-1/Desktop/My Buuild /gmoproperties/vendor/laravel/framework/src/Illuminate/Pipeline/Pipeline.php(183): Illuminate\\Foundation\\Http\\Middleware\\VerifyCsrfToken->handle()
#11 /home/user-1/Desktop/My Buuild /gmoproperties/vendor/laravel/framework/src/Illuminate/View/Middleware/ShareErrorsFromSession.php(49): Illuminate\\Pipeline\\Pipeline->Illuminate\\Pipeline\\{closure}()
#12 /home/user-1/Desktop/My Buuild /gmoproperties/vendor/laravel/framework/src/Illuminate/Pipeline/Pipeline.php(183): Illuminate\\View\\Middleware\\ShareErrorsFromSession->handle()
#13 /home/user-1/Desktop/My Buuild /gmoproperties/vendor/laravel/framework/src/Illuminate/Session/Middleware/StartSession.php(121): Illuminate\\Pipeline\\Pipeline->Illuminate\\Pipeline\\{closure}()
#14 /home/user-1/Desktop/My Buuild /gmoproperties/vendor/laravel/framework/src/Illuminate/Session/Middleware/StartSession.php(64): Illuminate\\Session\\Middleware\\StartSession->handleStatefulRequest()
#15 /home/user-1/Desktop/My Buuild /gmoproperties/vendor/laravel/framework/src/Illuminate/Pipeline/Pipeline.php(183): Illuminate\\Session\\Middleware\\StartSession->handle()
#16 /home/user-1/Desktop/My Buuild /gmoproperties/vendor/laravel/framework/src/Illuminate/Cookie/Middleware/AddQueuedCookiesToResponse.php(37): Illuminate\\Pipeline\\Pipeline->Illuminate\\Pipeline\\{closure}()
#17 /home/user-1/Desktop/My Buuild /gmoproperties/vendor/laravel/framework/src/Illuminate/Pipeline/Pipeline.php(183): Illuminate\\Cookie\\Middleware\\AddQueuedCookiesToResponse->handle()
#18 /home/user-1/Desktop/My Buuild /gmoproperties/vendor/laravel/framework/src/Illuminate/Cookie/Middleware/EncryptCookies.php(67): Illuminate\\Pipeline\\Pipeline->Illuminate\\Pipeline\\{closure}()
#19 /home/user-1/Desktop/My Buuild /gmoproperties/vendor/laravel/framework/src/Illuminate/Pipeline/Pipeline.php(183): Illuminate\\Cookie\\Middleware\\EncryptCookies->handle()
#20 /home/user-1/Desktop/My Buuild /gmoproperties/vendor/laravel/framework/src/Illuminate/Pipeline/Pipeline.php(119): Illuminate\\Pipeline\\Pipeline->Illuminate\\Pipeline\\{closure}()
#21 /home/user-1/Desktop/My Buuild /gmoproperties/vendor/laravel/framework/src/Illuminate/Routing/Router.php(807): Illuminate\\Pipeline\\Pipeline->then()
#22 /home/user-1/Desktop/My Buuild /gmoproperties/vendor/laravel/framework/src/Illuminate/Routing/Router.php(784): Illuminate\\Routing\\Router->runRouteWithinStack()
#23 /home/user-1/Desktop/My Buuild /gmoproperties/vendor/laravel/framework/src/Illuminate/Routing/Router.php(748): Illuminate\\Routing\\Router->runRoute()
#24 /home/user-1/Desktop/My Buuild /gmoproperties/vendor/laravel/framework/src/Illuminate/Routing/Router.php(737): Illuminate\\Routing\\Router->dispatchToRoute()
#25 /home/user-1/Desktop/My Buuild /gmoproperties/vendor/laravel/framework/src/Illuminate/Foundation/Http/Kernel.php(200): Illuminate\\Routing\\Router->dispatch()
#26 /home/user-1/Desktop/My Buuild /gmoproperties/vendor/laravel/framework/src/Illuminate/Pipeline/Pipeline.php(144): Illuminate\\Foundation\\Http\\Kernel->Illuminate\\Foundation\\Http\\{closure}()
#27 /home/user-1/Desktop/My Buuild /gmoproperties/vendor/laravel/framework/src/Illuminate/Foundation/Http/Middleware/TransformsRequest.php(21): Illuminate\\Pipeline\\Pipeline->Illuminate\\Pipeline\\{closure}()
#28 /home/user-1/Desktop/My Buuild /gmoproperties/vendor/laravel/framework/src/Illuminate/Foundation/Http/Middleware/ConvertEmptyStringsToNull.php(31): Illuminate\\Foundation\\Http\\Middleware\\TransformsRequest->handle()
#29 /home/user-1/Desktop/My Buuild /gmoproperties/vendor/laravel/framework/src/Illuminate/Pipeline/Pipeline.php(183): Illuminate\\Foundation\\Http\\Middleware\\ConvertEmptyStringsToNull->handle()
#30 /home/user-1/Desktop/My Buuild /gmoproperties/vendor/laravel/framework/src/Illuminate/Foundation/Http/Middleware/TransformsRequest.php(21): Illuminate\\Pipeline\\Pipeline->Illuminate\\Pipeline\\{closure}()
#31 /home/user-1/Desktop/My Buuild /gmoproperties/vendor/laravel/framework/src/Illuminate/Foundation/Http/Middleware/TrimStrings.php(40): Illuminate\\Foundation\\Http\\Middleware\\TransformsRequest->handle()
#32 /home/user-1/Desktop/My Buuild /gmoproperties/vendor/laravel/framework/src/Illuminate/Pipeline/Pipeline.php(183): Illuminate\\Foundation\\Http\\Middleware\\TrimStrings->handle()
#33 /home/user-1/Desktop/My Buuild /gmoproperties/vendor/laravel/framework/src/Illuminate/Foundation/Http/Middleware/ValidatePostSize.php(27): Illuminate\\Pipeline\\Pipeline->Illuminate\\Pipeline\\{closure}()
#34 /home/user-1/Desktop/My Buuild /gmoproperties/vendor/laravel/framework/src/Illuminate/Pipeline/Pipeline.php(183): Illuminate\\Foundation\\Http\\Middleware\\ValidatePostSize->handle()
#35 /home/user-1/Desktop/My Buuild /gmoproperties/vendor/laravel/framework/src/Illuminate/Foundation/Http/Middleware/PreventRequestsDuringMaintenance.php(99): Illuminate\\Pipeline\\Pipeline->Illuminate\\Pipeline\\{closure}()
#36 /home/user-1/Desktop/My Buuild /gmoproperties/vendor/laravel/framework/src/Illuminate/Pipeline/Pipeline.php(183): Illuminate\\Foundation\\Http\\Middleware\\PreventRequestsDuringMaintenance->handle()
#37 /home/user-1/Desktop/My Buuild /gmoproperties/vendor/laravel/framework/src/Illuminate/Http/Middleware/HandleCors.php(49): Illuminate\\Pipeline\\Pipeline->Illuminate\\Pipeline\\{closure}()
#38 /home/user-1/Desktop/My Buuild /gmoproperties/vendor/laravel/framework/src/Illuminate/Pipeline/Pipeline.php(183): Illuminate\\Http\\Middleware\\HandleCors->handle()
#39 /home/user-1/Desktop/My Buuild /gmoproperties/vendor/laravel/framework/src/Illuminate/Http/Middleware/TrustProxies.php(39): Illuminate\\Pipeline\\Pipeline->Illuminate\\Pipeline\\{closure}()
#40 /home/user-1/Desktop/My Buuild /gmoproperties/vendor/laravel/framework/src/Illuminate/Pipeline/Pipeline.php(183): Illuminate\\Http\\Middleware\\TrustProxies->handle()
#41 /home/user-1/Desktop/My Buuild /gmoproperties/vendor/laravel/framework/src/Illuminate/Pipeline/Pipeline.php(119): Illuminate\\Pipeline\\Pipeline->Illuminate\\Pipeline\\{closure}()
#42 /home/user-1/Desktop/My Buuild /gmoproperties/vendor/laravel/framework/src/Illuminate/Foundation/Http/Kernel.php(175): Illuminate\\Pipeline\\Pipeline->then()
#43 /home/user-1/Desktop/My Buuild /gmoproperties/vendor/laravel/framework/src/Illuminate/Foundation/Http/Kernel.php(144): Illuminate\\Foundation\\Http\\Kernel->sendRequestThroughRouter()
#44 /home/user-1/Desktop/My Buuild /gmoproperties/public/index.php(48): Illuminate\\Foundation\\Http\\Kernel->handle()
#45 /home/user-1/Desktop/My Buuild /gmoproperties/vendor/laravel/framework/src/Illuminate/Foundation/resources/server.php(16): require_once('...')
#46 {main}

[previous exception] [object] (ReflectionException(code: -1): Class \"Spatie\\Permission\\Middlewares\\RoleMiddleware\" does not exist at /home/user-1/Desktop/My Buuild /gmoproperties/vendor/laravel/framework/src/Illuminate/Container/Container.php:912)
[stacktrace]
#0 /home/user-1/Desktop/My Buuild /gmoproperties/vendor/laravel/framework/src/Illuminate/Container/Container.php(912): ReflectionClass->__construct()
#1 /home/user-1/Desktop/My Buuild /gmoproperties/vendor/laravel/framework/src/Illuminate/Container/Container.php(795): Illuminate\\Container\\Container->build()
#2 /home/user-1/Desktop/My Buuild /gmoproperties/vendor/laravel/framework/src/Illuminate/Foundation/Application.php(986): Illuminate\\Container\\Container->resolve()
#3 /home/user-1/Desktop/My Buuild /gmoproperties/vendor/laravel/framework/src/Illuminate/Container/Container.php(731): Illuminate\\Foundation\\Application->resolve()
#4 /home/user-1/Desktop/My Buuild /gmoproperties/vendor/laravel/framework/src/Illuminate/Foundation/Application.php(971): Illuminate\\Container\\Container->make()
#5 /home/user-1/Desktop/My Buuild /gmoproperties/vendor/laravel/framework/src/Illuminate/Pipeline/Pipeline.php(172): Illuminate\\Foundation\\Application->make()
#6 /home/user-1/Desktop/My Buuild /gmoproperties/vendor/laravel/framework/src/Illuminate/Routing/Middleware/SubstituteBindings.php(50): Illuminate\\Pipeline\\Pipeline->Illuminate\\Pipeline\\{closure}()
#7 /home/user-1/Desktop/My Buuild /gmoproperties/vendor/laravel/framework/src/Illuminate/Pipeline/Pipeline.php(183): Illuminate\\Routing\\Middleware\\SubstituteBindings->handle()
#8 /home/user-1/Desktop/My Buuild /gmoproperties/vendor/laravel/framework/src/Illuminate/Auth/Middleware/Authenticate.php(57): Illuminate\\Pipeline\\Pipeline->Illuminate\\Pipeline\\{closure}()
#9 /home/user-1/Desktop/My Buuild /gmoproperties/vendor/laravel/framework/src/Illuminate/Pipeline/Pipeline.php(183): Illuminate\\Auth\\Middleware\\Authenticate->handle()
#10 /home/user-1/Desktop/My Buuild /gmoproperties/vendor/laravel/framework/src/Illuminate/Foundation/Http/Middleware/VerifyCsrfToken.php(78): Illuminate\\Pipeline\\Pipeline->Illuminate\\Pipeline\\{closure}()
#11 /home/user-1/Desktop/My Buuild /gmoproperties/vendor/laravel/framework/src/Illuminate/Pipeline/Pipeline.php(183): Illuminate\\Foundation\\Http\\Middleware\\VerifyCsrfToken->handle()
#12 /home/user-1/Desktop/My Buuild /gmoproperties/vendor/laravel/framework/src/Illuminate/View/Middleware/ShareErrorsFromSession.php(49): Illuminate\\Pipeline\\Pipeline->Illuminate\\Pipeline\\{closure}()
#13 /home/user-1/Desktop/My Buuild /gmoproperties/vendor/laravel/framework/src/Illuminate/Pipeline/Pipeline.php(183): Illuminate\\View\\Middleware\\ShareErrorsFromSession->handle()
#14 /home/user-1/Desktop/My Buuild /gmoproperties/vendor/laravel/framework/src/Illuminate/Session/Middleware/StartSession.php(121): Illuminate\\Pipeline\\Pipeline->Illuminate\\Pipeline\\{closure}()
#15 /home/user-1/Desktop/My Buuild /gmoproperties/vendor/laravel/framework/src/Illuminate/Session/Middleware/StartSession.php(64): Illuminate\\Session\\Middleware\\StartSession->handleStatefulRequest()
#16 /home/user-1/Desktop/My Buuild /gmoproperties/vendor/laravel/framework/src/Illuminate/Pipeline/Pipeline.php(183): Illuminate\\Session\\Middleware\\StartSession->handle()
#17 /home/user-1/Desktop/My Buuild /gmoproperties/vendor/laravel/framework/src/Illuminate/Cookie/Middleware/AddQueuedCookiesToResponse.php(37): Illuminate\\Pipeline\\Pipeline->Illuminate\\Pipeline\\{closure}()
#18 /home/user-1/Desktop/My Buuild /gmoproperties/vendor/laravel/framework/src/Illuminate/Pipeline/Pipeline.php(183): Illuminate\\Cookie\\Middleware\\AddQueuedCookiesToResponse->handle()
#19 /home/user-1/Desktop/My Buuild /gmoproperties/vendor/laravel/framework/src/Illuminate/Cookie/Middleware/EncryptCookies.php(67): Illuminate\\Pipeline\\Pipeline->Illuminate\\Pipeline\\{closure}()
#20 /home/user-1/Desktop/My Buuild /gmoproperties/vendor/laravel/framework/src/Illuminate/Pipeline/Pipeline.php(183): Illuminate\\Cookie\\Middleware\\EncryptCookies->handle()
#21 /home/user-1/Desktop/My Buuild /gmoproperties/vendor/laravel/framework/src/Illuminate/Pipeline/Pipeline.php(119): Illuminate\\Pipeline\\Pipeline->Illuminate\\Pipeline\\{closure}()
#22 /home/user-1/Desktop/My Buuild /gmoproperties/vendor/laravel/framework/src/Illuminate/Routing/Router.php(807): Illuminate\\Pipeline\\Pipeline->then()
#23 /home/user-1/Desktop/My Buuild /gmoproperties/vendor/laravel/framework/src/Illuminate/Routing/Router.php(784): Illuminate\\Routing\\Router->runRouteWithinStack()
#24 /home/user-1/Desktop/My Buuild /gmoproperties/vendor/laravel/framework/src/Illuminate/Routing/Router.php(748): Illuminate\\Routing\\Router->runRoute()
#25 /home/user-1/Desktop/My Buuild /gmoproperties/vendor/laravel/framework/src/Illuminate/Routing/Router.php(737): Illuminate\\Routing\\Router->dispatchToRoute()
#26 /home/user-1/Desktop/My Buuild /gmoproperties/vendor/laravel/framework/src/Illuminate/Foundation/Http/Kernel.php(200): Illuminate\\Routing\\Router->dispatch()
#27 /home/user-1/Desktop/My Buuild /gmoproperties/vendor/laravel/framework/src/Illuminate/Pipeline/Pipeline.php(144): Illuminate\\Foundation\\Http\\Kernel->Illuminate\\Foundation\\Http\\{closure}()
#28 /home/user-1/Desktop/My Buuild /gmoproperties/vendor/laravel/framework/src/Illuminate/Foundation/Http/Middleware/TransformsRequest.php(21): Illuminate\\Pipeline\\Pipeline->Illuminate\\Pipeline\\{closure}()
#29 /home/user-1/Desktop/My Buuild /gmoproperties/vendor/laravel/framework/src/Illuminate/Foundation/Http/Middleware/ConvertEmptyStringsToNull.php(31): Illuminate\\Foundation\\Http\\Middleware\\TransformsRequest->handle()
#30 /home/user-1/Desktop/My Buuild /gmoproperties/vendor/laravel/framework/src/Illuminate/Pipeline/Pipeline.php(183): Illuminate\\Foundation\\Http\\Middleware\\ConvertEmptyStringsToNull->handle()
#31 /home/user-1/Desktop/My Buuild /gmoproperties/vendor/laravel/framework/src/Illuminate/Foundation/Http/Middleware/TransformsRequest.php(21): Illuminate\\Pipeline\\Pipeline->Illuminate\\Pipeline\\{closure}()
#32 /home/user-1/Desktop/My Buuild /gmoproperties/vendor/laravel/framework/src/Illuminate/Foundation/Http/Middleware/TrimStrings.php(40): Illuminate\\Foundation\\Http\\Middleware\\TransformsRequest->handle()
#33 /home/user-1/Desktop/My Buuild /gmoproperties/vendor/laravel/framework/src/Illuminate/Pipeline/Pipeline.php(183): Illuminate\\Foundation\\Http\\Middleware\\TrimStrings->handle()
#34 /home/user-1/Desktop/My Buuild /gmoproperties/vendor/laravel/framework/src/Illuminate/Foundation/Http/Middleware/ValidatePostSize.php(27): Illuminate\\Pipeline\\Pipeline->Illuminate\\Pipeline\\{closure}()
#35 /home/user-1/Desktop/My Buuild /gmoproperties/vendor/laravel/framework/src/Illuminate/Pipeline/Pipeline.php(183): Illuminate\\Foundation\\Http\\Middleware\\ValidatePostSize->handle()
#36 /home/user-1/Desktop/My Buuild /gmoproperties/vendor/laravel/framework/src/Illuminate/Foundation/Http/Middleware/PreventRequestsDuringMaintenance.php(99): Illuminate\\Pipeline\\Pipeline->Illuminate\\Pipeline\\{closure}()
#37 /home/user-1/Desktop/My Buuild /gmoproperties/vendor/laravel/framework/src/Illuminate/Pipeline/Pipeline.php(183): Illuminate\\Foundation\\Http\\Middleware\\PreventRequestsDuringMaintenance->handle()
#38 /home/user-1/Desktop/My Buuild /gmoproperties/vendor/laravel/framework/src/Illuminate/Http/Middleware/HandleCors.php(49): Illuminate\\Pipeline\\Pipeline->Illuminate\\Pipeline\\{closure}()
#39 /home/user-1/Desktop/My Buuild /gmoproperties/vendor/laravel/framework/src/Illuminate/Pipeline/Pipeline.php(183): Illuminate\\Http\\Middleware\\HandleCors->handle()
#40 /home/user-1/Desktop/My Buuild /gmoproperties/vendor/laravel/framework/src/Illuminate/Http/Middleware/TrustProxies.php(39): Illuminate\\Pipeline\\Pipeline->Illuminate\\Pipeline\\{closure}()
#41 /home/user-1/Desktop/My Buuild /gmoproperties/vendor/laravel/framework/src/Illuminate/Pipeline/Pipeline.php(183): Illuminate\\Http\\Middleware\\TrustProxies->handle()
#42 /home/user-1/Desktop/My Buuild /gmoproperties/vendor/laravel/framework/src/Illuminate/Pipeline/Pipeline.php(119): Illuminate\\Pipeline\\Pipeline->Illuminate\\Pipeline\\{closure}()
#43 /home/user-1/Desktop/My Buuild /gmoproperties/vendor/laravel/framework/src/Illuminate/Foundation/Http/Kernel.php(175): Illuminate\\Pipeline\\Pipeline->then()
#44 /home/user-1/Desktop/My Buuild /gmoproperties/vendor/laravel/framework/src/Illuminate/Foundation/Http/Kernel.php(144): Illuminate\\Foundation\\Http\\Kernel->sendRequestThroughRouter()
#45 /home/user-1/Desktop/My Buuild /gmoproperties/public/index.php(48): Illuminate\\Foundation\\Http\\Kernel->handle()
#46 /home/user-1/Desktop/My Buuild /gmoproperties/vendor/laravel/framework/src/Illuminate/Foundation/resources/server.php(16): require_once('...')
#47 {main}
"} 
[2026-02-26 11:16:06] local.ERROR: Target class [Spatie\Permission\Middlewares\RoleMiddleware] does not exist. {"userId":1,"exception":"[object] (Illuminate\\Contracts\\Container\\BindingResolutionException(code: 0): Target class [Spatie\\Permission\\Middlewares\\RoleMiddleware] does not exist. at /home/user-1/Desktop/My Buuild /gmoproperties/vendor/laravel/framework/src/Illuminate/Container/Container.php:914)
[stacktrace]
#0 /home/user-1/Desktop/My Buuild /gmoproperties/vendor/laravel/framework/src/Illuminate/Container/Container.php(795): Illuminate\\Container\\Container->build()
#1 /home/user-1/Desktop/My Buuild /gmoproperties/vendor/laravel/framework/src/Illuminate/Foundation/Application.php(986): Illuminate\\Container\\Container->resolve()
#2 /home/user-1/Desktop/My Buuild /gmoproperties/vendor/laravel/framework/src/Illuminate/Container/Container.php(731): Illuminate\\Foundation\\Application->resolve()
#3 /home/user-1/Desktop/My Buuild /gmoproperties/vendor/laravel/framework/src/Illuminate/Foundation/Application.php(971): Illuminate\\Container\\Container->make()
#4 /home/user-1/Desktop/My Buuild /gmoproperties/vendor/laravel/framework/src/Illuminate/Foundation/Http/Kernel.php(255): Illuminate\\Foundation\\Application->make()
#5 /home/user-1/Desktop/My Buuild /gmoproperties/vendor/laravel/framework/src/Illuminate/Foundation/Http/Kernel.php(213): Illuminate\\Foundation\\Http\\Kernel->terminateMiddleware()
#6 /home/user-1/Desktop/My Buuild /gmoproperties/public/index.php(51): Illuminate\\Foundation\\Http\\Kernel->terminate()
#7 /home/user-1/Desktop/My Buuild /gmoproperties/vendor/laravel/framework/src/Illuminate/Foundation/resources/server.php(16): require_once('...')
#8 {main}

[previous exception] [object] (ReflectionException(code: -1): Class \"Spatie\\Permission\\Middlewares\\RoleMiddleware\" does not exist at /home/user-1/Desktop/My Buuild /gmoproperties/vendor/laravel/framework/src/Illuminate/Container/Container.php:912)
[stacktrace]
#0 /home/user-1/Desktop/My Buuild /gmoproperties/vendor/laravel/framework/src/Illuminate/Container/Container.php(912): ReflectionClass->__construct()
#1 /home/user-1/Desktop/My Buuild /gmoproperties/vendor/laravel/framework/src/Illuminate/Container/Container.php(795): Illuminate\\Container\\Container->build()
#2 /home/user-1/Desktop/My Buuild /gmoproperties/vendor/laravel/framework/src/Illuminate/Foundation/Application.php(986): Illuminate\\Container\\Container->resolve()
#3 /home/user-1/Desktop/My Buuild /gmoproperties/vendor/laravel/framework/src/Illuminate/Container/Container.php(731): Illuminate\\Foundation\\Application->resolve()
#4 /home/user-1/Desktop/My Buuild /gmoproperties/vendor/laravel/framework/src/Illuminate/Foundation/Application.php(971): Illuminate\\Container\\Container->make()
#5 /home/user-1/Desktop/My Buuild /gmoproperties/vendor/laravel/framework/src/Illuminate/Foundation/Http/Kernel.php(255): Illuminate\\Foundation\\Application->make()
#6 /home/user-1/Desktop/My Buuild /gmoproperties/vendor/laravel/framework/src/Illuminate/Foundation/Http/Kernel.php(213): Illuminate\\Foundation\\Http\\Kernel->terminateMiddleware()
#7 /home/user-1/Desktop/My Buuild /gmoproperties/public/index.php(51): Illuminate\\Foundation\\Http\\Kernel->terminate()
#8 /home/user-1/Desktop/My Buuild /gmoproperties/vendor/laravel/framework/src/Illuminate/Foundation/resources/server.php(16): require_once('...')
#9 {main}
"} 
[2026-02-26 13:21:51] local.ERROR: SQLSTATE[23000]: Integrity constraint violation: 19 CHECK constraint failed: property_type (Connection: sqlite, SQL: insert into "buildings" ("company_id", "code", "name", "address", "city", "province", "postal_code", "property_type", "total_units", "occupied_units", "is_active", "updated_at", "created_at") values (1, PP-001, Sunset Apartments, 456 Ocean Drive, Cape Town, Western Cape, 8001, apartment, 20, 5, 1, 2026-02-26 13:21:51, 2026-02-26 13:21:51)) {"exception":"[object] (Illuminate\\Database\\QueryException(code: 23000): SQLSTATE[23000]: Integrity constraint violation: 19 CHECK constraint failed: property_type (Connection: sqlite, SQL: insert into \"buildings\" (\"company_id\", \"code\", \"name\", \"address\", \"city\", \"province\", \"postal_code\", \"property_type\", \"total_units\", \"occupied_units\", \"is_active\", \"updated_at\", \"created_at\") values (1, PP-001, Sunset Apartments, 456 Ocean Drive, Cape Town, Western Cape, 8001, apartment, 20, 5, 1, 2026-02-26 13:21:51, 2026-02-26 13:21:51)) at /home/user-1/Desktop/My Buuild /gmoproperties/vendor/laravel/framework/src/Illuminate/Database/Connection.php:829)
[stacktrace]
#0 /home/user-1/Desktop/My Buuild /gmoproperties/vendor/laravel/framework/src/Illuminate/Database/Connection.php(783): Illuminate\\Database\\Connection->runQueryCallback()
#1 /home/user-1/Desktop/My Buuild /gmoproperties/vendor/laravel/framework/src/Illuminate/Database/Connection.php(588): Illuminate\\Database\\Connection->run()
#2 /home/user-1/Desktop/My Buuild /gmoproperties/vendor/laravel/framework/src/Illuminate/Database/Connection.php(540): Illuminate\\Database\\Connection->statement()
#3 /home/user-1/Desktop/My Buuild /gmoproperties/vendor/laravel/framework/src/Illuminate/Database/Query/Processors/Processor.php(32): Illuminate\\Database\\Connection->insert()
#4 /home/user-1/Desktop/My Buuild /gmoproperties/vendor/laravel/framework/src/Illuminate/Database/Query/Builder.php(3549): Illuminate\\Database\\Query\\Processors\\Processor->processInsertGetId()
#5 /home/user-1/Desktop/My Buuild /gmoproperties/vendor/laravel/framework/src/Illuminate/Database/Eloquent/Builder.php(1982): Illuminate\\Database\\Query\\Builder->insertGetId()
#6 /home/user-1/Desktop/My Buuild /gmoproperties/vendor/laravel/framework/src/Illuminate/Database/Eloquent/Model.php(1334): Illuminate\\Database\\Eloquent\\Builder->__call()
#7 /home/user-1/Desktop/My Buuild /gmoproperties/vendor/laravel/framework/src/Illuminate/Database/Eloquent/Model.php(1299): Illuminate\\Database\\Eloquent\\Model->insertAndSetId()
#8 /home/user-1/Desktop/My Buuild /gmoproperties/vendor/laravel/framework/src/Illuminate/Database/Eloquent/Model.php(1138): Illuminate\\Database\\Eloquent\\Model->performInsert()
#9 /home/user-1/Desktop/My Buuild /gmoproperties/vendor/laravel/framework/src/Illuminate/Database/Eloquent/Builder.php(1025): Illuminate\\Database\\Eloquent\\Model->save()
#10 /home/user-1/Desktop/My Buuild /gmoproperties/vendor/laravel/framework/src/Illuminate/Support/helpers.php(320): Illuminate\\Database\\Eloquent\\Builder->Illuminate\\Database\\Eloquent\\{closure}()
#11 /home/user-1/Desktop/My Buuild /gmoproperties/vendor/laravel/framework/src/Illuminate/Database/Eloquent/Builder.php(1026): tap()
#12 /home/user-1/Desktop/My Buuild /gmoproperties/vendor/laravel/framework/src/Illuminate/Database/Eloquent/Builder.php(585): Illuminate\\Database\\Eloquent\\Builder->create()
#13 /home/user-1/Desktop/My Buuild /gmoproperties/vendor/laravel/framework/src/Illuminate/Database/Eloquent/Builder.php(1728): Illuminate\\Database\\Eloquent\\Builder->Illuminate\\Database\\Eloquent\\{closure}()
#14 /home/user-1/Desktop/My Buuild /gmoproperties/vendor/laravel/framework/src/Illuminate/Database/Eloquent/Builder.php(585): Illuminate\\Database\\Eloquent\\Builder->withSavepointIfNeeded()
#15 /home/user-1/Desktop/My Buuild /gmoproperties/vendor/laravel/framework/src/Illuminate/Database/Eloquent/Builder.php(572): Illuminate\\Database\\Eloquent\\Builder->createOrFirst()
#16 /home/user-1/Desktop/My Buuild /gmoproperties/vendor/laravel/framework/src/Illuminate/Support/Traits/ForwardsCalls.php(23): Illuminate\\Database\\Eloquent\\Builder->firstOrCreate()
#17 /home/user-1/Desktop/My Buuild /gmoproperties/vendor/laravel/framework/src/Illuminate/Database/Eloquent/Model.php(2335): Illuminate\\Database\\Eloquent\\Model->forwardCallTo()
#18 /home/user-1/Desktop/My Buuild /gmoproperties/vendor/laravel/framework/src/Illuminate/Database/Eloquent/Model.php(2347): Illuminate\\Database\\Eloquent\\Model->__call()
#19 /home/user-1/Desktop/My Buuild /gmoproperties/database/seeders/TestUsersSeeder.php(86): Illuminate\\Database\\Eloquent\\Model::__callStatic()
#20 /home/user-1/Desktop/My Buuild /gmoproperties/vendor/laravel/framework/src/Illuminate/Container/BoundMethod.php(36): Database\\Seeders\\TestUsersSeeder->run()
#21 /home/user-1/Desktop/My Buuild /gmoproperties/vendor/laravel/framework/src/Illuminate/Container/Util.php(41): Illuminate\\Container\\BoundMethod::Illuminate\\Container\\{closure}()
#22 /home/user-1/Desktop/My Buuild /gmoproperties/vendor/laravel/framework/src/Illuminate/Container/BoundMethod.php(93): Illuminate\\Container\\Util::unwrapIfClosure()
#23 /home/user-1/Desktop/My Buuild /gmoproperties/vendor/laravel/framework/src/Illuminate/Container/BoundMethod.php(37): Illuminate\\Container\\BoundMethod::callBoundMethod()
#24 /home/user-1/Desktop/My Buuild /gmoproperties/vendor/laravel/framework/src/Illuminate/Container/Container.php(662): Illuminate\\Container\\BoundMethod::call()
#25 /home/user-1/Desktop/My Buuild /gmoproperties/vendor/laravel/framework/src/Illuminate/Database/Seeder.php(184): Illuminate\\Container\\Container->call()
#26 /home/user-1/Desktop/My Buuild /gmoproperties/vendor/laravel/framework/src/Illuminate/Database/Seeder.php(193): Illuminate\\Database\\Seeder->Illuminate\\Database\\{closure}()
#27 /home/user-1/Desktop/My Buuild /gmoproperties/vendor/laravel/framework/src/Illuminate/Database/Console/Seeds/SeedCommand.php(70): Illuminate\\Database\\Seeder->__invoke()
#28 /home/user-1/Desktop/My Buuild /gmoproperties/vendor/laravel/framework/src/Illuminate/Database/Eloquent/Concerns/GuardsAttributes.php(155): Illuminate\\Database\\Console\\Seeds\\SeedCommand->Illuminate\\Database\\Console\\Seeds\\{closure}()
#29 /home/user-1/Desktop/My Buuild /gmoproperties/vendor/laravel/framework/src/Illuminate/Database/Console/Seeds/SeedCommand.php(71): Illuminate\\Database\\Eloquent\\Model::unguarded()
#30 /home/user-1/Desktop/My Buuild /gmoproperties/vendor/laravel/framework/src/Illuminate/Container/BoundMethod.php(36): Illuminate\\Database\\Console\\Seeds\\SeedCommand->handle()
#31 /home/user-1/Desktop/My Buuild /gmoproperties/vendor/laravel/framework/src/Illuminate/Container/Util.php(41): Illuminate\\Container\\BoundMethod::Illuminate\\Container\\{closure}()
#32 /home/user-1/Desktop/My Buuild /gmoproperties/vendor/laravel/framework/src/Illuminate/Container/BoundMethod.php(93): Illuminate\\Container\\Util::unwrapIfClosure()
#33 /home/user-1/Desktop/My Buuild /gmoproperties/vendor/laravel/framework/src/Illuminate/Container/BoundMethod.php(37): Illuminate\\Container\\BoundMethod::callBoundMethod()
#34 /home/user-1/Desktop/My Buuild /gmoproperties/vendor/laravel/framework/src/Illuminate/Container/Container.php(662): Illuminate\\Container\\BoundMethod::call()
#35 /home/user-1/Desktop/My Buuild /gmoproperties/vendor/laravel/framework/src/Illuminate/Console/Command.php(211): Illuminate\\Container\\Container->call()
#36 /home/user-1/Desktop/My Buuild /gmoproperties/vendor/symfony/console/Command/Command.php(326): Illuminate\\Console\\Command->execute()
#37 /home/user-1/Desktop/My Buuild /gmoproperties/vendor/laravel/framework/src/Illuminate/Console/Command.php(181): Symfony\\Component\\Console\\Command\\Command->run()
#38 /home/user-1/Desktop/My Buuild /gmoproperties/vendor/symfony/console/Application.php(1106): Illuminate\\Console\\Command->run()
#39 /home/user-1/Desktop/My Buuild /gmoproperties/vendor/symfony/console/Application.php(324): Symfony\\Component\\Console\\Application->doRunCommand()
#40 /home/user-1/Desktop/My Buuild /gmoproperties/vendor/symfony/console/Application.php(175): Symfony\\Component\\Console\\Application->doRun()
#41 /home/user-1/Desktop/My Buuild /gmoproperties/vendor/laravel/framework/src/Illuminate/Foundation/Console/Kernel.php(201): Symfony\\Component\\Console\\Application->run()
#42 /home/user-1/Desktop/My Buuild /gmoproperties/artisan(26): Illuminate\\Foundation\\Console\\Kernel->handle()
#43 {main}

[previous exception] [object] (PDOException(code: 23000): SQLSTATE[23000]: Integrity constraint violation: 19 CHECK constraint failed: property_type at /home/user-1/Desktop/My Buuild /gmoproperties/vendor/laravel/framework/src/Illuminate/Database/Connection.php:587)
[stacktrace]
#0 /home/user-1/Desktop/My Buuild /gmoproperties/vendor/laravel/framework/src/Illuminate/Database/Connection.php(587): PDOStatement->execute()
#1 /home/user-1/Desktop/My Buuild /gmoproperties/vendor/laravel/framework/src/Illuminate/Database/Connection.php(816): Illuminate\\Database\\Connection->Illuminate\\Database\\{closure}()
#2 /home/user-1/Desktop/My Buuild /gmoproperties/vendor/laravel/framework/src/Illuminate/Database/Connection.php(783): Illuminate\\Database\\Connection->runQueryCallback()
#3 /home/user-1/Desktop/My Buuild /gmoproperties/vendor/laravel/framework/src/Illuminate/Database/Connection.php(588): Illuminate\\Database\\Connection->run()
#4 /home/user-1/Desktop/My Buuild /gmoproperties/vendor/laravel/framework/src/Illuminate/Database/Connection.php(540): Illuminate\\Database\\Connection->statement()
#5 /home/user-1/Desktop/My Buuild /gmoproperties/vendor/laravel/framework/src/Illuminate/Database/Query/Processors/Processor.php(32): Illuminate\\Database\\Connection->insert()
#6 /home/user-1/Desktop/My Buuild /gmoproperties/vendor/laravel/framework/src/Illuminate/Database/Query/Builder.php(3549): Illuminate\\Database\\Query\\Processors\\Processor->processInsertGetId()
#7 /home/user-1/Desktop/My Buuild /gmoproperties/vendor/laravel/framework/src/Illuminate/Database/Eloquent/Builder.php(1982): Illuminate\\Database\\Query\\Builder->insertGetId()
#8 /home/user-1/Desktop/My Buuild /gmoproperties/vendor/laravel/framework/src/Illuminate/Database/Eloquent/Model.php(1334): Illuminate\\Database\\Eloquent\\Builder->__call()
#9 /home/user-1/Desktop/My Buuild /gmoproperties/vendor/laravel/framework/src/Illuminate/Database/Eloquent/Model.php(1299): Illuminate\\Database\\Eloquent\\Model->insertAndSetId()
#10 /home/user-1/Desktop/My Buuild /gmoproperties/vendor/laravel/framework/src/Illuminate/Database/Eloquent/Model.php(1138): Illuminate\\Database\\Eloquent\\Model->performInsert()
#11 /home/user-1/Desktop/My Buuild /gmoproperties/vendor/laravel/framework/src/Illuminate/Database/Eloquent/Builder.php(1025): Illuminate\\Database\\Eloquent\\Model->save()
#12 /home/user-1/Desktop/My Buuild /gmoproperties/vendor/laravel/framework/src/Illuminate/Support/helpers.php(320): Illuminate\\Database\\Eloquent\\Builder->Illuminate\\Database\\Eloquent\\{closure}()
#13 /home/user-1/Desktop/My Buuild /gmoproperties/vendor/laravel/framework/src/Illuminate/Database/Eloquent/Builder.php(1026): tap()
#14 /home/user-1/Desktop/My Buuild /gmoproperties/vendor/laravel/framework/src/Illuminate/Database/Eloquent/Builder.php(585): Illuminate\\Database\\Eloquent\\Builder->create()
#15 /home/user-1/Desktop/My Buuild /gmoproperties/vendor/laravel/framework/src/Illuminate/Database/Eloquent/Builder.php(1728): Illuminate\\Database\\Eloquent\\Builder->Illuminate\\Database\\Eloquent\\{closure}()
#16 /home/user-1/Desktop/My Buuild /gmoproperties/vendor/laravel/framework/src/Illuminate/Database/Eloquent/Builder.php(585): Illuminate\\Database\\Eloquent\\Builder->withSavepointIfNeeded()
#17 /home/user-1/Desktop/My Buuild /gmoproperties/vendor/laravel/framework/src/Illuminate/Database/Eloquent/Builder.php(572): Illuminate\\Database\\Eloquent\\Builder->createOrFirst()
#18 /home/user-1/Desktop/My Buuild /gmoproperties/vendor/laravel/framework/src/Illuminate/Support/Traits/ForwardsCalls.php(23): Illuminate\\Database\\Eloquent\\Builder->firstOrCreate()
#19 /home/user-1/Desktop/My Buuild /gmoproperties/vendor/laravel/framework/src/Illuminate/Database/Eloquent/Model.php(2335): Illuminate\\Database\\Eloquent\\Model->forwardCallTo()
#20 /home/user-1/Desktop/My Buuild /gmoproperties/vendor/laravel/framework/src/Illuminate/Database/Eloquent/Model.php(2347): Illuminate\\Database\\Eloquent\\Model->__call()
#21 /home/user-1/Desktop/My Buuild /gmoproperties/database/seeders/TestUsersSeeder.php(86): Illuminate\\Database\\Eloquent\\Model::__callStatic()
#22 /home/user-1/Desktop/My Buuild /gmoproperties/vendor/laravel/framework/src/Illuminate/Container/BoundMethod.php(36): Database\\Seeders\\TestUsersSeeder->run()
#23 /home/user-1/Desktop/My Buuild /gmoproperties/vendor/laravel/framework/src/Illuminate/Container/Util.php(41): Illuminate\\Container\\BoundMethod::Illuminate\\Container\\{closure}()
#24 /home/user-1/Desktop/My Buuild /gmoproperties/vendor/laravel/framework/src/Illuminate/Container/BoundMethod.php(93): Illuminate\\Container\\Util::unwrapIfClosure()
#25 /home/user-1/Desktop/My Buuild /gmoproperties/vendor/laravel/framework/src/Illuminate/Container/BoundMethod.php(37): Illuminate\\Container\\BoundMethod::callBoundMethod()
#26 /home/user-1/Desktop/My Buuild /gmoproperties/vendor/laravel/framework/src/Illuminate/Container/Container.php(662): Illuminate\\Container\\BoundMethod::call()
#27 /home/user-1/Desktop/My Buuild /gmoproperties/vendor/laravel/framework/src/Illuminate/Database/Seeder.php(184): Illuminate\\Container\\Container->call()
#28 /home/user-1/Desktop/My Buuild /gmoproperties/vendor/laravel/framework/src/Illuminate/Database/Seeder.php(193): Illuminate\\Database\\Seeder->Illuminate\\Database\\{closure}()
#29 /home/user-1/Desktop/My Buuild /gmoproperties/vendor/laravel/framework/src/Illuminate/Database/Console/Seeds/SeedCommand.php(70): Illuminate\\Database\\Seeder->__invoke()
#30 /home/user-1/Desktop/My Buuild /gmoproperties/vendor/laravel/framework/src/Illuminate/Database/Eloquent/Concerns/GuardsAttributes.php(155): Illuminate\\Database\\Console\\Seeds\\SeedCommand->Illuminate\\Database\\Console\\Seeds\\{closure}()
#31 /home/user-1/Desktop/My Buuild /gmoproperties/vendor/laravel/framework/src/Illuminate/Database/Console/Seeds/SeedCommand.php(71): Illuminate\\Database\\Eloquent\\Model::unguarded()
#32 /home/user-1/Desktop/My Buuild /gmoproperties/vendor/laravel/framework/src/Illuminate/Container/BoundMethod.php(36): Illuminate\\Database\\Console\\Seeds\\SeedCommand->handle()
#33 /home/user-1/Desktop/My Buuild /gmoproperties/vendor/laravel/framework/src/Illuminate/Container/Util.php(41): Illuminate\\Container\\BoundMethod::Illuminate\\Container\\{closure}()
#34 /home/user-1/Desktop/My Buuild /gmoproperties/vendor/laravel/framework/src/Illuminate/Container/BoundMethod.php(93): Illuminate\\Container\\Util::unwrapIfClosure()
#35 /home/user-1/Desktop/My Buuild /gmoproperties/vendor/laravel/framework/src/Illuminate/Container/BoundMethod.php(37): Illuminate\\Container\\BoundMethod::callBoundMethod()
#36 /home/user-1/Desktop/My Buuild /gmoproperties/vendor/laravel/framework/src/Illuminate/Container/Container.php(662): Illuminate\\Container\\BoundMethod::call()
#37 /home/user-1/Desktop/My Buuild /gmoproperties/vendor/laravel/framework/src/Illuminate/Console/Command.php(211): Illuminate\\Container\\Container->call()
#38 /home/user-1/Desktop/My Buuild /gmoproperties/vendor/symfony/console/Command/Command.php(326): Illuminate\\Console\\Command->execute()
#39 /home/user-1/Desktop/My Buuild /gmoproperties/vendor/laravel/framework/src/Illuminate/Console/Command.php(181): Symfony\\Component\\Console\\Command\\Command->run()
#40 /home/user-1/Desktop/My Buuild /gmoproperties/vendor/symfony/console/Application.php(1106): Illuminate\\Console\\Command->run()
#41 /home/user-1/Desktop/My Buuild /gmoproperties/vendor/symfony/console/Application.php(324): Symfony\\Component\\Console\\Application->doRunCommand()
#42 /home/user-1/Desktop/My Buuild /gmoproperties/vendor/symfony/console/Application.php(175): Symfony\\Component\\Console\\Application->doRun()
#43 /home/user-1/Desktop/My Buuild /gmoproperties/vendor/laravel/framework/src/Illuminate/Foundation/Console/Kernel.php(201): Symfony\\Component\\Console\\Application->run()
#44 /home/user-1/Desktop/My Buuild /gmoproperties/artisan(26): Illuminate\\Foundation\\Console\\Kernel->handle()
#45 {main}
"} 
